:020000040800F2
:1000000070730120C5010008490A0008B503000803
:10001000450A00085B0300088D0D00080000000081
:10002000000000000000000000000000470C000875
:100030009903000800000000150C0008490C000896
:10004000DF010008DF010008DF010008DF01000810
:10005000DF010008DF010008DF010008DF01000800
:10006000DF010008DF010008DF010008DF010008F0
:10007000DF010008DF010008DF010008DF010008E0
:10008000DF010008DF010008DF010008DF010008D0
:10009000DF010008DF010008DF010008DF010008C0
:1000A000DF010008DF010008DF010008DF010008B0
:1000B000DF010008290D0008DF010008DF0100084A
:1000C000DF010008DF010008DF010008DF01000890
:1000D000DF010008DF010008DF010008DF01000880
:1000E000DF010008DF010008510D0008DF010008F2
:1000F000DF010008DF010008DF010008DF01000860
:10010000DF010008DF010008DF010008DF0100084F
:10011000DF010008DF010008DF010008DF0100083F
:1001200079030008DF010008DF010008DF01000893
:10013000DF010008DF010008DF010008DF0100081F
:10014000DF010008DF010008DF010008390D0008A9
:10015000DF010008DF010008DF010008DF010008FF
:10016000DF010008DF010008DF010008DF010008EF
:10017000DF010008DF010008DF01000800000000C7
:10018000DF010008DF010008DF010008DF010008CF
:10019000DF010008DF010008DF01000800000000A7
:1001A000DF010008DF010008DF010008DFF810D0E0
:1001B00000F03EF80048004731250008AFF300800A
:1001C000707301200648804706480047FEE7FEE7B7
:1001D000FEE7FEE7FEE7FEE7FEE7FEE7FEE7FEE7F7
:1001E000550C0008AD01000840EA01039B0703D04D
:1001F00009E008C9121F08C0042AFAD203E011F866
:10020000013B00F8013B521EF9D27047D2B201E027
:1002100000F8012B491EFBD270470022F6E710B50B
:1002200013460A4604461946FFF7F0FF204610BD64
:10023000064C074D06E0E06840F0010394E8070033
:1002400098471034AC42F6D3FFF7B4FF7C1801088E
:100250009C18010870B58C1810F8015B15F00703A5
:1002600001D110F8013B2A1106D110F8012B03E04F
:1002700010F8016B01F8016B5B1EF9D12B0705D457
:100280000023521E0DD401F8013BFAE710F8013BA0
:10029000CB1A921C03E013F8015B01F8015B521EBC
:1002A000F9D5A142D8D3002070BD38B5054600224B
:1002B000032400200090A54200DA38BD281B5E21EF
:1002C000484300EB80004000C4F14101B0FBF1F075
:1002D000401D0A21B0FBF1F0C2B21F2A08DA00204B
:1002E0008DF800008DF801201F208DF8020030E00D
:1002F0003E2A14DA1F2092FBF0F100FB1120C0B25D
:100300008DF800001F208DF8010092FBF0F100FB3A
:100310001120C0F11F00C0B28DF8020019E05D2A63
:100320000FDA1F208DF8000092FBF0F100FB112086
:10033000C0F11F00C0B28DF8010000208DF802004E
:1003400007E01F208DF8000000208DF801008DF8D7
:100350000200009800F05FFCAFE700BFFEE710B5B9
:1003600002460023002003E0145C1C44A3B2401C9E
:100370008842F9DB184610BD10B52022002105483F
:1003800001F0A5FC20B120220021024801F080FCF0
:1003900010BD0000006402407047000001460A29B9
:1003A00003DA034830F8110070470020FCE7000032
:1003B000C86A012000BFFEE770B504461B484388A9
:1003C00002880021084600F0CDF900BF80211848BE
:1003D00002F01AFE0128F9D04FF48061154801F0AF
:1003E0007AFE00251EE0002617E000BF022110481B
:1003F00002F00AFE0028F9D0210A0D4802F0ACFDF7
:1004000000BF02210A4802F0FFFD0028F9D0214672
:10041000074802F0A1FD701C86B2B6F58C7FE4DBC4
:10042000681C85B2F02DDEDB70BD00001E000020D0
:10043000003401400010024070B504460D461646D7
:100440002B4622462946204600F08CF9304600F023
:1004500003F970BD10B5044600F0CEF8204600F058
:1004600059F900F001F810BD10B5362000F0D0F8B1
:10047000002000F02BF93A2000F0CAF8652000F0C7
:1004800025F9B22000F0C4F80B2000F01FF90B2072
:1004900000F01CF9002000F019F9332000F016F9E3
:1004A000352000F013F9B72000F0B2F8112000F069
:1004B0000DF9BB2000F0ACF8352000F007F9C020A2
:1004C00000F0A6F82C2000F001F9C22000F0A0F8FE
:1004D000012000F0FBF8C32000F09AF80D2000F096
:1004E000F5F8C42000F094F8202000F0EFF8C620C2
:1004F00000F08EF8132000F0E9F8D02000F088F822
:10050000A42000F0E3F8A12000F0E0F8D62000F0ED
:100510007FF8A12000F0DAF8E02000F079F8F02070
:1005200000F0D4F8062000F0D1F80B2000F0CEF84F
:100530000A2000F0CBF8092000F0C8F8262000F0CF
:10054000C5F8292000F0C2F8332000F0BFF84120A0
:1005500000F0BCF8182000F0B9F8162000F0B6F84A
:10056000152000F0B3F8292000F0B0F82D2000F09D
:10057000ADF8E12000F04CF8F02000F0A7F80420DE
:1005800000F0A4F8082000F0A1F8082000F09EF880
:10059000072000F09BF8032000F098F8282000F0D6
:1005A00095F8322000F092F8402000F08FF83B20C0
:1005B00000F08CF8192000F089F8182000F086F877
:1005C0002A2000F083F82E2000F080F8E42000F0CC
:1005D0001FF8252000F07AF8002000F077F80020BE
:1005E00000F074F8212000F013F8112000F010F84A
:1005F000292000F00DF810BD10B5642001F0E4F9D9
:10060000642001F0E1F9642001F0DEF910BD000082
:1006100010B5044600BF80210D4802F0F5FC01280A
:10062000F9D04FF480610B4801F053FD4FF40061A5
:10063000084801F04EFD00BF0221054802F0E4FC2D
:100640000028F9D02146024802F086FC10BD0000C7
:10065000003401400010024010B5044600BF802164
:10066000184802F0D1FC0128F9D04FF480611648F7
:1006700001F031FD4FF40061134801F02AFD00BF85
:100680000221104802F0C0FC0028F9D0210A0D48D0
:1006900002F062FC00BF02210A4802F0B5FC00280B
:1006A000F9D0E1B2074802F057FC00BF80210548AD
:1006B00002F0AAFC0128F9D04FF40061024801F0D1
:1006C0000AFD10BD003401400010024010B5044680
:1006D00000BF80210D4802F097FC0128F9D04FF4AB
:1006E00080610B4801F0F7FC4FF40061084801F00D
:1006F000F0FC00BF0221054802F086FC0028F9D07A
:100700002146024802F028FC10BD000000340140E0
:100710000010024070B504461148047100253CB930
:10072000F0200F4948804FF48C700880702506E057
:100730004FF48C700A494880F0200880002536204C
:10074000FFF766FF00BF00BF00BF00BF00BF00BFD4
:100750002846FFF7BBFF00BF00BF00BF00BF70BD52
:100760001E0000202DE9F04104460D4616461F46A6
:100770002F48007901282BD12A20FFF749FF2012AA
:10078000FFF7A4FFE0B2FFF7A1FF711EC1F307203E
:10079000FFF79CFF711EC8B2FFF798FF2B20FFF7F1
:1007A00037FF05F11400C0F30720FFF78FFF05F1B5
:1007B0001401C8B2FFF78AFF07F11301C1F3072044
:1007C000FFF784FF07F11301C8B2FFF77FFF2AE0AC
:1007D0002A20FFF71DFF04F11400C0F30720FFF7E4
:1007E00075FF04F11401C8B2FFF770FF06F11301A1
:1007F000C1F30720FFF76AFF06F11301C8B2FFF744
:1008000065FF2B20FFF704FF2812FFF75FFFE8B218
:10081000FFF75CFF791EC1F30720FFF757FF791E32
:10082000C8B2FFF753FF2C20FFF7F2FEBDE8F081BE
:100830001E0000202DE9F047814600250027A8462C
:10084000002600244248007800283CD14FF48273EF
:10085000E42214210C20FFF785FF00203C4908709A
:100860002CE0002723E000251DE005EB8501384A38
:10087000127802EB011119F80100FFF716FD80460E
:100880004FEA182008F0FF0140EA0126314820F81D
:1008900014600146601C21F81060A01C21F8106053
:1008A000E41C681CC5B2482DDFDB781CC7B2032FDF
:1008B000D9DB27480078401C254908702448007877
:1008C0002828CEDB37E02820214908702CE00027BB
:1008D00023E000251DE005EB85011D4A127802EB9F
:1008E000011119F80100FFF7E0FC80464FEA1820DB
:1008F00008F0FF0140EA0126164820F8146001467E
:10090000601C21F81060A01C21F81060E41C681C19
:10091000C5B2482DDFDB781CC7B2032FD9DB0C48EA
:100920000078401C0A490870094800785028CEDB3E
:100930000020074908704FF48061074801F0CBFBA5
:100940004CF68021034802F081FABDE8F0870000F0
:100950002400002030A000200010024010B540F616
:10096000044002F077F94FF4806300220121084827
:1009700001F00AFC4FF4806302220021044801F0D8
:100980002AFC4FF44061024801F0A5FB10BD0000B5
:1009900000100240F8B50326032706EBC601C90084
:1009A000C1F1F00000EBD071C1F34F0407EB8701F8
:1009B0000901C1F58C7000EBD071C1F34F0500F057
:1009C00038F9FFF7CBFF0120FFF744FD1A4800F08C
:1009D000A3F81A4800F0A6F84FF6FF7300224FF470
:1009E0008C71F02000F080F80020FFF7E5FC4FF458
:1009F0008C705F23002248210090114800F03AF8E3
:100A00004FF4FA6000F0E0FF0020FFF7D5FC502023
:100A100010FB075083B2482010FB064082B22946E3
:100A20002046FFF79FFE002002E000BF411C88B275
:100A30006428FADBF8BD0000B90300083904000897
:100A4000E245000800BFFEE77047000010B500282F
:100A500007DA0A07140E054A00F00F031B1FD454CF
:100A600003E00A07130E024A135410BD18ED00E00C
:100A700000E400E02DE9F0470746884691461E460F
:100A8000DDF820A0002528E0002423E008EB040086
:100A90001449098988421CDA09EB05001149498982
:100AA000884216DA05FB06F307EB430313F814C07C
:100AB00005FB06F307EB430303EB44035B784CEAC7
:100AC000032209EB050399B208EB040398B200F086
:100AD0002FF8641CB442D9DB6D1C5545D4DBBDE84E
:100AE000F0870000B06A012030B50A4C2081618196
:100AF000A3816082A182E2810024064D2C820AB18A
:100B0000B42A03D1034CA080E18002E0014CA18013
:100B1000E08030BDB06A01200149086070470000E4
:100B20002C000020014908607047000028000020C8
:100B30002DE9F04106460F46904634488088B04281
:100B400003DB3248C088B84201DABDE8F0812F48A3
:100B5000C08938B15A2808D0B4280DD0B0F5877FA5
:100B60001CD114E034463D4619E028480089C01BDA
:100B7000401E84B2354612E024480089801B401E86
:100B800084B222484089C01B401E85B207E03C4623
:100B90001E484089801B401E85B200E0D5E700BF9B
:100BA0001A48008A30B1012805D0022809D003284C
:100BB00018D10CE017E015480089001B401E84B2D4
:100BC00011E012484089401B401E85B20BE00F48DF
:100BD0000089001B401E84B20C484089401B401E07
:100BE00085B200E0B1E700BF08480089A04203DBFE
:100BF00006484089A84200DAA7E74246294620462F
:100C0000034B1B68984700BF9FE70000B06A0120B4
:100C100028000020704701B500209DF802009DF8D3
:100C2000011040EA41109DF8001040EAC12188B24D
:100C300008BD10B501F0B6FF01F050FA02F036F928
:100C400000F01CFF10BD704710B500F0C7FE00F0AB
:100C500079FE10BD08B53048006840F470002E4998
:100C600008602E48006840F001002C49086000BF71
:100C70002A48006800F002000028F9D000BF274889
:100C80000830006840F080002449083108600020E6
:100C9000009002E00098401C009000985028F9D382
:100CA0001E480830006840F090001C490831086078
:100CB0000020009002E00098401C0090009850280E
:100CC000F9D300BF15480830006820F0030013492D
:100CD0000831086011480068114908400F49086050
:100CE0000846006820F48020086000200B49083185
:100CF000086000BF09480830006800200028F9D1CA
:100D000008480649091D0860002004490C310860A4
:100D100002F022FA08BD000088ED00E00038024031
:100D2000FFFFF6FE1030002410B500F001F810BDF2
:100D300010B502F06BFD10BD10B500F001F810BD4C
:100D400010B5024803F043FB10BD0000DC6A01202F
:100D500010B500F001F810BD10B50B48C07970B1A6
:100D600001F0CEFF002001F0ABFF002001F07CFE7F
:100D700040F6075001F06EFF034802F007FB4FF406
:100D8000802001F06BF910BDDC6A012000BFFEE796
:100D900002E008C8121F08C1002AFAD17047704744
:100DA000002001E001C1121F002AFBD17047034659
:100DB000D3F82804806880781080D3F828048068ED
:100DC000704710B50346D3F8280440688478D3F8F8
:100DD00028044068C07844EA00201080D3F8280432
:100DE000406810BD0346D3F82804006800781080DE
:100DF000D3F828040068704770B504460D460026F5
:100E0000287800F0030020B1012813D0022829D14E
:100E100011E0CE20005D022803D0CE20005D032823
:100E200007D16888012804D1002184F81A14002011
:100E300070BD18E017E02E79CE20005D032810D198
:100E4000688860B95EB1802E09D03146204603F033
:100E500030F8D4F82C042946C26820469047002078
:100E6000E6E700E000BF00BF0120E1E710B5024661
:100E70000C46012002F1D001CE239B5C022B02D054
:100E8000032B0AD104E092F8CC3003B9002005E02E
:100E900092F8CC3003B1002000E000BF00BF20B9C1
:100EA00002F1CC038B6001234B6110BD2DE9F047AB
:100EB00006460D460027B8464FF0010906F1D0045A
:100EC000287800F0030020B101284ED0022855D127
:100ED00053E06888070A95F80280042F37D006DCB3
:100EE000012F0BD0022F19D0032F3BD121E0052F6A
:100EF0002ED0082F2DD00F2F34D12BE0781E2F4964
:100F000051F8203004F11402414630469847A06061
:100F1000E888402801D10820606124E0781E274934
:100F200051F8203004F11402414630469847A06041
:100F300019E0B8F10A0F09DA781E204951F820307B
:100F400004F11402414630469847A0600BE000BF10
:100F500009E008E004F1140241463046FFF727FF9C
:100F6000A06000E000BF00BF09E0D6F82C042946CD
:100F7000C26830469047814601E000E000BF00BFF4
:100F80006069C0B1E888B0B1E988606988420ED272
:100F9000A188606988420CD3A1886069B0FBF1F236
:100FA00001FB120028B9012186F8251401E0E88828
:100FB00060614FF000094846BDE8F087E401002079
:100FC0000246CE20805C012804D0022803D00328EA
:100FD00010D101E00FE00EE00879012809DC02F1F0
:100FE000D003D2F82C04401C9860012058610020E6
:100FF000704700E000BF00BF0120F9E770B502466E
:101000000B461979012002F1D0041D7805F0030583
:1010100025B1012D23D0022D48D128E0CE25AD5C8D
:10102000022D03D0CE25AD5C032D17D192F81854B4
:101030001DB10125214E357002E000251F4E35708F
:1010400092F81A5435B11D4D2D7845F002051B4E0E
:10105000357002E00025194E3570002027E0CE25BE
:10106000AD5C032D02D1012900DC00201FE0CE255C
:10107000AD5C032D19D101F08005802D0BD101F05D
:101080007F05C5EBC50602F1D00505EB8605AD78F9
:101090000A4E357008E0C1EBC10602F51D7505EB7F
:1010A0008605AD78054E3570002000E000BF00BF1A
:1010B00018B9024DA5600225656170BDF0010020E0
:1010C00002460120704710B50246888838BBC888A0
:1010D00028BB887800F07F03CD208354CE20805C2D
:1010E00003281CD0CD23985C00BF53691B6823F4F0
:1010F000FE6453691C6053691B6843EA001453691A
:101100001C6000BF00BFCD20805C18B10223CE2040
:10111000835402E00123CE208354002010BD01201F
:10112000FCE7000070B504460D460126A878294961
:1011300008700846007801284ADCCE20005D0128AE
:1011400043D0022802D0032840D112E02148007881
:1011500068B1D4F82C0442681E48017820469047B4
:101160001C48007884F8CC000321CE2001550026CD
:101170002DE01848007870B9D4F82C04826815481E
:101180000178204690471348007884F8CC0002216B
:10119000CE20015517E094F8CC000E49097888421A
:1011A00011D0D4F82C0482680A4801782046904770
:1011B0000848007884F8CC00D4F82C04426805482C
:1011C000017820469047002601E000E000BF00BF04
:1011D000304670BDF201002002460020704770B515
:1011E00004460D460026287800F0030020B10128AF
:1011F00013D0022823D111E0CE20005D022803D0B5
:10120000CE20005D032807D16888012802D1012182
:1012100084F81A14002070BD12E011E02E79CE205F
:10122000005D03280AD1688830B92EB1802E03D022
:101230003146204602F020FE0020ECE700E000BF2F
:1012400000BF0120E7E770B504460D46CE20005DE3
:10125000012804D0022803D0032812D101E011E0B4
:1012600010E0287901280BDCD4F82C04006928B19F
:10127000D4F82C042946026920469047002070BD0E
:1012800000E000BF00BF0120F9E7024600207047E0
:1012900010B50346D3F82844E46854F821000478D4
:1012A000148010BD816841F00801816000BF816831
:1012B00001F008010029FAD1816841F00401816040
:1012C00000BF816801F004010029FAD1704730B5F0
:1012D000012902D0022920D10FE06AB1102A0BD8CF
:1012E000C36A23F47003C362C36A541E4FF47005CB
:1012F00005EA04542343C36210E06AB1042A0BD800
:10130000836B23F440138363836B541E4FF44015A7
:1013100005EA04542343836300E000BF00BF30BDEF
:101320000649096821F4E021054AC2F80413114670
:10133000D1F804130143C2F8041370470423014099
:101340000020014010B5002000F064F901220221C4
:10135000364800F031F901221102344800F02CF92E
:101360000021324800F064F80A2201212F48FFF7DB
:10137000AEFF01231A4600212C4800F0B5F80123E6
:1013800002221946294800F0AFF801230322022166
:10139000264800F0A9F8012304220321234800F085
:1013A000A3F8012305220421204800F09DF8012321
:1013B000062205211D4800F097F801230722062187
:1013C0001A4800F091F801230E220721174800F077
:1013D0008BF801230F220821144800F085F801231F
:1013E00008220921114800F07FF8002201210F484E
:1013F00000F056F8002201210C4800F037F80B48A5
:1014000000F026F8094800F01EF8084800F025F81A
:10141000642000F0D9FA0548FFF744FF642000F08B
:10142000D3FA0121014800F0B5F810BD00200140B9
:1014300021B1826842F40062826003E0826822F493
:10144000006282607047816841F4807181607047FA
:10145000816841F4007181607047816801F0010189
:1014600019B9816841F0010181607047012902D0FA
:10147000022912D108E0836823F040538360836817
:1014800043EA0273836009E0836823F440138360B6
:10149000836843EA0253836000E000BF00BF7047E7
:1014A000012902D0022910D107E0836823F070637C
:1014B000836083681343836008E0836823F47023A8
:1014C000836083681343836000E000BF00BF704700
:1014D00010B501F081FB01F043FE00F03BFE00F08F
:1014E0000DFBFFF72FFF10BDF0B51D4606290CDAE6
:1014F000436B01EB81071F26BE40B34301EB81061E
:1015000002FA06F63343436322E00C290EDA036B3A
:101510008E1F06EB86071F26BE40B3438E1F06EBC9
:10152000860602FA06F63343036311E010290FDA48
:10153000C36AA1F10C0606EB86071F26BE40B34323
:10154000A1F10C0606EB860602FA06F63343C362E7
:101550000A2A0CDA046902EB42070726BE40B443AC
:1015600002EB420605FA06F63443046111E0122A42
:101570000FDCC468A2F10A0606EB46070726BE4048
:10158000B443A2F10A0606EB460605FA06F6344312
:10159000C460F0BD012902D002290AD104E08268AA
:1015A00042F08042826005E0826842F480028260FC
:1015B00000E000BF00BF7047AAB101F480731BB107
:1015C000436843F48073436001F480631BB1436854
:1015D00043F48063436001F00203CBB1836843F0BE
:1015E0000203836014E001F480731BB1436823F4A9
:1015F0008073436001F480631BB1436823F480630C
:10160000436001F002031BB1836823F0020383608F
:10161000704700000649096821F01F01054AC2F819
:1016200004131146D1F804130143C2F804137047A0
:1016300004230140002001402DE9F05F07460C46DD
:10164000904600250026A946AA46AB462046E2174A
:1016500004EB5272D210A4EBC202204B9A5C2146DA
:10166000E31704EB5373DB1002EBC30202F0FF0A33
:10167000B8F1000F03D0B8F1020F08D104E00AEB73
:101680008A0007EB401B03E007F5345B00E000BF76
:1016900000BF00261DE0304601F080FB4FF41670BD
:1016A00000BF00BF011EA0F10100FBD100BF00255B
:1016B0000BE02846FEF772FE81460948405D06EBC6
:1016C000C0002BF81090681CC5B20A2DF1DB701C0D
:1016D000C6B2082EDFDBBDE8F09F00003C00002012
:1016E00032000020FEB504460D4600200090019017
:1016F000029005EB850004EB4010009004F5345097
:10170000019000F0B1FC064647F22110025D05EBA6
:10171000850042F6A053234403EB4011334668464C
:1017200000F0FCFF47F221131A5D05EB850345F637
:10173000A026264406EB031105EB850342F6A056CE
:10174000264406EB4310002300F0ACFFFEBD02462A
:10175000D2F83014D2F82C044078FF281ED091F82B
:1017600040304120405C43EA00234220405C43EA91
:1017700000434320405C43EA006008654420435C2A
:10178000542043544520435C552043544620435C39
:1017900056204354FF23D2F82C0443700020704796
:1017A00070B504460D468121204602F0D6FA032189
:1017B000204602F0D2FA8221204602F0CEFA002022
:1017C00070BD2DE9F04104460E4606F07F00C0EBE7
:1017D000C00104F1D00000EB8105D4F83074A98871
:1017E000E868B0FBF1F201FB120040B9E86830B1E3
:1017F00000231A463146204602F0E7FA02E00120B3
:1018000087F848000020BDE8F08100007CB5044660
:101810000D461449204602F0F7FA1249C91F204626
:1018200002F0F2FA0F491739204602F0EDFA0120D2
:101830000D4981F8490081F848000020C8640B492F
:1018400003C9CDE900010848503000990160BDF896
:10185000041081809DF8061081710349C4F830148A
:1018600000207CBD52160108186F01207418010871
:1018700010B50246D2F83034012083F84900C1EB9C
:10188000C10402F51D7000EB84000069D8640020DB
:1018900010BD30B502460B46D2F8301400245878FB
:1018A000042815D007DC78B101280ED002280DD00D
:1018B000032842D10BE020280BD0212815D0222864
:1018C00039D0232839D137E038E037E036E035E049
:1018D00034E002F51D745D78D2F82C044570D88888
:1018E000606101F14000A06028E002F1D0044031C5
:1018F000087C0870088A4039C0F307254120455408
:10190000086DC0F3074542204554086D050E43207D
:1019100045545420455C442045545520455C4520A1
:1019200045545620455C4620455401F14000A060D6
:101930000720606102E001E000E000BF00BF00207E
:1019400030BD000010B51A48007801280DD12022C2
:101950000321184800F076F938B1202203211548F8
:1019600000F051F90020124908701348007801284E
:101970001CD120220421114800F064F9B0B10221E9
:101980000F4801F041FB88B180210D4801F03CFB7C
:1019900060B90020084908704FF40061094800F060
:1019A0009AFB20220421054800F02DF910BD00000B
:1019B0001C000020006002401D0000200064024066
:1019C00000340140001002400349086000BF024992
:1019D00009680029FBD17047140000200448006802
:1019E00020B103480068401E0149086070470000AC
:1019F0001400002010B501EB4102D30000F11002E9
:101A0000D25822F0010301EB4102D40000F1100290
:101A1000135110BD10B501EB4102D30000F11002CB
:101A2000D25842F0010301EB4102D40000F1100250
:101A3000135110BD30B5134601EB4104E50000F130
:101A40001004625922F0606242EA436201EB4104F1
:101A5000E50000F11004625130BD10B501EB410208
:101A6000D30000F11002D25842F4807301EB41021E
:101A7000D40000F11002135110BD000000B589B070
:101A800003211A4800F06CF81948009000200690D5
:101A900004904FF440300890012001900020039002
:101AA000012005906A460321104800F023FA002225
:101AB00003210E48FFF7BEFF01210D480C3801F04D
:101AC0003BFA04210B4800F04BF80B4800904020F3
:101AD00006906A460421074800F00CFA052204210A
:101AE0000448FFF7A7FF09B000BD000000600240F6
:101AF0000C380040006402400C34014000B589B04D
:101B00000021144800F02CF81348009001200190A7
:101B100012480290002003904FF4006004900020CF
:101B200006900A2007904FF4003008906A46002182
:101B3000084800F0DFF9002211460648FFF77AFF57
:101B400000210448FFF789FF00210248FFF762FFE8
:101B500009B000BD006402404C200140C86A012069
:101B600010B501EB4102D30000F11002D25822F06F
:101B7000010301EB4102D40000F1100213510023D4
:101B800001EB4102D40000F11002135101EB4102BC
:101B9000D40000F11402135101EB4102D40000F112
:101BA0001802135101EB4102D40000F11C02135141
:101BB00001EB4102D40000F120021351212301EB7B
:101BC0004102D40000F12402135104290CDA01EB84
:101BD00041025300C1F3400203EB82033D229A40CD
:101BE00083681A4382600DE00A1FD1B201EB410203
:101BF0005300C1F3400203EB82033D229A40C368C5
:101C00001A43C26010BD10B504290CDA01EB410380
:101C10005C00C1F3400304EB830302FA03F384681E
:101C2000234383600DE00B1FD9B201EB41035C003D
:101C3000C1F3400304EB830302FA03F3C4682343B4
:101C4000C36010BD10B5034604290FDA01EB410053
:101C50004400C1F3400004EB800402FA04F01C6865
:101C6000204008B1012010BD0020FCE7081FC1B2D0
:101C700001EB41004400C1F3400004EB800402FA90
:101C800004F05C68204008B10120ECE70020EAE79E
:101C900010B504290CDA01EB41035C00C1F34003E9
:101CA00004EB830302FA03F38468234383600DE0AB
:101CB0000B1FD9B201EB41035C00C1F3400304EBFD
:101CC000830302FA03F3C4682343C36010BDF0B575
:101CD0000346002500260C46042979DA082A34D068
:101CE00004DC012A07D0042A70D119E0102A41D05F
:101CF000202A6BD153E001EB41004700C1F34000C3
:101D000007EB800702FA07F01F6800EA070601EBFD
:101D10004100C70003F12400C05900F0800556E0DF
:101D200001EB41004700C1F3400007EB800702FAD6
:101D300007F01F6800EA070601EB4100C70003F146
:101D40001000C05900F0020541E001EB41004700DE
:101D5000C1F3400007EB800702FA07F01F6800EAB2
:101D6000070601EB4100C70003F11000C05900F065
:101D700004052CE001EB41004700C1F3400007EBF4
:101D8000800702FA07F01F6800EA070601EB41002E
:101D9000C70003F11000C05900F0080517E001EB7F
:101DA00041004700C1F3400007EB800702FA07F04B
:101DB0001F6800EA070601EB4100C70003F11000AD
:101DC000C05900F0100502E002E0FFE700BF7AE032
:101DD000201FC4B2082A34D004DC012A07D0042A08
:101DE0006FD119E0102A41D0202A6AD153E004EBC8
:101DF00044004700C4F3400007EB800702FA07F0F5
:101E00005F6800EA070601EB4100C70003F1240008
:101E1000C05900F0800555E004EB44004700C4F3CE
:101E2000400007EB800702FA07F05F6800EA070648
:101E300001EB4100C70003F11000C05900F002059A
:101E400040E004EB44004700C4F3400007EB800788
:101E500002FA07F05F6800EA070601EB4100C700DD
:101E600003F11000C05900F004052BE004EB44001E
:101E70004700C4F3400007EB800702FA07F05F68F1
:101E800000EA070601EB4100C70003F11000C0594A
:101E900000F0080516E004EB44004700C4F34000DE
:101EA00007EB800702FA07F05F6800EA070601EB1C
:101EB0004100C70003F11000C05900F0100501E017
:101EC000FFE700BF00BF16B10DB10120F0BD00203B
:101ED000FCE730B532B101EB4104E50000F120042C
:101EE000635105E001EB4104E50000F11C0463517E
:101EF00030BD000070B501EB4104E50000F12404A1
:101F0000645924F0040501EB4104E60000F12404C7
:101F1000A55101EB4104E60000F118041568A55134
:101F200001EB4104E60000F11C049568A55101EBAA
:101F30004104E60000F11404D569A55101EB410408
:101F4000E50000F1100463593F4C2340146944EA52
:101F50008404156A2C4395692C43234301EB410407
:101F6000E50000F110046351546874B901EB4104B9
:101F7000E50000F11004645944F4007501EB4104DC
:101F8000E60000F11004A5511FE05468012C0ED1A9
:101F900001EB4104E50000F11004645924F40075DC
:101FA00001EB4104E60000F11004A5510DE001EB46
:101FB0004104E50000F11004645944F4004501EBCC
:101FC0004104E60000F11004A551D46874B901EB96
:101FD0004104E50000F11004645944F4806501EB0C
:101FE0004104E60000F11004A5510DE001EB4104AD
:101FF000E50000F11004645924F4806501EB41040C
:10200000E60000F11004A551546974B901EB4104D4
:10201000E50000F11004645944F4807501EB4104BB
:10202000E60000F11004A5510DE001EB4104E500CC
:1020300000F11004645924F4807501EB4104E600BA
:1020400000F11004A55170BD3F87FCFF10B501EBF6
:102050004103DC0000F114031A5110BD014908606E
:1020600070470000143C01400148007870470000B0
:1020700031000020F0B503461C6A5D6A00200DE0C7
:102080000126864016403EB187000F26BE40B4436D
:10209000860001FA06F63443461CB0B20828EFD396
:1020A000082011E00126864016405EB1A0F1080626
:1020B000B7000F26BE40B543A0F10806B60001FAEE
:1020C00006F63543461CB0B21028EBD31C625D62A5
:1020D000F0BD8162704781617047000010B54FF418
:1020E000704205211948FFF7C5FF4FF470430022E5
:1020F0000221164800F048F84FF4704302220021F4
:10210000124800F068F84FF4E04205211048FFF74C
:10211000B1FF4FF4E043002202210D4800F034F8F3
:102120004FF4E04302220021094800F054F84FF434
:10213000006300220121064800F026F84FF40063F6
:1021400002220021024800F046F810BD00040240BF
:102150000010024010B5FE2300220321074800F0C2
:1021600013F8012300220321054800F00DF8302365
:1021700000220321034800F007F810BD00000240D0
:102180000004024000080240F0B504460D46164621
:102190002168E268002019E0012787401F409FB1B5
:1021A0004FEA400C032707FA0CF7B943470005FA3A
:1021B00007F739434FEA400C032707FA0CF7BA43F5
:1021C000470006FA07F73A43471CB8B21028E3D392
:1021D0002160E260F0BDF0B50C461546012C03D13C
:1021E00046681E43466002E046689E434660826839
:1021F00000210DE001268E401E403EB14F00032617
:10220000BE40B2434E0005FA06F632434E1CB1B250
:102210001029EFD38260F0BD70B505460C46074823
:102220000560204600F00EF800BF04480068002852
:10223000FBD1034800F0C1FF70BD00005C0000202E
:10224000000400401FB50446022000F019FC1D499F
:10225000B0FBF1F040000C21B0FBF1F0401E1A4938
:1022600008801A4800F0A9FF0121184800F0FCFF7F
:10227000022C02D10B20029004E0012C02D142F684
:10228000DF60029010480088ADF800000020ADF833
:102290000200ADF80400ADF806008DF80C006946A8
:1022A0000A4800F095FF0121084800F0E5FF0748C3
:1022B00000F07EFF0121054800F0DAFF034800F03E
:1022C00081FF1FBD40420F0060000020000400405D
:1022D00010B5044640F6014000F0BCFCF02300229B
:1022E00001210948FFF750FFE023022200210648A0
:1022F000FFF771FF05480470012000F07DF8102100
:102300000148FFF7E8FE10BD000402403100002044
:1023100070B504460025354890F90000844200D18C
:1023200070BD482C00DBFBE7002C03DA012000F035
:1023300063F8F5E72E48007810B1012804D101E0D8
:10234000012502E0002500E000BF00BF274890F90A
:102350000000844202DA002000F04EF8234890F991
:102360000000002817DA25B920212248FFF7B3FE24
:1023700003E020211F48FFF7ACFE80211D48FFF736
:10238000AAFE80211B48FFF7A4FE18480078401CD5
:1023900040B21649087025B120211648FFF79BFE70
:1023A00003E020211348FFF794FE0DE0802111483F
:1023B000FFF791FE80210F48FFF78BFE0B48007856
:1023C000401C40B209490870084890F90000A0423A
:1023D000ECDB40210748FFF77EFE40210548FFF770
:1023E00078FE482C00DB002400BF99E73000002075
:1023F000310000200004024010B50446194800785E
:1024000010B101280AD104E020211748FFF763FE2C
:1024100005E020211448FFF75CFE00E000BF00BF8C
:102420000DE080211048FFF756FE80210E48FFF78F
:1024300050FE0E480078401C40B20C4908700B4812
:1024400090F900004828ECDBFF20084908703CB1F7
:1024500040210548FFF73FFE40210348FFF739FEC2
:1024600010BD0000310000200004024030000020B8
:1024700070B5054600241348007810B1012804D136
:1024800001E0002402E0012400E000BF00BF284674
:10249000FFF73EFF002D0ADA24B110210A48FFF7AA
:1024A0001AFE0EE010210848FFF713FE09E024B9D8
:1024B00010210548FFF70FFE03E010210248FFF747
:1024C00008FE70BD310000200004024030B50B460C
:1024D000002116E00A24B4EB107F05D9302404EB68
:1024E000107403F8114005E0412404EB10740A3C19
:1024F00003F81140000100254C00641C1D554C1CC4
:10250000E1B29142E6DB30BD10B540F6024000F08A
:10251000A1FB4023002201210448FFF735FE4023A0
:10252000022200210148FFF756FE10BD00080240BC
:1025300008B500240020009000F012FEFFF7E4FF31
:102540000020FFF7C5FE00F0F7FBFEF7C1FFFEF726
:1025500021FA684601F0C4F84FF4C870FFF734FA66
:102560005021464880F82111482180F82011002090
:10257000FFF77EFF80E042480068401C4049086049
:10258000084600684FF4FA71B0FBF1F201FB12004B
:1025900058B984F0010424B140213A48FFF79BFD6B
:1025A00003E040213748FFF794FD00BF0022364882
:1025B00001783648FFF740F84FF0FF30FFF758FF3B
:1025C0003148007840B92D4890F82001401EC1B232
:1025D0002E48FFF787F806E02B480078401EC1B26E
:1025E0002A48FFF77FF80222274801782748FFF79B
:1025F00023F825480078401C2349087008460078D5
:10260000482801D1002008701F48007840B2FFF729
:102610002FFF1D48007860BB1D48007800F0BEFB0E
:1026200045F6A5201B4908800120887041F286608C
:10263000A1F80300012048714FF4B452164915481F
:10264000801DFDF7D1FD41F286611248FDF787FE3E
:102650001249A1F8860641F288620E49009801F0FD
:1026600097F80F48007838B90A48801DFEF7E2F85D
:1026700002E00120FFF7A8F97DE70000FC9E0020A2
:10268000000000200008024004000020FC2E002072
:1026900010000020F40100209C890020F41100208B
:1026A0001D00002070B5044600202DE053B1012B21
:1026B00026D134F81050EE1705EB1676C6F3071640
:1026C0000E541EE0124DD5ED000A124D2D8800EE7D
:1026D000105AB8EE400A60EE800A34F8105000EE4E
:1026E000105AB8EE400A80EE801A0B4D95ED000AA4
:1026F00031EE400ABCEEC00A10EE105A0D5400E054
:1027000000BF00BF451CA8B29042CFDB70BD0000E7
:10271000580000205000002054000020F0B504466E
:102720000D460020002113B1012B5AD126E022E0F2
:10273000266836F81060052E0BDD666836F81060E6
:10274000294F3F887E43276837F81070B6FBF7F1B2
:1027500001E0264E3188254E3688B14201D9234EFC
:102760003188234E3688B14201D2214E318825F876
:102770001010461CF0B29042DADB33E02EE02668FF
:1027800036F810701B4E3688761FB74214DA66682A
:1027900036F81060174F3F88BE1B134F3F887E43AB
:1027A000276837F81070DFF84CC0BCF800C0ACEBFD
:1027B0000707B6FBF7F101E00C4E31880B4E368867
:1027C000B14201D9094E3188094E3688B14201D251
:1027D000074E318825F81010461CF0B29042CEDB2F
:1027E00000E000BF00BFF0BD500000204C00002002
:1027F0004E0000205200002010B59DED020A214C31
:102800002080214C2180214C248800EE904AF8EE53
:10281000601A1D4C248800EE904AF8EE600A81EEA2
:10282000A01A1A4C248800EE904AF8EE601A154C53
:10283000248800EE904AF8EE600A81EEA02A71EE3C
:10284000420AB8EE401AC1EE201A114CC4ED001A2B
:1028500094ED001A0D4C248800EE904AF8EE600AC0
:1028600021EE201A074C248800EE904AF8EE600A08
:10287000C1EE201A074CC4ED001A044C2280064C0D
:10288000238010BD4C0000204E000020500000208E
:102890005800002054000020520000202DE9F04193
:1028A00003460D46164600240027A0462A48006825
:1028B00000F4E060B0F5E06F03D100BF4FF0040812
:1028C00030E02548006800F4E060B0F5C06F03D147
:1028D00001274FF0030825E01F48006800F4E0607E
:1028E000B0F5A06F02D10227B8461BE01A48006875
:1028F00000F4E060B0F5806F03D103274FF00108CA
:1029000010E01548006800F4E060B0F5407F03D1A6
:1029100004274FF0000805E04FF4A06000F020F815
:102920000227B846C7F1040005FA00F4C8F1040113
:102930000F20C8403040044324010848C45403F029
:102940001F01012088405911890001F1E021C1F8DF
:102950000001BDE8F08100000CED00E000E400E0C3
:1029600002490143024A1160704700000000FA0565
:102970000CED00E010B5324B1B68324C2340304C5C
:10298000236023461B6803432360B1F5402F0DD11C
:1029900030B923461B682C4C2343294C236005E0A7
:1029A000274B1B68294C2343254C2360284B1B686D
:1029B00043F00403264C23604FF0E0231B69254CB1
:1029C0002360254B1B686360234B1B1D1B68A360A2
:1029D000214B08331B68E3604FF0E0231B691F4C59
:1029E00023404FF0E02423611D4B1B4C80342360B7
:1029F0001C4B241D23609B144FF0E024C4F8883145
:102A00000AB930BF02E040BF20BF20BF114B1B6896
:102A10004FF0E02423610F4B5B680F4C23600D4B9C
:102A20009B684FF0E024C4F804310A4BDB68C4F81B
:102A30000831074B1B6823F00403054C236010BDCD
:102A400000700040FCF3F3FF00080C0000040C00D1
:102A500010ED00E020A0002000E100E004000100F3
:102A600031F87FFFFFF8FFBF044A116821F0010130
:102A700041EA0002014B1A6070470000C038024072
:102A80002DE9F04F8CB0064600200A903EA090E859
:102A9000004CC068CDE905BECDF810A007900FF23C
:102AA000EC0ADAE9000ACDE9020A0FF2E00ADAE9F3
:102AB000000ACDE9000A38480068C0F381000B9095
:102AC0000B9820B1012804D0022828D103E0334913
:102AD00027E0334925E03048001F006800F03F0739
:102AE0002D48001F0068C0F3881C2B48001F006899
:102AF000C0F30140401C4FEA40092748001F00680E
:102B000000F48008B8F5800F01D1254B00E0234B7D
:102B1000B3FBF7F000FB0CF0B0FBF9F101E01F494B
:102B200000BF00BF1C480068C0F3031404A8055D83
:102B300021FA05F218480068C0F3822402A8055D56
:102B400022FA05F0099014480068C0F342341DF8D9
:102B5000045022FA05F0089036B1012E06D0022E5C
:102B600006D0032E0AD106E00A9108E00A9206E098
:102B700009980A9003E008980A9000E000BF00BF9F
:102B80000A980CB0BDE8F08F0000000000000000C3
:102B90000102030406070809083802400024F40073
:102BA00040787D0110B540F6044000F053F840F63F
:102BB000014000F04FF840F6154000F04BF840F6A9
:102BC000164000F047F841F20E0000F043F841F2E1
:102BD0000D1000F03FF810BD10B540F6024000F0B7
:102BE00039F84FF4406000F035F840F6014000F04D
:102BF00031F841F2081000F02DF840F6164000F0D0
:102C000029F84FF48030FEF78BFB10BD0146074AD0
:102C100002EB9110D0F8000801F01F0301229A4046
:102C2000104008B1012070470020FCE7003002404E
:102C3000074A02EB9011D1F8001800F01F0301229F
:102C40009A401143024B03EB9012C2F800187047F0
:102C500000300240074A02EB9011D1F8001800F052
:102C60001F0301229A401143024B03EB9012C2F85A
:102C70000018704700300240074A02EB9011D1F86B
:102C8000001800F01F0301229A409143024B03EB0E
:102C90009012C2F80018704700300240074A02EB59
:102CA0009011D1F8001800F01F0301229A4011433F
:102CB000024B03EB9012C2F800187047003002403C
:102CC000044A116821F0020141EA0002014B1A6036
:102CD00070470000C0380240044A116821F0030127
:102CE00041EA0002014B1A607047000008380240B8
:102CF0000248006800F00C007047000008380240ED
:102D000010B51020FFF794FF00BF1120FFF77EFFE2
:102D10000028FAD01820FFF78BFF00BF1920FFF71B
:102D200075FF0028FAD00220FFF7D6FF00BFFFF79B
:102D3000DFFF0828FBD110BD08B540F60440FFF7BF
:102D400089FF40F60140FFF785FF032300220121A0
:102D50001048FFF719FA0323022200210D48FFF75C
:102D60003AFA4FF40073002201210B48FFF70CFAE6
:102D70004FF40073022200210748FFF72CFAFF20CE
:102D80004FF480536422D100009041F28830FFF765
:102D900033FD08BD001002400004024070B5054636
:102DA0001448445D04F0010020B102211248FFF7ED
:102DB00092F903E002211048FFF78BF9C4F34000B9
:102DC00020B101210C48FFF786F903E001210A48F0
:102DD000FFF77FF9C4F3800028B14FF40071074872
:102DE000FFF779F904E04FF400710448FFF771F937
:102DF00070BD0000440000200010024000040240AA
:102E0000F0B504462078062813D00E480568001D4A
:102E10000668001D07683D4455B10822A11C2846DC
:102E2000FFF754FB042204F112013046FFF74EFB7A
:102E300006E00549086810B16080010CA18000BF60
:102E4000F0BD0000107AFF1F003D024070B504463F
:102E50000D464FF400611148FFF73BF9012010497E
:102E6000087004210F4800F05CF804210D48FEF7BB
:102E7000C1FD2346002204210A48FFF72AF82A460A
:102E800004210848FFF7E2F80021074800F054F851
:102E900004210448FEF7BEFD70BD00000010024092
:102EA0001D000020006402400034014000B587B0DE
:102EB000164800F053F8164800F050F8684600F045
:102EC000C4F80020019000900290059003900690B5
:102ED000049069460D4800F09FF84FF4827000900E
:102EE0004FF4007003906946094800F095F80721F7
:102EF000064800F014F8054800F00CF8034800F00C
:102F000026F8034800F023F807B000BD0038004061
:102F100000340140016841F40051016070470161D3
:102F2000704721B9426822F00202426003E0426821
:102F300022F001024260704721B9426842F0020269
:102F4000426003E0426842F001024260704701685B
:102F500041F0400101607047C160704710B5044600
:102F60002749601A8C422CD009DC26482044B0B195
:102F7000B0F5806F1CD0B0F5784F3DD106E0B0F5CC
:102F8000E05F27D0B0F5005F36D12CE040F60C10A2
:102F9000FFF784FE40F60C10FFF76EFE2DE040F6C2
:102FA0000E00FFF77BFE40F60E00FFF765FE24E003
:102FB00040F60F00FFF772FE40F60F00FFF75CFED1
:102FC0001BE040F60D10FFF769FE40F60D10FFF70D
:102FD00053FE12E040F61410FFF760FE40F61410A6
:102FE000FFF74AFE09E040F61510FFF757FE40F6DE
:102FF0001510FFF741FE00E000BF00BF10BD00004C
:103000000034014000C8FFBF02469068084008B184
:10301000012070470020FCE702460020106800F401
:1030200041500B6818434B6818438B681843CB68B2
:1030300018430B6918434B6918438B691843106098
:10304000D36923F40063D3617047002101604160BC
:103050008160C16041618161016170470020002190
:103060003A4A126842F48032384B1A6000BF401C62
:10307000364A126802F4003119B94FF6FF729042D5
:10308000F5D1324A126802F400320AB900BFFEE7F5
:103090002E4A4032126842F080522C4B40331A6064
:1030A0002B4A126842F44042294B1A60274A0832E0
:1030B0001268264B08331A601A46126842F400421E
:1030C0001A601A46126842F4A0521A60214A1B1F65
:1030D0001A601A1F126842F080721B1F1A6000BF2C
:1030E0001A4A126802F00072002AF9D0184A1268CF
:1030F00042F48032164B1A6000BF154A526802F43F
:103100008032002AF9D0124A126842F40032104B81
:103110001A6000BF0E4A526802F40032002AF9D049
:103120000A4A0832126822F00302084B08331A6078
:103130001A46126842F002021A6000BF034A0832BF
:10314000126802F00802002AF8D0704700380240E6
:10315000007000401978400A10B5FFF77FFF10BDDE
:1031600010B51248006842F21071B0FBF1F4601E15
:10317000B0F1807F01D301200FE0601E4FF0E0210D
:1031800048610F214FF0FF30FDF760FC00204FF049
:10319000E021886107200861002008B100BFFEE738
:1031A0000021481EFDF752FC10BD00001800002051
:1031B000016841F0800101607047016821F0010160
:1031C00001607047016841F0010101607047000033
:1031D0000A8882621D4A90420ED0B0F1804F0BD017
:1031E0001B4A904208D01B4A904205D01A4A90428E
:1031F00002D01A4A90420BD1026822F0700202609B
:1032000002684B881A43026002688B881A43026086
:103210008A68C262124A90420AD0124A904207D08B
:10322000026822F4407202600268CB881A4302608E
:10323000064A904202D0094A904201D10A7B0263B9
:10324000426942F001024261704700000000014003
:103250000004004000080040000C00400004014051
:103260000010004000140040C2688A43C2607047EA
:10327000C2680A43C2607047CA430261704702468F
:10328000D06800EA01031069084010B10BB10120B9
:1032900070470020FCE7000070B5B0B004460D4652
:1032A00016460020207102206070267016B1012E93
:1032B00016D108E03448E0600C20A0700620E070D1
:1032C000022060710FE04FF0A040E0600820A07085
:1032D0000420E070022060710020A071E07102E023
:1032E000012030B070BD00BFBC2101A8FCF795FFE4
:1032F000E0680190E06800F500600290E06800F589
:1033000080600390E06800F588601F90E06800F539
:103310006060BC2201A92F902846FCF765FF0020C1
:1033200013E0E16801F5106101EB401205F10C01B9
:1033300041F82020E16801F5306101EB401205F110
:10334000240141F82020411CC8B2E1788142E8DC28
:10335000002013E0E16801F5A06101EB401205F1E6
:103360003C0141F82020E16801F5805101EB003279
:1033700005F17C0141F82020411CC8B2A1788142AE
:10338000E8DC0020ADE7000000000440C17961B135
:103390004169896801F0010139B1D0F8C8100968A4
:1033A00021F00302D0F8C8100A6070471FB5069CD0
:1033B0009DF8050001281ED12068806B20F4803024
:1033C000216888639DF8060028B12068806B40F46E
:1033D0008010216888632068C068214908402168FE
:1033E000C8602068C06820F480102168C86020464A
:1033F00000F038F820E02068C06840F04000216804
:10340000C860204600F02EF82068806B40F4502001
:10341000216888632068806B40F40010216888630D
:103420009DF8060028B12068806B40F48010216868
:103430008863142000F079F99DF8040001280BD16D
:103440002068806820F01E002168886020688068FD
:1034500040F02A0021688860002004B010BD000000
:10346000BFFFDFFF10B504462068006940F001008F
:103470002168086100BF2068006900F00100002891
:10348000F9D1032000F090FB10BD0000084A416B09
:103490000A610179012909D100F21C41426B516195
:1034A000416B096841F08022416B0A60704700005F
:1034B000180008600268D26822F0C0420368DA602F
:1034C00031B90268D26842F080420368DA6007E0EE
:1034D000012905D10268D26842F000520368DA601F
:1034E0007047000070B504460021D4F8C8000160A0
:1034F0006069006820F4C05160690160606900681B
:10350000616908606069006820F00301606901601A
:103510002078012817D16069006840F003016069D4
:10352000016080202169486200BF002509E0404811
:1035300030F81520294604F1100000F034F9681C19
:10354000C5B2042DF3D3102104F1100000F007FBE5
:1035500004F1100000F0FCF800216069016160696D
:103560004161491E6069816100216069C161002576
:103570004FE004F11C0050F82500006800F0004006
:1035800060B104F11C0050F82500006840F0904143
:1035900004F11C0050F82500016005E0002104F151
:1035A0001C0050F825000160002104F11C0050F8B7
:1035B00025000161FF2104F11C0050F82500816005
:1035C00004F1340050F82500006800F0004060B1BC
:1035D00004F1340050F82500006840F0904104F1F7
:1035E000340050F82500016005E0002104F13400AA
:1035F00050F825000160002104F1340050F8250046
:103600000161FF2104F1340050F825008160681C3D
:10361000C5B2E078A842ACDC6069006940F01001F6
:1036200060690161204600F005F8002070BD0000CF
:103630006200002001464FF0FF300A6950606FF0D1
:1036400080400A69506109480A699061087928B97F
:103650000869806940F010000A6990610869806912
:10366000034A10430A6990610020704700080080F7
:1036700008303C0010B541F20E10FFF7EBFA4FF4A2
:103680004060FFF7E7FA4FF4C053002202210848D8
:10369000FEF77AFD4FF4C053032200210448FEF7E1
:1036A0009AFD4FF4C0520A210148FEF7E3FC10BD19
:1036B0000000024030B50246002055692B6955696B
:1036C0006C6B24FA01F505F0010543EAC51302F11C
:1036D0001C0555F82150AD6805EA030030BD000017
:1036E00010B50446FFF7C6FF00F026F800F07FF89B
:1036F000054B064A0121064800F048FC00F00AF894
:103700000348206010BD00008001002070010020EF
:10371000DC6A012010B54FF4A060FFF721F9002208
:1037200002214320FFF7BAF810BD10B5044601216D
:103730002046FEF771FD10BD10B50020FFF7C0FA5E
:103740000020FFF791F940F60750FFF783FA10BD0C
:1037500010B5044610202168086100BF2068006988
:1037600000F010000028F9D1032000F01DFA00201D
:1037700010BD70B50346D01C8508DC6F02E02068E0
:103780000860091D281EA5F10105F8D1084670BD85
:1037900070B506460C4615462B462246812130461A
:1037A00000F013FB70BD70B513460468626A21B95E
:1037B00042EA03440568AC6218E00468A46A02EBBC
:1037C0001442002408E0056805F5827555F8245078
:1037D00002EB1542651CECB24D1EA542F3D842EA3D
:1037E0000346046804F5827444F8256070BD10B582
:1037F0004FF4A060FFF7B4F8002201211D20FFF76D
:103800004DF841F20100FFF725FA10BD10B5012176
:103810000A48FFF734FD78B101210848FFF72CFD75
:103820000748006828B106480068401E044908603F
:1038300002E00248FFF7C1FC10BD00000004004098
:103840005C000020F0B502460C46002100255069BE
:10385000806800F00606207800F00F032078C00989
:1038600038B102F11C0050F82310012000FA03F5D2
:1038700008E002F1340050F8231003F11000012792
:1038800007FA00F5086800F40040C8B90868104F4E
:10389000384008602BB908680E4FBF5D3843086098
:1038A00003E00868A788384308606078800440EA2D
:1038B000835040F0805040F400400F683843086067
:1038C0005069C06928435769F8610020F0BD0000C5
:1038D00000F833FCB215010810B503460022087841
:1038E00000F00F040878C00920B103F11C0050F863
:1038F000242003E003F1340050F82420106820F461
:10390000001010604878032802D04878022803D1BC
:10391000106840F080501060002010BD30B50246A5
:103920000B460024187800F00F011878C00978B110
:10393000012000FA01F402F11C0050F82100006897
:1039400020F4004502F11C0050F82100056010E051
:1039500001F11000012505FA00F402F1340050F8DD
:103960002100006820F4004502F1340050F82100E5
:1039700005605069C069A0435569E861002030BD09
:103980002DE9FC4105460C460027207800F00F0683
:1039900005F11C0050F826000068019005F11C009C
:1039A00050F8260000690090009800F060400090F8
:1039B000E06820B9009840F40020009022E066B949
:1039C000A188E068884201D2E06800E0A088E06059
:1039D000009840F40020009009E0E068401EA188B3
:1039E0000844B0FBF1F0009941EAC0400090E06863
:1039F0000099084300906078012803D1009840F0B6
:103A00000050009005F11C0050F82600009901615B
:103A1000607801280DD168698068C0F3002020B16A
:103A2000019840F08050019003E0019840F0005070
:103A300001902879012805D105F11C0050F82600D5
:103A4000A1694161019840F00440019005F11C001A
:103A500050F82600019901602879A0B96078012802
:103A600009D0E06878B16869406B0121B140084332
:103A70006969486307E0A08983B2324605F1100006
:103A8000A16800F080F83846BDE8FC81F0B5024638
:103A90000026087800F00F0302F1340050F82300EC
:103AA000056802F1340050F82300046904F0604412
:103AB000C86800B123B98888044344F400240CE0AA
:103AC000B1F804C0CF6867447F1EB7FBFCF044EA3E
:103AD000C0448F8847433C4300BF02F1340050F894
:103AE000230004611079012805D102F1340050F857
:103AF00023008F6947614878012806D1C87810B142
:103B000045F0005501E045F0805545F0044502F1CF
:103B1000340050F8230005603046F0BD10B5024671
:103B20000B460021187800F00F041878C00960B126
:103B300002F11C0050F82410086800F0004040B169
:103B4000086840F08040086003E002F1340050F85B
:103B50002410086840F400100860002010BD70B503
:103B600004460D46202040EA85102168086100BF08
:103B70002068006900F020000028F9D1032000F03F
:103B800013F8002070BDF0B50446D81C860804F177
:103B90007C0050F8225002E008682860091D301EA1
:103BA000A6F10106F8D1F0BD10B504460221204669
:103BB000FEF732FB10BD70B504460D46CE20005D09
:103BC000032809D12879012806DCD4F82C042946D9
:103BD000C2682046904770BD0120FCE710B504463E
:103BE00000BF6069406820F002016069416000BF69
:103BF0000320FFF79AFD10BD70B5044604F51D754E
:103C0000002120466B69AA6800F0C1F8A98868699C
:103C1000884203D9032184F8241402E0042184F8A3
:103C20002414002070BD70B5044604F1D0050021B5
:103C300020466B69AA6800F0C8F8A98868698842BC
:103C400003D9012184F8241402E0022184F8241409
:103C5000002070BD10B50446062184F8241400230A
:103C60001A461946204600F092F82046FFF70EFC4F
:103C7000002010BD10B50446052184F8241400234B
:103C80001A461946204600F0A0F82046FFF7FEFB32
:103C9000002010BD10B5044600BF6069406840F0C8
:103CA00002016069416000BF0320FFF73EFD10BDC7
:103CB0002DE9F04106460F46C7EBC70106F1D000DB
:103CC00000EB8104D4E90301451AA088A84200D280
:103CD000A588E81C4FEA900821E0D4E90301451AC1
:103CE000A088A84200D2A588E81C4FEA9008ABB291
:103CF000FAB206F11000A168FFF745FFA06828445A
:103D0000A060206928442061D4E90310884206D1CC
:103D10007069406B0121B94088437169486306F1BD
:103D20001C0050F82700806980B2404503D3D4E9D5
:103D300003108842D1D30120BDE8F08170B504465C
:103D40000D468021204600F097F80021204600F023
:103D500093F82046FFF79AFB70BD70B505460C46F8
:103D6000E01140B104F07F00C0EBC00105F1D000CC
:103D700000EB810605E0C4EBC40105F51D7000EB06
:103D8000810631462846FFF7C9FD002070BD2DE9A8
:103D9000F04105460F461646984607F07F00C0EBF7
:103DA000C00105F51D7000EB8104A660C4F80C800D
:103DB000002020612879012800D1A66121462846EB
:103DC000FFF764FE0020BDE8F0812DE9F0410546D3
:103DD0000F461646984607F07F00C0EBC00105F17C
:103DE000D00000EB8104A660C4F80C8000202061A4
:103DF0002879012800D1A66121462846FFF7C0FD99
:103E00000020BDE8F08100002DE9F04107460E4694
:103E1000B578B6F80480E81168B105F07F00C0EB12
:103E2000C00107F1D00000EB8104207820F0800071
:103E30008030207009E0C5EBC50107F51D7000EB6F
:103E40008104207820F080002070207865F3030042
:103E50002070A4F80480F07800F00300054911F800
:103E60002000607021463846FFF7ECFC0020BDE8DA
:103E7000F0810000F415010870B505460C460026D7
:103E8000E01140B104F07F00C0EBC00105F1D000AB
:103E900000EB810605E0C4EBC40105F51D7000EBE5
:103EA00081060120B07031462846FFF737FE00201A
:103EB00070BD70B505460C460026E01140B104F017
:103EC0007F00C0EBC00105F1D00000EB810605E0EA
:103ED000C4EBC40105F51D7000EB81060020B07035
:103EE00031462846FFF7F8FC002070BD70B5044647
:103EF0000E46002E3AD104F1D00594F8240401288E
:103F000002D002282FD10EE0A9886869401A6861A2
:103F10002079012803D1A988A8680844A860204610
:103F2000FFF781FE20E094F8250448B100231A46EB
:103F300019462046FFF749FF002184F8251411E0B7
:103F4000CE20005D032808D1D4F82C04406920B1AC
:103F5000D4F82C0441692046884700206861204637
:103F6000FFF778FE00E000BF00BF0DE0CE20005D4F
:103F7000032809D1D4F82C04C06928B1D4F82C0442
:103F80003146C26920469047002070BDF8B504460E
:103F90000D4616461F46C4F82864C4F82C74D4F89D
:103FA0002814C968C868FEF72BFF2A4604F11001DF
:103FB0002046FFF771F900BF2069806820F00100FA
:103FC0002169886000BF04F11000009094E80F00A0
:103FD000FFF7ECF92046FFF75DFE002104F1100029
:103FE000FFF768FA2046FFF77DFA00BF2069806876
:103FF00040F001002169886000BF2046FFF7EEFD18
:104000000121CE200155F8BD014648698068C0F302
:1040100041024869406820F48073486943604869F8
:10402000406840F48073486943600869C06820F4C0
:1040300070500B69D8600D48805C032807D1487028
:104040000869C06840F410500B69D86007E002208E
:1040500048700869C06840F4A0500B69D8604FF4FC
:1040600000500B695861012070470000B815010825
:10407000F8B504460026002500BF616988696169BA
:10408000C969084000F03F010E4632E006F0010029
:1040900060B329462046FFF70DFB0090009800F022
:1040A0000100A0B1012104F11C0050F8250081603D
:1040B00029462046FFF71AFF2079012807D135B994
:1040C00094F82404052802D12046FFF7DFF9009870
:1040D00000F0800048B129462046FFF7E9FD802125
:1040E00004F11C0050F82500816000BF7608681CB0
:1040F000C5B2002ECAD10120F8BD2DE9FC4104460D
:104100000026002500BF616988696169C9690840A6
:10411000C0F305410E465BE006F00100002854D0D4
:1041200000BF04F1340151F82510886861694969BC
:10413000084000BF0190019800F00100B8B30121D0
:1041400004F1340050F825008160207901281FD146
:10415000C5EBC50304F51D7202EB830004F13402C4
:1041600052F82520126900928388C2681A44521EB0
:10417000B2FBF3F202FB03F1009AC2F312028B1AB4
:10418000C5EBC50704F51D7202EB8702136100BF82
:104190002946204600F08FF92079012807D135B94A
:1041A00094F82404062802D12046FFF76FF90198FD
:1041B00000F0080040B1204600F0BFF9082104F1EA
:1041C000340050F82500816000BF7608681CC5B235
:1041D000002EA1D10120BDE8FC81000030B58FB0D8
:1041E00004466069406820F0010160694160002177
:1041F00004F11000FFF7B3FC00250BE0FF2104F1F0
:104200001C0050F82500816004F1340050F82500AE
:1042100081606D1CE078A842F0D84FF0FF316069F2
:1042200081614FF001116069C161092160694161DB
:104230000121606901616069006820F4FE616069C4
:1042400001602046FFF722F94FF480502169486150
:104250001C2108A8FBF7E1FF1C22144908A8FBF762
:10426000C3FF1C2208A904F51D70FBF7BDFF04F570
:104270001D712046FFF7E6FA1C2101A8FBF7CDFFD0
:104280001C220B4901A8FBF7AFFF1C2201A904F176
:10429000D000FBF7A9FF04F1D0012046FFF7D2FAC6
:1042A0000121CE20015501200FB030BDBC15010801
:1042B000D81501082DE9F8430446002500270026FB
:1042C000002000902069806920F010002169886139
:1042D0002069006A0090009800F00F08C8EBC80140
:1042E00004F51D7000EB81050098C0F30A160098D4
:1042F000C0F3C1370098C0F34340072828D2DFE855
:1043000000F0270405131427150022E05EB1B2B2B5
:1043100004F11000A968FFF72CFAA8683044A860DF
:1043200028693044286114E013E012E0287800F096
:104330000F0060B9082E0AD14FB9B2B204F21C4185
:1043400004F11000FFF715FA28693044286100E0F5
:1043500000BF00BF2069806940F0100021698861BA
:104360000120BDE8F8833EB50446E079029060691B
:10437000806800F001000190CE20005D032801D18B
:10438000012000E000200090CE20015DCF200155EB
:104390000421CE2001559DF8080090B19DF804003D
:1043A00078B19DF8000060B1D4F8C800006840F012
:1043B0000301D4F8C8000160002211460120FEF775
:1043C000D9FA4FF400602169486101203EBD70B503
:1043D00004462069406900F00100002869D1206985
:1043E000456920698069054005B970BD05F4002064
:1043F00010B12046FFF781FE05F4802010B1204661
:10440000FFF736FE05F4006010B12046FFF7ABFF62
:1044100005F0004058B1CE20005D042803D1CF2024
:10442000015DCE2001554FF000402169486105F043
:10443000080058B1D4F82C04406A20B1D4F82C04F8
:10444000416A2046884708202169486105F010002C
:1044500010B12046FFF72EFF05F4805010B1204622
:10446000FFF7BCFE05F4005010B12046FFF7CCFD6D
:1044700005F4801060B1D4F82C04806A20B1D4F81F
:104480002C04816A204688474FF4801021694861D6
:1044900005F4001060B1D4F82C04C06A20B1D4F83F
:1044A0002C04C16A204688474FF4001021694861F6
:1044B00000BF00BF99E770B504460E466EBB04F519
:1044C0001D7594F82404032802D0042822D10EE09C
:1044D000A9886869401A68612079012803D1A988F0
:1044E000A8680844A8602046FFF786FB13E0CE20AA
:1044F000005D032808D1D4F82C04806920B1D4F8D9
:104500002C04816920468847002068612046FFF717
:10451000B1FB00E000BF00BF0DE0D4F82C04006A3E
:1045200048B1CE20005D032805D1D4F82C043146D3
:10453000026A20469047002070BD7CB504460125E4
:1045400004F57370416D006DCDE900019DF8000028
:1045500000F0600020B1202808D0402812D10BE0E4
:104560006946204600F02CF805460CE069462046D6
:10457000FFF721FB054606E06946204600F02EF8CD
:10458000054600E000BF00BF9DB9BDF8060018B9A0
:104590002046FFF76FFB10E09DF8000000F0800060
:1045A00018B12046FFF73FFB07E02046FFF724FB4A
:1045B00003E069462046FFF7C1FB00207CBD0000F8
:1045C00070B505460C466078034951F82020214615
:1045D0002846904770BD0000B00100200246002030
:1045E0007047000000000000000000000000000014
:1045F00000000000000000000000000000000000BB
:1046000000000000000000000000000000000000AA
:10461000000000000000000000000000000000009A
:10462000000000000000000000000000000000008A
:10463000000000000000000000000000000000007A
:10464000000000000000000000000000000000006A
:10465000000000000000000000000000000000005A
:10466000000000000000000000000000000000004A
:10467000000000000000000000000000000000003A
:10468000000000000000000000000000000000002A
:10469000000000000000000000000000000000001A
:1046A000000000000000000000000000000000000A
:1046B00000000000000000000000000000000000FA
:1046C00000000000000000000000000000000000EA
:1046D00000000000000000000000000000000000DA
:1046E00000000000000000000000000000000000CA
:1046F00000000000000000000000000000000000BA
:1047000000000000000000000000000000000000A9
:104710000000000000000000000000000000000099
:104720000000000000000000000000000000000089
:104730000000000000000000000000000000000079
:104740000000000000000000000000000000000069
:104750000000000000000000000000000000000059
:104760000000000000000000000000000000000049
:104770000000000000000000000000000000000039
:104780000000000000000000000000000000000029
:104790000000000000000000000000000000000019
:1047A0000000000000000000000000000000000009
:1047B00000000000000000000000000000000000F9
:1047C00000000000000000000000000000000000E9
:1047D00000000000000000000000000000000000D9
:1047E00000000000000000000000000000000000C9
:1047F00000000000000000000000000000000000B9
:1048000000000000000000000000000000000000A8
:104810000000000000000000000000000000000098
:104820000000000000000000000000000000000088
:104830000000000000000000000000000000000078
:104840000000000000000000000000000000000068
:104850000000000000000000000000000000000058
:104860000000000000000000000000000000000048
:104870000000000000000000000000000000000038
:104880000000000000000000000000000000000028
:104890000000000000000000000000000000000018
:1048A0000000000000000000000000000000000008
:1048B00000000000000000000000000000000000F8
:1048C00000000000000000000000000000000000E8
:1048D00000000000000000000000000000000000D8
:1048E00000000000000000000000000000000000C8
:1048F00000000000000000000000000000000000B8
:1049000000000000000000000000000000000000A7
:104910000000000000000000000000000000000097
:104920000000000000000000000000000000000087
:104930000000000000000000000000000000000077
:104940000000000000000000000000000000000067
:104950000000000000000000000000000000000057
:104960000000000000000000000000000000000047
:104970000000000000000000000000000000000037
:104980000000000000000000000000000000000027
:104990000000000000000000000000000000000017
:1049A0000000000000000000000000000000000007
:1049B00000000000000000000000000000000000F7
:1049C00000000000000000000000000000000000E7
:1049D00000000000000000000000000000000000D7
:1049E00000000000000000000000000000000000C7
:1049F00000000000000000000000000000000000B7
:104A000000000000000000000000000000000000A6
:104A10000000000000000000000000000000000096
:104A20000000000000000000000000000000000086
:104A30000000000000000000000000000000000076
:104A40000000000000000000000000000000000066
:104A50000000000000000000000000000000000056
:104A60000000000000000000000000000000000046
:104A70000000000000000000000000000000000036
:104A80000000000000000000000000000000000026
:104A90000000000000000000000000000000000016
:104AA0000000000000000000000000000000000006
:104AB00000000000000000000000000000000000F6
:104AC00000000000000000000000000000000000E6
:104AD00000000000000000000000000000000000D6
:104AE00000000000000000000000000000000000C6
:104AF00000000000000000000000000000000000B6
:104B000000000000000000000000000000000000A5
:104B10000000000000000000000000000000000095
:104B20000000000000000000000000000000000085
:104B30000000000000000000000000000000000075
:104B40000000000000000000000000000000000065
:104B50000000000000000000000000000000000055
:104B60000000000000000000000000000000000045
:104B70000000000000000000000000000000000035
:104B80000000000000000000000000000000000025
:104B90000000000000000000000000000000000015
:104BA0000000000000000000000000000000000005
:104BB00000000000000000000000000000000000F5
:104BC00000000000000000000000000000000000E5
:104BD00000000000000000000000000000000000D5
:104BE00000000000000000000000000000000000C5
:104BF00000000000000000000000000000000000B5
:104C000000000000000000000000000000000000A4
:104C10000000000000000000000000000000000094
:104C20000000000000000000000000000000000084
:104C30000000000000000000000000000000000074
:104C40000000000000000000000000000000000064
:104C50000000000000000000000000000000000054
:104C60000000000000000000000000000000000044
:104C70000000000000000000000000000000000034
:104C80000000000000000000000000000000000024
:104C90000000000000000000000000000000000014
:104CA0000000000000000000000000000000000004
:104CB00000000000000000000000000000000000F4
:104CC00000000000000000000000000000000000E4
:104CD00000000000000000000000000000000000D4
:104CE00000000000000000000000000000000000C4
:104CF00000000000000000000000000000000000B4
:104D000000000000000000000000000000000000A3
:104D10000000000000000000000000000000000093
:104D20000000000000000000000000000000000083
:104D30000000000000000000000000000000000073
:104D40000000000000000000000000000000000063
:104D50000000000000000000000000000000000053
:104D60000000000000000000000000000000000043
:104D70000000000000000000000000000000000033
:104D80000000000000000000000000000000000023
:104D90000000000000000000000000000000000013
:104DA0000000000000000000000000000000000003
:104DB00000000000000000000000000000000000F3
:104DC00000000000000000000000000000000000E3
:104DD00000000000000000000000000000000000D3
:104DE00000000000000000000000000000000000C3
:104DF00000000000000000000000000000000000B3
:104E000000000000000000000000000000000000A2
:104E10000000000000000000000000000000000092
:104E20000000000000000000000000000000000082
:104E30000000000000000000000000000000000072
:104E40000000000000000000000000000000000062
:104E50000000000000000000000000000000000052
:104E60000000000000000000000000000000000042
:104E70000000000000000000000000000000000032
:104E80000000000000000000000000000000000022
:104E90000000000000000000000000000000000012
:104EA0000000000000000000000000000000000002
:104EB00000000000000000000000000000000000F2
:104EC00000000000000000000000000000000000E2
:104ED00000000000000000000000000000000000D2
:104EE00000000000000000000000000000000000C2
:104EF00000000000000000000000000000000000B2
:104F000000000000000000000000000000000000A1
:104F10000000000000000000000000000000000091
:104F20000000000000000000000000000000000081
:104F30000000000000000000000000000000000071
:104F40000000000000000000000000000000000061
:104F50000000000000000000000000000000000051
:104F60000000000000000000000000000000000041
:104F70000000000000000000000000000000000031
:104F80000000000000000000000000000000000021
:104F90000000000000000000000000000000000011
:104FA0000000000000000000000000000000000001
:104FB00000000000000000000000000000000000F1
:104FC00000000000000000000000000000000000E1
:104FD00000000000000000000000000000000000D1
:104FE00000000000000000000000000000000000C1
:104FF00000000000000000000000000000000000B1
:1050000000000000000000000000000000000000A0
:105010000000000000000000000000000000000090
:105020000000000000000000000000000000000080
:105030000000000000000000000000000000000070
:105040000000000000000000000000000000000060
:105050000000000000000000000000000000000050
:105060000000000000000000000000000000000040
:105070000000000000000000000000000000000030
:105080000000000000000000000000000000000020
:105090000000000000000000000000000000000010
:1050A0000000000000000000000000000000000000
:1050B00000000000000000000000000000000000F0
:1050C00000000000000000000000000000000000E0
:1050D00000000000000000000000000000000000D0
:1050E00000000000000000000000000000000000C0
:1050F00000000000000000000000000000000000B0
:10510000000000000000000000000000000000009F
:10511000000000000000000000000000000000008F
:10512000000000000000000000000000000000007F
:10513000000000000000000000000000000000006F
:10514000000000000000000000000000000000005F
:10515000000000000000000000000000000000004F
:10516000000000000000000000000000000000003F
:10517000000000000000000000000000000000002F
:10518000000000000000000000000000000000001F
:10519000000000000000000000000000000000000F
:1051A00000000000000000000000000000000000FF
:1051B00000000000000000000000000000000000EF
:1051C00000000000000000000000000000000000DF
:1051D00000000000000000000000000000000000CF
:1051E00000000000000000000000000000000000BF
:1051F00000000000000000000000000000000000AF
:10520000000000000000000000000000000000009E
:10521000000000000000000000000000000000008E
:10522000000000000000000000000000000000007E
:10523000000000000000000000000000000000006E
:10524000000000000000000000000000000000005E
:10525000000000000000000000000000000000004E
:10526000000000000000000000000000000000003E
:10527000000000000000000000000000000000002E
:10528000000000000000000000000000000000001E
:10529000000000000000000000000000000000000E
:1052A00000000000000000000000000000000000FE
:1052B00000000000000000000000000000000000EE
:1052C00000000000000000000000000000000000DE
:1052D00000000000000000000000000000000000CE
:1052E00000000000000000000000000000000000BE
:1052F00000000000000000000000000000000000AE
:10530000000000000000000000000000000000009D
:10531000000000000000000000000000000000008D
:10532000000000000000000000000000000000007D
:10533000000000000000000000000000000000006D
:10534000000000000000000000000000000000005D
:10535000000000000000000000000000000000004D
:10536000000000000000000000000000000000003D
:10537000000000000000000000000000000000002D
:10538000000000000000000000000000000000001D
:10539000000000000000000000000000000000000D
:1053A00000000000000000000000000000000000FD
:1053B00000000000000000000000000000000000ED
:1053C00000000000000000000000000000000000DD
:1053D00000000000000000000000000000000000CD
:1053E00000000000000000000000000000000000BD
:1053F00000000000000000000000000000000000AD
:10540000000000000000000000000000000000009C
:10541000000000000000000000000000000000008C
:10542000000000000000000000000000000000007C
:10543000000000000000000000000000000000006C
:10544000000000000000000000000000000000005C
:10545000000000000000000000000000000000004C
:10546000000000000000000000000000000000003C
:10547000000000000000000000000000000000002C
:10548000000000000000000000000000000000001C
:10549000000000000000000000000000000000000C
:1054A00000000000000000000000000000000000FC
:1054B00000000000000000000000000000000000EC
:1054C00000000000000000000000000000000000DC
:1054D00000000000000000000000000000000000CC
:1054E00000000000000000000000000000000000BC
:1054F00000000000000000000000000000000000AC
:10550000000000000000000000000000000000009B
:10551000000000000000000000000000000000008B
:10552000000000000000000000000000000000007B
:10553000000000000000000000000000000000006B
:10554000000000000000000000000000000000005B
:10555000000000000000000000000000000000004B
:10556000000000000000000000000000000000003B
:10557000000000000000000000000000000000002B
:10558000000000000000000000000000000000001B
:10559000000000000000000000000000000000000B
:1055A00000000000000000000000000000000000FB
:1055B00000000000000000000000000000000000EB
:1055C00000000000000000000000000000000000DB
:1055D00000000000000000000000000000000000CB
:1055E00000000000000000000000000000000000BB
:1055F00000000000000000000000000000000000AB
:10560000000000000000000000000000000000009A
:10561000000000000000000000000000000000008A
:10562000000000000000000000000000000000007A
:10563000000000000000000000000000000000006A
:10564000000000000000000000000000000000005A
:10565000000000000000000000000000000000004A
:10566000000000000000000000000000000000003A
:10567000000000000000000000000000000000002A
:10568000000000000000000000000000000000001A
:10569000000000000000000000000000000000000A
:1056A00000000000000000000000000000000000FA
:1056B00000000000000000000000000000000000EA
:1056C00000000000000000000000000000000000DA
:1056D00000000000000000000000000000000000CA
:1056E00000000000000000000000000000000000BA
:1056F00000000000000000000000000000000000AA
:105700000000000000000000000000000000000099
:105710000000000000000000000000000000000089
:10572000000000000000000000000000000018C69B
:1057300018C6929404210000000000000000000040
:105740000000000000000000000000000000000059
:105750000000000000000000000000000000000049
:105760000000000000000000000000000000000039
:105770000000000000000000000000000000000029
:105780000000000000000000000000000000000019
:105790000000000000000000000000000000000009
:1057A00000000000000000000000000000000000F9
:1057B00000000000000000000000000000000000E9
:1057C00000000000000000000000000000000000D9
:1057D00000000000000000000000000000000000C9
:1057E000000000000000000000000000FFFFFFFFBD
:1057F000FFFF084200000000000004218631000085
:105800000000000000000000000000000000000098
:105810000000000000000000000000008E7314A5CE
:10582000821000000000000000000000000018C608
:1058300018C618C618C618C6F7BD18C6EF7B8E73F3
:105840000000000000000000000000000000000058
:105850000000000000000000000000000000000048
:105860000000000000000000000000000000000038
:105870000000000000000000000000000000000028
:105880000000000000000000000000000000000018
:105890000000000000000000000000000000000008
:1058A00000000000000000000000FFFFFFFFFFFFFE
:1058B00008420000000000000842FFFF1CE78E7352
:1058C000610800000000000000000000000000006F
:1058D00000000000000000008A52FFFFFFFF9AD680
:1058E00082100000000000000000000018C6FFFF4A
:1058F000FFFFFFFFFFFFFFFFFFFFFFFFFFFF08426C
:105900000000000000000000000000000000000097
:105910000000000000000000000000000000000087
:105920000000000000000000000000000000000077
:105930000000000000000000000000000000000067
:105940000000000000000000000000000000000057
:105950000000000000000000000000000000000047
:105960000000000000000000FFFFFFFFFFFF0842F3
:10597000000000000000E739FFFFFFFFFFFF9EF778
:1059800010848210000000000000000000000000F1
:105990000000000086319EF7FFFFFFFFFFFF96B576
:1059A000000000000000000000000C631084108460
:1059B00014A518C69EF7FFFFFFFFFFFF0842000077
:1059C00000000000000000000000000000000000D7
:1059D00000000000000000000000000000000000C7
:1059E00000000000000000000000000000000000B7
:1059F00000000000000000000000000000000000A7
:105A00000000000000000000000000000000000096
:105A10000000000000000000000000000000000086
:105A2000000000000000FFFFFFFFFFFF0842000032
:105A3000000000000842FFFFFFFFFFFFFFFFFFFF26
:105A40001CE78A5200000000000000000000000077
:105A500082109AD6FFFFFFFFFFFF1CE761080000DE
:105A60000000000000000000000000000000042111
:105A700075ADFFFFFFFF9EF78E7300000000000072
:105A80000000000000000000000000000000000016
:105A90000000000000000000000000000000000006
:105AA00000000000000000000000000000000000F6
:105AB00000000000000000000000000000000000E6
:105AC00000000000000000000000000000000000D6
:105AD00000000000000000000000000000000000C6
:105AE00000000000FFFFFFFFFFFF08420000000072
:105AF00000000842FFFFFFFFFFFFFFFFFFFFFFFF68
:105B0000FFFF75AD8210000000000000000096B598
:105B1000FFFFFFFFFFFF9EF786310000000000003F
:105B20000000000000000000000010849EF7FFFF4E
:105B3000FFFF14A58210000000000000000000001C
:105B40000000000000000000000000000000000055
:105B50000000000000000000000000000000000045
:105B60000000000000000000000000000000000035
:105B70000000000000000000000000000000000025
:105B80000000000000000000000000000000000015
:105B90000000000000000000000000000000000005
:105BA0000000FFFFFFFFFFFF0842000000000000B1
:105BB0000842FFFFFFFFFFFFFFFFFFFFFFFFFFFFA9
:105BC000FFFF7DEF8631000000001084FFFFFFFF24
:105BD000FFFFFFFF0C63000000000000000000005A
:105BE000000000008A521CE7FFFFFFFF9AD6084220
:105BF00000000000000000000000000000000000A5
:105C00000000000000000000000000000000000094
:105C10000000000000000000000000000000000084
:105C20000000000000000000000000000000000074
:105C30000000000000000000000000000000000064
:105C40000000000000000000000000000000000054
:105C50000000000000000000000000000000000044
:105C6000FFFFFFFFFFFF08420000000000000842A6
:105C7000FFFFFFFFFFFF0421F7BDFFFFFFFFFFFF57
:105C8000FFFFFFFF0C638A52FFFFFFFFFFFFFFFFD5
:105C90001084000000000000000000000000000070
:105CA000000018C6FFFFFFFFFFFFF7BD18C6F7BDD6
:105CB0001084108404210000000000000000000097
:105CC00000000000000000000000000000000000D4
:105CD00000000000000000000000000000000000C4
:105CE00000000000000000000000000000000000B4
:105CF00000000000000000000000000000000000A4
:105D00000000000000000000000000000000000093
:105D1000000000000000FFFF18C6F7BD18C6FFFF17
:105D2000FFFFFFFF14A510840C6308428E73FFFF72
:105D3000FFFFFFFF000000008E739EF7FFFFFFFFD5
:105D4000FFFFFFFF9EF7FFFFFFFFFFFF96B500007D
:105D50000000000000000000000000000000000043
:105D600018C6FFFFFFFFFFFFFFFFFFFFFFFFFFFF63
:105D7000FFFF0842000000000000000000000000DB
:105D80000000000000000000000000000000000013
:105D90000000000000000000000000000000000003
:105DA00000000000000000000000000000000000F3
:105DB00000000000000000000000000000000000E3
:105DC00000000000000000000000000000000000D3
:105DD00000000000FFFFFFFFFFFFFFFFFFFFFFFFCF
:105DE000FFFFFFFFFFFFFFFFFFFFFFFFFFFFFFFFC3
:105DF000FFFF00000000000086319AD6FFFFFFFF82
:105E0000FFFFFFFFFFFFFFFF9AD682100000000098
:105E100000000000000000000000000000008631CB
:105E20001084108496B518C618C618C618C618C6A9
:105E300086310000000000000000000000000000AB
:105E40000000000000000000000000000000000052
:105E50000000000000000000000000000000000042
:105E60000000000000000000000000000000000032
:105E70000000000000000000000000000000000022
:105E80000000000000000000000000000000000012
:105E90000000FFFFFFFFFFFFFFFFFFFFFFFFFFFF10
:105EA000FFFFFFFFFFFFFFFFFFFFFFFFFFFFFFFF02
:105EB000000000000000000082109AD6FFFFFFFFE4
:105EC000FFFFFFFF9EF7863100000000000000008A
:105ED00000000000000000000000000000000000C2
:105EE00000000000000000000000000000000000B2
:105EF00000000000000000000000000000000000A2
:105F00000000000000000000000000000000000091
:105F10000000000000000000000000000000000081
:105F20000000000000000000000000000000000071
:105F30000000000000000000000000000000000061
:105F40000000000000000000000000000000000051
:105F50009EF7FFFFFFFFFFFFFFFFFFFFFFFFFFFFBA
:105F6000FFFFFFFFFFFFFFFFFFFFFFFFFFFF00003F
:105F700000000000000000009294FFFFFFFFFFFF01
:105F8000FFFF9EF7652900000000000000000000F0
:105F90000000000000000000000092941CE718C6FA
:105FA00018C618C618C6F7BD14A50C63000000007B
:105FB00000000000000000000000000000000000E1
:105FC00000000000000000000000000000000000D1
:105FD00000000000000000000000000000000000C1
:105FE00000000000000000000000000000000000B1
:105FF00000000000000000000000000000000000A1
:106000000000000000000000000000000000000090
:10601000000000000000FFFFFFFFFFFF8E738A52A9
:106020001084EF7B14A5FFFFFFFFFFFF00000000BF
:10603000000000000C63FFFFFFFFFFFFFFFFFFFFFB
:10604000FFFF9AD661080000000000000000000079
:106050000000000000000000F7BDFFFFFFFFFFFF92
:10606000FFFFFFFFFFFFFFFFFFFF084200000000F0
:106070000000000000000000000000000000000020
:106080000000000000000000000000000000000010
:106090000000000000000000000000000000000000
:1060A00000000000000000000000000000000000F0
:1060B00000000000000000000000000000000000E0
:1060C00000000000000000000000000000000000D0
:1060D00000000000FFFFFFFFFFFF0842000000007C
:1060E00000000842FFFFFFFFFFFF0000000000006C
:1060F00086319EF7FFFFFFFFFFFF9EF7FFFFFFFFC9
:10610000FFFF14A5000000000000000000000000D8
:1061100000000000000018C618C6EF7B108418C6E7
:10612000F7BD18C69AD6FFFF084200000000000025
:10613000000000000000000000000000000000005F
:10614000000000000000000000000000000000004F
:10615000000000000000000000000000000000003F
:10616000000000000000000000000000000000002F
:10617000000000000000000000000000000000001F
:10618000000000000000000000000000000000000F
:106190000000FFFFFFFFFFFF0842000000000000BB
:1061A000E739FFFFFFFFFFFF0000000061089EF7D7
:1061B000FFFFFFFFFFFF9AD665299EF7FFFFFFFF56
:1061C000FFFF8A52000000000000000000000000F5
:1061D0000000000018C6108400000000000000004D
:1061E00000000000FFFF0842000000000000000067
:1061F000000000000000000000000000000000009F
:10620000000000000000000000000000000000008E
:10621000000000000000000000000000000000007E
:10622000000000000000000000000000000000006E
:10623000000000000000000000000000000000005E
:10624000000000000000000000000000000000004E
:10625000FFFFFFFFFFFFE7390000000000000842DA
:10626000FFFFFFFFFFFF000000009AD6FFFFFFFFC8
:10627000FFFF9EF761080000694AFFFFFFFFFFFF75
:106280001CE76108000000000000000000000000A2
:10629000000018C61084000000000000000000008C
:1062A0000000FFFF084200000000000000000000A6
:1062B00000000000000000000000000000000000DE
:1062C00000000000000000000000000000000000CE
:1062D00000000000000000000000000000000000BE
:1062E00000000000000000000000000000000000AE
:1062F000000000000000000000000000000000009E
:106300000000000000000000000000000000FFFF8F
:10631000FFFFFFFF08420000000000000842FFFFEF
:10632000FFFFFFFF000014A5FFFFFFFFFFFF9EF729
:10633000863100000000000014A5FFFFFFFFFFFFF3
:106340009294000000000000000000000000000027
:1063500018C69AD610841084108410848E73084254
:10636000FFFF0842000000000000000000000000E5
:10637000000000000000000000000000000000001D
:10638000000000000000000000000000000000000D
:1063900000000000000000000000000000000000FD
:1063A00000000000000000000000000000000000ED
:1063B00000000000000000000000000000000000DD
:1063C000000000000000000000000000FFFFFFFFD1
:1063D000FFFF08420000000000000842FFFFFFFF2F
:1063E000FFFF0C63FFFFFFFFFFFFFFFF0C630000D9
:1063F00000000000000082109EF7FFFFFFFFFFFF7C
:106400000421000000000000000000000000F7BDB3
:10641000FFFFFFFFFFFFFFFFFFFFFFFFFFFFFFFF8C
:106420000842000000000000000000000000000022
:10643000000000000000000000000000000000005C
:10644000000000000000000000000000000000004C
:10645000000000000000000000000000000000003C
:10646000000000000000000000000000000000002C
:10647000000000000000000000000000000000001C
:1064800000000000000000000000FFFFFFFFFFFF12
:1064900008420000000000000842FFFFFFFFFFFF6E
:1064A0009294FFFFFFFFFFFF9294000000000000A6
:1064B0000000000000000C63FFFFFFFFFFFF14A5BA
:1064C0000000000000000000000000008A5218C612
:1064D0009AD6FFFFFFFFFFFFFFFFFFFFFFFF08420E
:1064E00000000000000000000000000000000000AC
:1064F000000000000000000000000000000000009C
:10650000000000000000000000000000000000008B
:10651000000000000000000000000000000000007B
:10652000000000000000000000000000000000006B
:10653000000000000000000000000000000000005B
:106540000000000000000000FFFFFFFFFFFF084207
:1065500000000000000086319EF7FFFFFFFF0000F3
:1065600014A5FFFF18C60000000000000000000096
:1065700000000000000018C6FFFFFFFFFFFF0842F9
:10658000000000000000000000000000000000000B
:1065900000000000000000000000821082100000D7
:1065A00000000000000000000000000000000000EB
:1065B00000000000000000000000000000000000DB
:1065C00000000000000000000000000000000000CB
:1065D00000000000000000000000000000000000BB
:1065E00000000000000000000000000000000000AB
:1065F000000000000000000000000000000000009B
:106600000000000000008631E739084282100000D7
:10661000000000000000000000000000000000007A
:106620008E738210000000000000000000000000D7
:10663000000000000842FFFFFFFFFFFF14A500005D
:106640000000000000000000718C10841084108491
:106650001084108410840842084282100000000058
:10666000000000000000000000000000000000002A
:10667000000000000000000000000000000000001A
:10668000000000000000000000000000000000000A
:1066900000000000000000000000000000000000FA
:1066A00000000000000000000000000000000000EA
:1066B00000000000000000000000000000000000DA
:1066C00000000000000018C6FFFFFFFF108400005C
:1066D0000000000000000000000000008631E739E3
:1066E0001084EB5A000000000000000000000000D1
:1066F00000000000F7BDFFFF75AD042100000000A1
:1067000000000000000018C6FFFFFFFFFFFFFFFFB3
:10671000FFFFFFFFFFFFFFFF084200000000000037
:106720000000000000000000000000000000000069
:106730000000000000000000000000000000000059
:106740000000000000000000000000000000000049
:106750000000000000000000000000000000000039
:106760000000000000000000000000000000000029
:106770000000000000000000000000000000000019
:106780000000000018C6FFFFFFFF1084000000009B
:1067900000000000000000000000718CFFFFFFFF00
:1067A00018C600000000000000000000000000000B
:1067B00000008631084200000000000000000000D8
:1067C00000000000929418C618C61CE7FFFFFFFFE8
:1067D000FFFFFFFFFFFF0842000000000000000075
:1067E00000000000000000000000000000000000A9
:1067F0000000000000000000000000000000000099
:106800000000000000000000000000000000000088
:106810000000000000000000000000000000000078
:106820000000000000000000000000000000000068
:106830000000000000000000000000000000000058
:10684000000018C6FFFFFFFF1084000000000000DA
:106850000000000000000000EF7BFFFFFFFFFFFFD4
:106860000000000000000000000000000000000028
:106870000000000000000000000000000000000018
:106880000000000000000000000000000000000008
:1068900000000000000000000000000000000000F8
:1068A00000000000000000000000000000000000E8
:1068B00000000000000000000000000000000000D8
:1068C00000000000000000000000000000000000C8
:1068D00000000000000000000000000000000000B8
:1068E00000000000000000000000000000000000A8
:1068F00000000000000018C6FFFF9AD618C618C690
:106900009EF7FFFFFFFFF7BD10848E730842084219
:106910000842084200000842FFFFFFFFFFFF82100D
:106920000000000000000000000000000000000067
:106930000000000000000000000000000000000057
:1069400092940C63000000000000000000000000B2
:106950000000000000000000000000000000000037
:106960000000000000000000000000000000000027
:106970000000000000000000000000000000000017
:106980000000000000000000000000000000000007
:1069900000000000000000000000000000000000F7
:1069A00000000000000000000000000000000000E7
:1069B0000000000018C6FFFFFFFFFFFFFFFFFFFF03
:1069C000FFFFFFFFFFFFFFFFFFFFFFFFFFFFFFFFD7
:1069D000FFFFFFFFFFFFFFFFFFFFFFFF9AD618C675
:1069E00018C614A51084108410848E7308420842BF
:1069F000084204210000000000000000000018C64A
:106A000010840000000000000000000000000000F2
:106A10000000000000000000000000000000000076
:106A20000000000000000000000000000000000066
:106A30000000000000000000000000000000000056
:106A40000000000000000000000000000000000046
:106A50000000000000000000000000000000000036
:106A60000000000000000000000000000000000026
:106A7000000018C6FFFFFFFFFFFFFFFFFFFFFFFF44
:106A8000FFFFFFFFFFFFFFFFFFFFFFFFFFFFFFFF16
:106A9000FFFFFFFFFFFFFFFFFFFFFFFFFFFFFFFF06
:106AA000FFFFFFFFFFFFFFFFFFFFFFFFFFFFFFFFF6
:106AB00010840000000000000000000018C61084D0
:106AC00000000000000000000000000000000000C6
:106AD00000000000000000000000000000000000B6
:106AE00000000000000000000000000000000000A6
:106AF0000000000000000000000000000000000096
:106B00000000000000000000000000000000000085
:106B10000000000000000000000000000000000075
:106B20000000000000000000000000000000000065
:106B300092941CE7FFFFFFFFFFFFFFFFFFFFFFFF38
:106B4000FFFFFFFFFFFFFFFFFFFFFFFFFFFFFFFF55
:106B5000FFFFFFFFFFFFFFFFFFFFFFFFFFFFFFFF45
:106B6000FFFFFFFFFFFFFFFFFFFFFFFFFFFF10849F
:106B700000000000000000000000F7BD1CE718C680
:106B800018C618C618C6F7BD10841084042100006A
:106B900000000000000000000000000000000000F5
:106BA00000000000000000000000000000000000E5
:106BB00000000000000000000000000000000000D5
:106BC00000000000000000000000000000000000C5
:106BD00000000000000000000000000000000000B5
:106BE00000000000000000000000000000000000A5
:106BF0000000000000000000F7BDFFFFFFFF14A52C
:106C00000842108410841084108475AD18C618C60C
:106C10001CE7FFFFFFFFFFFFFFFFFFFFFFFFFFFF7F
:106C2000FFFFFFFFFFFFFFFFFFFFFFFF10840000DC
:106C3000000000000000000018C6FFFFFFFFFFFF7C
:106C4000FFFFFFFFFFFFFFFFFFFF08420000000004
:106C50000000000000000000000000000000000034
:106C60000000000000000000000000000000000024
:106C70000000000000000000000000000000000014
:106C80000000000000000000000000000000000004
:106C900000000000000000000000000000000000F4
:106CA00000000000000000000000000000000000E4
:106CB00000000000000018C6FFFFFFFF1084000066
:106CC0000000000000000000000000000000108430
:106CD000FFFFFFFFFBDE000082100842084208426F
:106CE000084210841CE7FFFFFFFF10840000000033
:106CF00000000000000018C618C6EF7B96B518C645
:106D000018C6F7BD18C618C686310000000000007E
:106D10000000000000000000000000000000000073
:106D20000000000000000000000000000000000063
:106D30000000000000000000000000000000000053
:106D40000000000000000000000000000000000043
:106D50000000000000000000000000000000000033
:106D60000000000000000000000000000000000023
:106D700000000000F7BDFFFFFFFF108400000000CF
:106D80000000000000000000000000000C63FFFF96
:106D9000FFFFFFFF000000000000000000000000F7
:106DA000000018C6FFFFFFFF108400000000000075
:106DB0000000000018C61084000000000000000061
:106DC00000000000000000000000000000000000C3
:106DD00000000000000000000000000000000000B3
:106DE00000000000000000000000000000000000A3
:106DF0000000000000000000000000000000000093
:106E00000000000000000000000000000000000082
:106E10000000000000000000000000000000000072
:106E20000000000000000000000000000000000062
:106E3000000018C6FFFFFFFF1084000000000000E4
:106E4000000000000000000000000842FFFFFFFFFC
:106E5000FFFF6529000000000000000000000000A6
:106E600018C6FFFFFFFF10840000000000000000B4
:106E7000000018C6108400000000000000000000A0
:106E80000000000000000000000000000000000002
:106E900000000000000000000000000000000000F2
:106EA00000000000000000000000000000000000E2
:106EB00000000000000000000000000000000000D2
:106EC00000000000000000000000000000000000C2
:106ED00000000000000000000000000000000000B2
:106EE00000000000000000000000000000000000A2
:106EF00004210842084204210000000000000000B4
:106F000000000000000000000000FFFF9EF7F7BD3A
:106F10008631000000000000000000000000EB5A75
:106F20009294F7BD0C630000000000000000000018
:106F30008631042100000000000000000000000075
:106F40000000000000000000000000000000000041
:106F50000000000000000000000000000000000031
:106F60000000000000000000000000000000000021
:106F70000000000000000000000000000000000011
:106F80000000000000000000000000000000000001
:106F900000000000000000000000000000000000F1
:106FA00000000000000000000000000000000000E1
:106FB00000000000000000000000000000000000D1
:106FC00000000000000000000000000000000000C1
:106FD00000000000000000000000000000000000B1
:106FE00000000000000000000000000000000000A1
:106FF0000000000000000000000000000000000091
:107000000000000000000000000000000000000080
:107010000000000000000000000000000000000070
:107020000000000000000000000000000000000060
:107030000000000000000000000000000000000050
:107040000000000000000000000000000000000040
:107050000000000000000000000000000000000030
:107060000000000000000000000000000000000020
:107070000000000000000000000000000000000010
:107080000000000000000000000000000000000000
:1070900000000000000000000000000000000000F0
:1070A00000000000000000000000000000000000E0
:1070B00000000000000004218A52108496B5863139
:1070C00000000000000000000000000000000000C0
:1070D00000000000000000000000000000000000B0
:1070E00000000000000000000000000000000000A0
:1070F0000000000000000000000000000000000090
:10710000000000000000000000000000000000007F
:10711000000000000000000000000000000000006F
:10712000000000000000000000000000000000005F
:10713000000000000000000000000000000000004F
:10714000000000000000000000000000000000003F
:10715000000000000000000000000000000000002F
:107160000000000000000000000004218E739294D3
:1071700018C6FFFFFFFFFFFFFFFFFFFF08420000F1
:1071800000000000000000000000000000000000FF
:1071900000000000000000000000000000000000EF
:1071A00000000000000000000000000000000000DF
:1071B00000000000000000000000000000000000CF
:1071C00000000000000000000000000000000000BF
:1071D00000000000000000000000000000000000AF
:1071E000000000000000000000000000000000009F
:1071F000000000000000000000000000000000008F
:10720000000000000000000000000000000000007E
:10721000000000000000000000000000000000006E
:10722000000000000000000018C6FFFFFFFFFFFF86
:10723000FFFFFFFFFFFF9EF718C68631000000002A
:10724000000000000000000000000000000000003E
:10725000000000000000000000000000000000002E
:10726000000000000000000000000000000000001E
:10727000000000000000000000000000000000000E
:1072800000000000000000000000000000000000FE
:1072900000000000000000000000000000000000EE
:1072A00000000000000000000000000000000000DE
:1072B00000000000000000000000000000000000CE
:1072C00000000000000000000000000000000000BE
:1072D00000000000000000000000000000000000AE
:1072E000000000000000F7BDFFFF18C614A518C677
:1072F0009AD682100000000000000000000000008C
:10730000000000000000000000000000000000007D
:10731000000000000000000000000000000000006D
:10732000000000000000000000000000000000005D
:10733000000000000000000000000000000000004D
:10734000000000000000000000000000000000003D
:10735000000000000000000000000000000000002D
:10736000000000000000000000000000000000001D
:10737000000000000000000000000000000000000D
:1073800000000C631084108408420000000000001C
:1073900000000000000000000000000000000000ED
:1073A0000000000018C6EF7B000000001084F7BD4D
:1073B00000000000000000000000000000000000CD
:1073C00000000000000000000000000000000000BD
:1073D00000000000000000000000000000000000AD
:1073E000000000000000000000000000000000009D
:1073F000000000000000000000000000000000008D
:10740000000000000000000000000000000000007C
:10741000000000000000000000000000000000006C
:10742000000000000000000000000000000000005C
:10743000000000000000000000000000000000004C
:1074400096B5FFFFFFFF96B50000000000000000AA
:10745000000000000000000000000000000000002C
:107460000000F7BD9AD60C630421108418C60000F2
:10747000000000000000000000000000000000000C
:1074800000000000000000000000000000000000FC
:1074900000000000000000000000000000000000EC
:1074A00000000000000000000000000000000000DC
:1074B00000000000000000000000000000000000CC
:1074C00000000000000000000000000000000000BC
:1074D00000000000000008420842E7398210000066
:1074E000000000000000000000000000000000009C
:1074F00000000000000000000000000000001084F8
:10750000FFFFFFFF18C600000000000000000000A1
:10751000000000000000000000000000000000006B
:1075200018C6FFFFFFFFFFFFFFFF1CE70C630421EE
:10753000000000000000000000000000000000004B
:10754000000000000000000000000000000000003B
:10755000000000000000000000000000000000002B
:10756000000000000000000000000000000000001B
:10757000000000000000000000000000000000000B
:1075800000000000000000000000000000000000FB
:1075900000000000FFFFFFFFFFFFFFFFFFFFFFFFF7
:1075A000FFFF1CE718C618C618C696B510841084CD
:1075B0001084108408420842084208421084FFFFE9
:1075C000FFFFFFFF000000000000000000000000BF
:1075D00000000000000000000000000000008631F4
:1075E00018C6FFFFFFFFFFFFFFFFFFFFFFFF1CE7C6
:1075F00086310000000000000000000000000000D4
:10760000000000000000000000000000000000007A
:10761000000000000000000000000000000000006A
:10762000000000000000000000000000000000005A
:10763000000000000000000000000000000000004A
:10764000000000000000000000000000000000003A
:107650000000FFFFFFFFFFFFFFFFFFFFFFFFFFFF38
:10766000FFFFFFFFFFFFFFFFFFFFFFFFFFFFFFFF2A
:10767000FFFFFFFFFFFFFFFFFFFFFFFFFFFFFFFF1A
:10768000FFFF1CE718C6F7BD18C696B51084108416
:107690000C6300000000000000000000000000007B
:1076A00000008A5292949AD6FFFFFFFFFFFF084224
:1076B00000000000000000000000000000000000CA
:1076C00000000000000000000000000000000000BA
:1076D00000000000000000000000000000000000AA
:1076E000000000000000000000000000000000009A
:1076F000000000000000000000000000000000008A
:107700000000000000000000000000000000000079
:10771000FFFFFFFFFFFFFFFFFFFFFFFFFFFFFFFF79
:10772000FFFFFFFFFFFFFFFFFFFFFFFFFFFFFFFF69
:10773000FFFFFFFFFFFFFFFFFFFFFFFFFFFFFFFF59
:10774000FFFFFFFFFFFFFFFFFFFFFFFFFFFF18C669
:107750000000000000000000000000000000000029
:1077600000000000000082100C6314A586310000A8
:107770000000000000000000000000000000000009
:1077800000000000000000000000000000000000F9
:1077900000000000000000000000000000000000E9
:1077A00000000000000000000000000000000000D9
:1077B00000000000000000000000000000000000C9
:1077C0000000000000000000000000000000EF7B4F
:1077D000108414A518C6F7BD18C69AD6FFFFFFFF80
:1077E000FFFFFFFFFFFFFFFFFFFFFFFFFFFFFFFFA9
:1077F000FFFFFFFFFFFFFFFFFFFFFFFFFFFFFFFF99
:10780000FFFFFFFFFFFFFFFFFFFFFFFF18C60000A6
:107810000000000000000000000000000000000068
:107820000000000000000000000000000000000058
:107830000000000000000000000000000000000048
:107840000000000000000000000000000000000038
:107850000000000000000000000000000000000028
:107860000000000000000000000000000000000018
:107870000000000000000000000000000000000008
:1078800000000000000000000000000000000000F8
:1078900000000000000000000000000000000000E8
:1078A000000008420842084208428E731084108487
:1078B000108414A5F7BD9EF7FFFFFFFFFFFFFFFF3A
:1078C000FFFFFFFFFFFFFFFFFFFF18C600000000E4
:1078D00000000000000018C618C68E738631000034
:1078E0000000000000000000000000000000000098
:1078F0000000000000000000000000000000000088
:107900000000000000000000000000000000000077
:107910000000000000000000000000000000000067
:107920000000000000000000000000000000000057
:107930000000000000000000000000000000000047
:107940000000000000000000000000000000000037
:10795000000000000000821096B5108400000000B6
:107960000000000000000000000000000000000017
:107970000000000018C6FFFFFFFF10840000000099
:107980000000084208420842863100000000000062
:107990000000000018C6FFFFFFFFFFFF7DEF14A5EA
:1079A0000C63042100000000000000000000000043
:1079B00000000000000000000000000000000000C7
:1079C00000000000000000000000000000000000B7
:1079D00000000000000000000000000000000000A7
:1079E0000000000000000000000000000000000097
:1079F0000000000000000000000000000000000087
:107A00000000000000000000000000000000000076
:107A10000000E3189AD6FFFFFFFF0C630000000090
:107A2000000000000000000000000C6300000000E7
:107A3000000096B5FFFFFFFF18C600000000000021
:107A40000000000000000000000000000000000036
:107A50000000EB5A96B5FFFFFFFFFFFFFFFFFFFFA0
:107A6000FFFF14A50000000000000000000000005F
:107A70000000000000000000000000000000000006
:107A800000000000000000000000000000000000F6
:107A900000000000000000000000000000000000E6
:107AA00000000000000000000000000000000000D6
:107AB00000000000000000000000000000000000C6
:107AC0000000000000000000000000000000E73996
:107AD0009EF7FFFFFFFFFFFF9EF7821000000000F0
:107AE0000000000082109AD6FFFF10840000000002
:107AF0001084FFFFFFFFF7BD000000000000000042
:107B00000000000000000000000000000000000075
:107B10000000000000000842108418C6FFFFFFFFAD
:107B2000FFFF08420000000000000000000000000D
:107B30000000000000000000000000000000000045
:107B40000000000000000000000000000000000035
:107B50000000000000000000000000000000000025
:107B60000000000000000000000000000000000015
:107B70000000000000000000000000000000000005
:107B8000000000000000000000008E73FFFFFFFFF8
:107B9000FFFFFFFF9EF70C630000000000000000E5
:107BA00086319EF7FFFFFFFFFFFF8A520000EF7B49
:107BB000FFFFFFFFFFFF00000000000000000000CB
:107BC00000000000000000000000000000000000B5
:107BD000000000000000E7398E7314A5FFFFFFFFCF
:107BE000084200000000000000000000000000004B
:107BF0000000000000000000000000000000000085
:107C00000000000000000000000000000000000074
:107C10000000000000000000000000000000000064
:107C20000000000000000000000000000000000054
:107C30000000000000000000000000000000000044
:107C400000000000821014A5FFFFFFFFFFFFFFFFF1
:107C50001CE7863100000000000000006D6BFFFF94
:107C6000FFFFFFFFFFFFFFFF0C6300000842FFFF65
:107C7000FFFFFFFF00000000000000000000000008
:107C8000000000000000000000000000EB5A18C6D1
:107C90001CE7FFFFFFFFFFFFFFFFFFFFFFFF0842A3
:107CA00000000000000000000000000000000000D4
:107CB00000000000000000000000000000000000C4
:107CC00000000000000000000000000000000000B4
:107CD00000000000000000000000000000000000A4
:107CE0000000000000000000000000000000000094
:107CF0000000000000000000000000000000000084
:107D000000009AD6FFFFFFFFFFFFFFFF18C682109B
:107D1000000000000000821014A5FFFFFFFFFFFF1E
:107D2000FFFF9EF70842000000000842FFFFFFFF30
:107D3000FFFF0842000000000000000000000000FB
:107D400000000000000000000000F7BDFFFFFFFF83
:107D5000FFFFFFFFFFFF1CE718C61084042100008F
:107D60000000000000000000000000000000000013
:107D70000000000000000000000000000000000003
:107D800000000000000000000000000000000000F3
:107D900000000000000000000000000000000000E3
:107DA00000000000000000000000000000000000D3
:107DB00000000000000000000000000000000000C3
:107DC0009294FFFFFFFFFFFF92940000000000006D
:107DD000000004219AD6FFFFFFFFFFFFFFFF79CECF
:107DE00082100000000000000000FFFFFFFFFFFF07
:107DF0008A520000000000000000000000000000A7
:107E0000000000000000000096B518C692940C63B4
:107E10000842000000000000000000000000000018
:107E20000000000000000000000000000000000052
:107E30000000000000000000000000000000000042
:107E40000000000000000000000000000000000032
:107E50000000000000000000000000000000000022
:107E60000000000000000000000000000000000012
:107E70000000000000000000000000000000000002
:107E800018C6FFFF0C6300000000000000000000A7
:107E900086317DEFFFFFFFFFFFFF9294000000009F
:107EA0000000000000000000FFFFFFFFFFFF108444
:107EB00000000000000000000000000000000000C2
:107EC00000000000000000000000000000000000B2
:107ED00000000000000000000000000000000000A2
:107EE0000000000000000000000000000000000092
:107EF0000000000000000000000000000000000082
:107F00000000000000000000000000000000000071
:107F10000000000000000000000000000000000061
:107F20000000000000000000000000000000000051
:107F300000000000000000000000000000006108D8
:107F4000863100000000000000000000000000007A
:107F5000EB5AFFFF9EF70C630000000000000000DA
:107F6000000000000000F7BDFFFFFFFF929400003B
:107F70000000000000000000000000000000000001
:107F8000000000000842108410848A52084208420F
:107F900008420842821000000000000000000000BB
:107FA00000000000000000000000000000000000D1
:107FB00000000000000000000000000000000000C1
:107FC00000000000000000000000000000000000B1
:107FD00000000000000000000000000000000000A1
:107FE0000000000000000000000000000000000091
:107FF0000000000000000000000000000000000081
:108000000000000000000000000000000000000070
:108010008E736529000000000000000000000000D1
:108020000000000018C6FFFFFFFFF7BD00000000C2
:108030000000000000000000000000000000000040
:10804000000018C6FFFFFFFFFFFFFFFFFFFFFFFF5E
:10805000FFFF7DEF04210000000000000000000091
:108060000000000000000000000000000000000010
:108070000000000000000000000000000000000000
:1080800000000000000000000000000000000000F0
:1080900000000000000000000000000000000000E0
:1080A00000000000000000000000000000000000D0
:1080B000000000000000929418C618C6108400004A
:1080C00000000000000000000C6318C618C614A5CC
:1080D00000000000000000000000000000008631E9
:1080E00000001084FFFFFFFF18C600000000000022
:1080F0000000000000000000000000000000000080
:1081000018C6FFFFFFFFFFFFFFFFFFFFFFFFFFFF9F
:10811000FFFF084200000000000000000000000017
:10812000000000000000000000000000000000004F
:10813000000000000000000000000000000000003F
:10814000000000000000000000000000000000002F
:10815000000000000000000000000000000000001F
:10816000000000000000000000000000000000000F
:108170000000000018C6FFFFFFFF18C60000000047
:108180000000000000001084FFFFFFFFFFFF000061
:10819000000000000000000000008E73FFFF14A527
:1081A00004210000000000000000000000000000AA
:1081B000000000000000000000000000000018C6E1
:1081C000108400000000000004210842E739FFFF8E
:1081D000E73900000000000000000000000000007F
:1081E000000000000000000000000000000000008F
:1081F000000000000000000000000000000000007F
:10820000000000000000000000000000000000006E
:10821000000000000000000000000000000000005E
:10822000000000000000000000000000000000004E
:1082300000009294FFFFFFFF18C60000000000003E
:10824000000000001084FFFFFFFFFFFF00000000A0
:1082500000000000000014A5FFFFFFFFFFFFF39CDC
:10826000000000000000000000000000000000000E
:10827000000000000000000000000000F7BD1084B6
:10828000000000000000000000000000FFFF0842A6
:1082900000000000000000000000000000000000DE
:1082A00000000000000000000000000000000000CE
:1082B00000000000000000000000000000000000BE
:1082C00000000000000000000000000000000000AE
:1082D000000000000000000000000000000000009E
:1082E000000000000000000000000000000000008E
:1082F0001084FFFFFFFF18C6000000000000000010
:1083000000001084FFFFFFFFFFFF000000000000DF
:1083100061089AD6FFFFFFFFFFFFFFFF9EF70421D2
:10832000000000000000000000000000000000004D
:108330000000000000000000000018C6F39C82103E
:1083400000000000000000000000FFFF08420000E5
:10835000000000000000000000000000000000001D
:10836000000000000000000000000000000000000D
:1083700000000000000000000000000000000000FD
:1083800000000000000000000000000000000000ED
:1083900000000000000000000000000000000000DD
:1083A0000000000000000000000000000000108439
:1083B000FFFFFFFFFFFFEF7B0C630842084208420C
:1083C00014A5FFFFFFFFFFFF0000000065299EF7D7
:1083D000FFFFFFFFFFFFFFFF79CE04210000000039
:1083E000000000000000000000000000000000008D
:1083F000000000000000000018C6FFFFFFFFFFFFA5
:10840000FFFFFFFFFFFFFFFFFFFF0842000000002C
:10841000000000000000000000000000000000005C
:10842000000000000000000000000000000000004C
:10843000000000000000000000000000000000003C
:10844000000000000000000000000000000000002C
:10845000000000000000000000000000000000001C
:10846000000000000000000000000000EB5AFFFFC9
:10847000FFFFFFFFFFFFFFFFFFFFFFFFFFFFFFFF0C
:10848000FFFFFFFFFFFFFFFF18C69EF7FFFFFFFF85
:10849000FFFFFFFF9EF792940C6308420842E73902
:1084A0008631000000000000000000000000000015
:1084B00000000000000096B5FFFFFFFFFFFFFFFF79
:1084C000FFFFFFFFFFFFFFFF08420000000000006A
:1084D000000000000000000000000000000000009C
:1084E000000000000000000000000000000000008C
:1084F000000000000000000000000000000000007C
:10850000000000000000000000000000000000006B
:10851000000000000000000000000000000000005B
:10852000000000000000000000000842FFFFFFFF05
:10853000FFFFFFFFFFFFFFFFFFFFFFFFFFFFFFFF4B
:10854000FFFFFFFFFFFFFFFFFFFFFFFFFFFFFFFF3B
:10855000FFFFFFFFFFFFFFFFFFFFFFFFFFFFFFFF2B
:10856000FFFFFFFFFFFFFFFF9294000000000000ED
:108570000000000000000842084208426D6B1084B1
:108580001084EF7B10840421000000000000000034
:1085900000000000000000000000000000000000DB
:1085A00000000000000000000000000000000000CB
:1085B00000000000000000000000000000000000BB
:1085C00000000000000000000000000000000000AB
:1085D000000000000000000000000000000000009B
:1085E0000000000000000000E739FFFFFFFFFFFF71
:1085F000FFFFFFFFFFFFFFFFFFFFFFFFFFFFFFFF8B
:10860000FFFFFFFFFFFFFFFFFFFFFFFFFFFFFFFF7A
:10861000FFFFFFFFFFFFFFFFFFFFFFFFFFFFFFFF6A
:10862000FFFFFFFFFFFF18C6000000000000000072
:1086300000008631E73982100000000000000000D1
:10864000000000000000000000000000000000002A
:10865000000000000000000000000000000000001A
:10866000000000000000000000000000000000000A
:1086700000000000000000000000000000000000FA
:1086800000000000000000000000000000000000EA
:1086900000000000000000000000000000000000DA
:1086A0000000000000000842FFFFFFFFFFFF8A52AA
:1086B00010841084108410841CE7FFFFFFFFFFFF6D
:1086C000FFFFFFFFFFFFFFFFFFFFFFFFFFFFFFFFBA
:1086D000FFFFFFFFFFFFFFFFFFFFFFFFFFFFFFFFAA
:1086E000FFFFFFFF18C600000000000000000000B0
:1086F00018C6FFFFFFFFFFFFFFFFFFFFFFFFFFFFAA
:1087000018C68210000000000000000000000000F9
:108710000000000000000000000000000000000059
:108720000000000000000000000000000000000049
:108730000000000000000000000000000000000039
:108740000000000000000000000000000000000029
:108750000000000000000000000000000000000019
:10876000000000000842FFFFFFFFFFFF00000000C5
:108770000000000000001084FFFFFFFFFFFFF39CDC
:10878000FFFFFFFFFFFFFFFFFFFFFFFFFFFFFFFFF9
:108790001CE7718C10841084F7BD18C618C6F7BD8D
:1087A0009EF7F7BD0000000000000000000018C6A2
:1087B000FFFFFFFFFFFFFFFFFFFFFFFFFFFFFFFFC9
:1087C000084200000000000000000000000000005F
:1087D0000000000000000000000000000000000099
:1087E0000000000000000000000000000000000089
:1087F0000000000000000000000000000000000079
:108800000000000000000000000000000000000068
:108810000000000000000000000000000000000058
:108820000000E739FFFFFFFFFFFF0000000000002E
:10883000000000001084FFFFFFFFFFFF0000821018
:1088400010841CE7FFFFFFFFFFFFFFFFFFFFFFFF9D
:108850009EF7929404210000000000000000000038
:108860000000000000000000000000008631084207
:108870000842E7390C637DEFFFFFFFFFFFFF863102
:1088800000000000000000000000000000000000E8
:1088900000000000000000000000000000000000D8
:1088A00000000000000000000000000000000000C8
:1088B00000000000000000000000000000000000B8
:1088C00000000000000000000000000000000000A8
:1088D0000000000000000000000000000000000098
:1088E0000842FFFFFFFFFFFF000000000000000044
:1088F00000001084FFFFFFFFFFFF000000000000EA
:1089000000000C6318C6FFFFFFFFFFFFFFFFFFFF24
:10891000FFFFFFFF96B5E7390000000000000000F0
:108920000000000000000000000000000000000047
:108930000C637DEFFFFFFFFF18C60421000000005D
:108940000000000000000000000000000000000027
:108950000000000000000000000000000000000017
:108960000000000000000000000000000000000007
:1089700000000000000000000000000000000000F7
:1089800000000000000000000000000000000000E7
:108990000000000000000000000000000000E739B7
:1089A000FFFFFFFFFFFF00000000000000000000CD
:1089B0001084FFFFFFFFFFFF000000000000000029
:1089C00000000000863114A59EF7FFFFFFFFFFFFA8
:1089D000FFFFFFFFFFFF0C6300000000000000002E
:1089E00000000000000000000000084218C6FFFF61
:1089F000FFFF1CE7694A00000000000000000000C3
:108A00000000000000000000000000000000000066
:108A10000000000000000000000000000000000056
:108A20000000000000000000000000000000000046
:108A30000000000000000000000000000000000036
:108A40000000000000000000000000000000000026
:108A5000000000000000000000000000821008423A
:108A600008420842000000000000000000001084DE
:108A7000FFFFFFFFFFFF00000000000000000000FC
:108A800000000000000061088E731CE7FFFFFFFF7D
:108A9000FFFF9EF700000000000000000000000043
:108AA0000000000000001084FFFFFFFFFFFF1084A4
:108AB0008210000000000000000000000000000024
:108AC00000000000000000000000000000000000A6
:108AD0000000000000000000000000000000000096
:108AE0000000000000000000000000000000000086
:108AF0000000000000000000000000000000000076
:108B00000000000000000000000000000000000065
:108B10000000000000000000000000000000000055
:108B2000000000000000000000000000E318084200
:108B30008E731084000000000000000000000000A0
:108B4000000000000000000000008A5218C6FFFF6D
:108B50001084000000000000000000000000000081
:108B60000000000018C6FFFFFFFFFFFFFFFFFFFF31
:108B7000FFFFFFFF9AD686310000000000000000D2
:108B800000000000000000000000000000000000E5
:108B900000000000000000000000000000000000D5
:108BA00000000000000000000000000000000000C5
:108BB00000000000000000000000000000000000B5
:108BC00000000000000000000000000000000000A5
:108BD0000000000000000000000000000000000095
:108BE0000000000000000000000000000000000085
:108BF0000000000000000000000000000000000075
:108C0000000000000000000000000000E3188210D7
:108C10000000000000000000000000000000000054
:108C2000000096B5FFFFFFFFFFFFFFFFFFFFFFFF05
:108C3000FFFFFFFFE7390000000000000000000018
:108C40000000000000000000000000000000000024
:108C50000000000000000000000000000000000014
:108C60000000000000000000000000000000000004
:108C700000000000000000000000000000000000F4
:108C800000000000000000000000000000000000E4
:108C900000000000000000000000000000000000D4
:108CA00000000000000000000000000000000000C4
:108CB00000000000000000000000000000000000B4
:108CC00000000000000000000000000000000000A4
:108CD0000000000000000000000000000000000094
:108CE00082100842084208420C63108410841084E9
:108CF00010840421000000000000000000000000BB
:108D00000000000000000000000000000000000063
:108D10000000000000000000000000000000000053
:108D20000000000000000000000000000000000043
:108D30000000000000000000000000000000000033
:108D40000000000000000000000000000000000023
:108D50000000000000000000000000000000000013
:108D60000000000000000000000000000000000003
:108D700000000000000000000000000000000000F3
:108D800000000000000000000000000000000000E3
:108D9000000000000000000000000000000086311C
:108DA0000842042100000000000000000000000054
:108DB00000000000000000000000000000000000B3
:108DC00000000000000000000000000000000000A3
:108DD0000000000000000000000000000000000093
:108DE0000000000000000000000000000000000083
:108DF0000000000000000000000000000000000073
:108E00000000000000000000000000000000000062
:108E10000000000000000000000000000000000052
:108E20000000000000000000000000000000000042
:108E30000000000000000000000000000000000032
:108E40000000000000000000000000000000000022
:108E500000000000000000000000000018C6FFFF36
:108E6000FFFFFFFFFFFFFFFFFFFFFFFF9AD6E318A3
:108E700000000000000000000000000000000000F2
:108E800000000000000000000000000000000000E2
:108E900000000000000000000000000000000000D2
:108EA00000000000000000000000000000000000C2
:108EB00000000000000000000000000000000000B2
:108EC00000000000000000000000000000000000A2
:108ED0000000000000000000000000000000000092
:108EE0000000000000000000000000000000000082
:108EF0000000000000000000000000000000000072
:108F00000000000000000000000000000000000061
:108F10000000000000000000000018C6FFFFFFFF77
:108F2000FFFFFFFFFFFFFFFFFFFFFFFF0842000003
:108F30000000000000000000000000000000000031
:108F40000000000000000000000000000000000021
:108F50000000000000000000000000000000000011
:108F60000000000000000000000000000000000001
:108F700000000000000000000000000000000000F1
:108F800000000000000000000000000000000000E1
:108F9000821000000000000000000000000000003F
:108FA00000000000000000000000000000000000C1
:108FB00000000000000000000000000000000000B1
:108FC0000000000000000C631084108408420000C0
:108FD00000000000000000008631084208420842FC
:108FE0008A529EF7FFFFFFFF9EF7863100000000C8
:108FF0000000000000000000000000000000000071
:109000000000000000000000000000000000000060
:109010000000000000000000000000000000000050
:109020000000000000000000000000000000000040
:109030000000000000000000000000000000000030
:10904000000000000000000000000000000018C642
:10905000FFFFFFFFFFFF7DEF18C618C618C618C632
:1090600010841084108410848A52084208420842F6
:1090700004210000000000000000000000000000CB
:109080000000000018C6FFFFFFFFEF7B000000009C
:109090000000000000000000000000008E739EF73A
:1090A000FFFFFFFF18C604210000000000000000C1
:1090B00000000000000000000000000000000000B0
:1090C00000000000000000000000000000000000A0
:1090D0000000000000000000000000000000000090
:1090E0000000000000000000000000000000000080
:1090F0000000000000000000000000000000000070
:1091000000000000000000000000000018C6FFFF83
:10911000FFFFFFFFFFFFFFFFFFFFFFFFFFFFFFFF5F
:10912000FFFFFFFFFFFFFFFFFFFFFFFFFFFFFFFF4F
:10913000FFFFFFFF00000000000000000000000033
:10914000000018C6FFFFFFFF1084000000000000B1
:10915000000000000000084279CEFFFFFFFF1CE77F
:109160008A52000000000000000000000000000023
:1091700000000000000000000000000000000000EF
:1091800000000000000000000000000000000000DF
:1091900000000000000000000000000000000000CF
:1091A00000000000000000000000000000000000BF
:1091B00000000000000000000000000000000000AF
:1091C0000000000000000000000018C6FFFFFFFFC5
:1091D000FFFFFFFFFFFFFFFFFFFFFFFFFFFFFFFF9F
:1091E000FFFFFFFFFFFFFFFFFFFFFFFFFFFFFFFF8F
:1091F000FFFF000000000000000000000000000071
:1092000018C6FFFFFFFFEF7B00000000000000001A
:109210000000EF7BFFFFFFFFFFFF108482100000C4
:10922000000000000000000000000000000000003E
:10923000000000000000000000000000000000002E
:10924000000000000000000000000000000000001E
:10925000000000000000000000000000000000000E
:1092600000000000000000000000000000000000FE
:1092700000000000000000000000000000000000EE
:10928000000000000000000018C6FFFFFFFF9EF76F
:10929000FFFFFFFFFFFFFFFFFFFFFFFFFFFFFFFFDE
:1092A000FFFFFFFFFFFFFFFFFFFFFFFFFFFFFFFFCE
:1092B000000000000000000000000000000018C6D0
:1092C000FFFFFFFF1084000000000000000000000E
:1092D00018C6FFFFFFFFFFFFFFFFFFFFFFFFFFFFBE
:1092E0001CE78631000000000000000000000000C4
:1092F000000000000000000000000000000000006E
:10930000000000000000000000000000000000005D
:10931000000000000000000000000000000000004D
:10932000000000000000000000000000000000003D
:10933000000000000000000000000000000000002D
:1093400000000000000018C6FFFFFFFF18C6000065
:109350000000000000008631084208420842EB5A33
:10936000108410841084718C18C618C618C60000AA
:1093700000000000000000000000000018C6FFFF11
:10938000FFFF10840000000000000000000096B500
:10939000FFFFFFFFFFFFFFFFFFFFFFFFFFFFFFFFDD
:1093A0000842000000000000000000000000000073
:1093B00000000000000000000000000000000000AD
:1093C000000000000000000000000000000000009D
:1093D000000000000000000000000000000000008D
:1093E000000000000000000000000000000000007D
:1093F000000000000000000000000000000000006D
:109400000000000018C6FFFFFFFF18C600000000A4
:10941000000000000000000000000000000000004C
:1094200000000000000000000000000018C6FFFF60
:10943000FFFFFFFF9AD618C6F7BD9EF7FFFFFFFF9D
:109440001084000000000000000000008210E739D6
:1094500008420842084210841084108410840421B9
:1094600000000000000000000000000000000000FC
:1094700000000000000000000000000000000000EC
:1094800000000000000000000000000000000000DC
:1094900000000000000000000000000000000000CC
:1094A00000000000000000000000000000000000BC
:1094B00000000000000000000000000000000000AC
:1094C000000018C6FFFFFFFF18C60000000086312D
:1094D00086310000000000000000000000000000D5
:1094E0000000000000000000000018C6FFFFFFFFA2
:1094F000FFFFFFFFFFFFFFFFFFFFFFFFFFFF1084E6
:109500000000000000000000000065290842084239
:1095100082100000000000000000000000000000B9
:10952000000000000000000000000000000000003B
:10953000000000000000000000000000000000002B
:10954000000000000000000000000000000000001B
:10955000000000000000000000000000000000000B
:1095600000000000000000000000000000000000FB
:1095700000000000000000000000000000000000EB
:1095800018C6FFFFFFFF18C60000000018C6FFFF47
:10959000FFFFFFFFFFFFFFFF18C618C618C618C65B
:1095A0009294EF7BEF7B108479CEFFFFFFFFFFFFEC
:1095B000FFFFFFFFFFFFFFFFFFFFFFFF1084000023
:1095C000000000000000000018C6FFFFFFFFFFFFC3
:1095D000FFFFFFFFFFFFFFFFFFFF0842000000004B
:1095E000000000000000000000000000000000007B
:1095F000000000000000000000000000000000006B
:10960000000000000000000000000000000000005A
:10961000000000000000000000000000000000004A
:10962000000000000000000000000000000000003A
:10963000000000000000000000000000000018C64C
:10964000FFFFFFFF18C60000000018C6FFFFFFFF66
:10965000FFFFFFFFFFFFFFFFFFFFFFFFFFFFFFFF1A
:10966000FFFFFFFFFFFFFFFF9AD618C6FBDEFFFFDD
:10967000FFFFFFFFFFFFFFFFFFFF10840000000060
:1096800000000000000018C6FFFFFFFFFFFFFFFF04
:10969000FFFFFFFFFFFFFFFF084200000000000088
:1096A00000000000000000000000000000000000BA
:1096B00000000000000000000000000000000000AA
:1096C000000000000000000000000000000000009A
:1096D000000000000000000000000000000000008A
:1096E000000000000000000000000000000000007A
:1096F00000000000000000000000000018C6FFFF8E
:10970000FFFF18C600000000F7BDFFFFFFFFFFFFCF
:10971000FFFFFFFFFFFFFFFFFFFFFFFFFFFFFFFF59
:10972000FFFFFFFFFFFF1CE7863100000000000085
:1097300000008210084208420421000000000000DE
:10974000000000008631E7390842084208420C63F5
:109750001084EF7B10840421000000000000000052
:1097600000000000000000000000000000000000F9
:1097700000000000000000000000000000000000E9
:1097800000000000000000000000000000000000D9
:1097900000000000000000000000000000000000C9
:1097A00000000000000000000000000000000000B9
:1097B0000000000000000000000018C6FFFFFFFFCF
:1097C00018C6000000000C6318C618C618C6F7BDFE
:1097D0009EF7FFFFFFFFFFFFFFFFFFFFFFFFFFFF02
:1097E000FFFFFFFFFFFF9EF7863100000000000033
:1097F0000000000000000000000000000000000069
:109800000000000000000000000000000000000058
:109810000000000000000000000000000000000048
:109820000000000000000000000000000000000038
:109830000000000000000000000000000000000028
:109840000000000000000000000000000000000018
:109850000000000000000000000000000000000008
:1098600000000000000000000000000000000000F8
:10987000000000000000000018C6FFFFFFFF18C630
:1098800000000000000000000000000000000000D8
:109890000000000000000421084208428A521CE730
:1098A000FFFFFFFFFFFF9EF7863100000000000072
:1098B00000000000000000000000000000000000A8
:1098C0000000000000000000000000000000000098
:1098D0000000000000000000000000000000000088
:1098E0000000000000000000000000000000000078
:1098F0000000000000000000000000000000000068
:109900000000000000000000000000000000000057
:109910000000000000000000000000000000000047
:109920000000000000000000000000000000000037
:1099300000000000000018C6FFFFFFFF18C600006F
:109940000000000000000000000000000000000017
:1099500000000000000000000000000061089AD62E
:10996000FFFFFFFFFFFFFFFF0C6300000000000090
:1099700000000000000000000000000000000000E7
:1099800000000000000000000000000000000000D7
:1099900000000000000000000000000000000000C7
:1099A00000000000000000000000000000000000B7
:1099B00000000000000000000000000000000000A7
:1099C0000000000000000000000000000000000097
:1099D0000000000000000000000000000000000087
:1099E0000000000000000000000000000000000077
:1099F00000000000F7BDFFFFFFFF9EF718C696B5F9
:109A0000EF7B108410841084084208420842E73932
:109A100082100000000000000000000082109AD6B2
:109A2000FFFFFFFFFFFFFFFFEB5A000000000000F9
:109A30000000000000000000000000000000000026
:109A40000000000000000000000000000000000016
:109A50000000000000000000000000000000000006
:109A600000000000000000000000000000000000F6
:109A700000000000000000000000000000000000E6
:109A800000000000000000000000000000000000D6
:109A900000000000000000000000000000000000C6
:109AA00000000000000000000000000000000000B6
:109AB000000018C6FFFFFFFFFFFFFFFFFFFFFFFFD4
:109AC000FFFFFFFFFFFFFFFFFFFFFFFFFFFFFFFFA6
:109AD000FFFFFFFFFFFFFBDE18C600008210F7BD8F
:109AE000FFFFFFFFFFFFFFFF8E730000000000007D
:109AF0000000000000000000000000000000000066
:109B00000000000000000000000000000000000055
:109B10000000000000000000000000000000000045
:109B20000000000000000000000000000000000035
:109B30000000000000000000000000000000000025
:109B40000000000000000000000000000000000015
:109B50000000000000000000000000000000000005
:109B600000000000000000000000000000000000F5
:109B700018C6FFFFFFFFFFFFFFFFFFFFFFFFFFFF15
:109B8000FFFFFFFFFFFFFFFFFFFFFFFFFFFFFFFFE5
:109B9000FFFFFFFFFFFFFFFF000000000000F39C3E
:109BA000FFFFFFFFFFFFFFFF14A500000000000004
:109BB000000000000000000061080000000000003C
:109BC0000000000000000000000000000000000095
:109BD0000000000000000000000000000000000085
:109BE0000000000000000000000000000000000075
:109BF0000000000000000000000000000000000065
:109C00000000000000000000000000000000000054
:109C10000000000000000000000000000000000044
:109C20000000000000000000000000000000F39CA5
:109C3000FFFFFFFFFFFFFFFFFFFFFFFFFFFFFFFF34
:109C4000FFFFFFFFFFFFFFFFFFFFFFFFFFFFFFFF24
:109C5000FFFFFFFFFFFF0000000000000000F39C7B
:109C6000FFFFFFFFFFFFFFFF14A500000000000043
:109C700000000000000018C66D6B0000000000002E
:109C80000000000082109294E739000000000000FC
:109C900000000000000000000000000000000000C4
:109CA00000000000000000000000000000000000B4
:109CB00000000000000000000000000000000000A4
:109CC0000000000000000000000000000000000094
:109CD0000000000000000000000000000000000084
:109CE0000000000000000000000000000000000074
:109CF00000000000000008420842E73908428E7365
:109D000010841084108414A518C618C618C61CE741
:109D1000FFFFFFFF0000000000000000000014A58E
:109D2000FFFFFFFFFFFFFFFF718C0000000000003E
:109D300000000000F7BDFFFF18C66108000000002A
:109D400008421CE7FFFF084200000000000000007E
:109D50000000000000000000000000000000000003
:109D600000000000000000000000000000000000F3
:109D700000000000000000000000000000000000E3
:109D800000000000000000000000000000000000D3
:109D900000000000000000000000000000000000C3
:109DA00000000000000000000000E739108410846B
:109DB000108400000000000000000000000000000F
:109DC0000000000000000000000000000000000093
:109DD00000000000000000000000000000000C6314
:109DE000FFFFFFFF9EF7863100000000000000002B
:109DF00000008E73FFFFFFFF9EF70C6396B5FFFF19
:109E0000FFFFFFFF8631000000000000000000009F
:109E10000000000000000000000000000000000042
:109E20000000000000000000000000000000000032
:109E30000000000000000000000000000000000022
:109E40000000000000000000000000000000000012
:109E50000000000000000000000000000000000002
:109E600000000000000000001084FFFFFFFFFFFF64
:109E700000000000000000000000000000000000E2
:109E800000000000000000000000000000000000D2
:109E9000000000000000000000008210084214A52D
:109EA0009EF7863100000000000000000000000066
:109EB000000008429EF7FFFFFFFFFFFFFFFF18C6ED
:109EC000042100000000000000000000000000006D
:109ED0000000000000000000000000000000000082
:109EE0000000000000000000000000000000000072
:109EF0000000000000000000000000000000000062
:109F00000000000000000000000000000000000051
:109F10000000000000000000000000000000000041
:109F20000000000000001084FFFFFFFFFFFF0000A3
:109F30000000000000000000000000000000000021
:109F400018C6FFFFFFFF10840000000000000000A3
:109F50000000000000000000EF7BFFFFFFFF9EF706
:109F600000000000000000000000000000000000F1
:109F7000042118C6FFFFFFFFFFFF9EF78631000098
:109F800000000000000000000000000000000000D1
:109F900000000000000000000000000000000000C1
:109FA00000000000000000000000000000000000B1
:109FB00000000000000000000000000000000000A1
:109FC0000000000000000000000000000000000091
:109FD0000000000000000000000000000000000081
:109FE000000000001084FFFFFFFFFFFF00000000E3
:109FF000000000000000000000000000000018C683
:10A00000FFFFFFFFEF7B00000000000000000000EA
:10A010000000000000000C63FFFFFFFFFFFF0000D7
:10A020000000000000000000000000008E739EF79A
:10A03000FFFFFFFF18C69EF7FFFF9EF78E7300001D
:10A040000000000000000000000000000000000010
:10A050000000000000000000000000000000000000
:10A0600000000000000000000000000000000000F0
:10A0700000000000000000000000000000000000E0
:10A0800000000000000000000000000000000000D0
:10A0900000000000000000000000000000000000C0
:10A0A00000001084FFFFFFFFFFFF08420842E7396E
:10A0B00000000000000000000000000018C6FFFFC4
:10A0C000FFFF1084000000000000000000000000FE
:10A0D000000000000842FFFFFFFFFFFF08420000F2
:10A0E0000000000000000000000018C6FFFF1CE791
:10A0F0008A520000863179CEFFFFFFFF0842000040
:10A10000000000000000000000000000000000004F
:10A11000000000000000000000000000000000003F
:10A12000000000000000000000000000000000002F
:10A13000000000000000000000000000000000001F
:10A14000000000000000000000000000000000000F
:10A1500000000000000000000000000000000000FF
:10A160001084FFFFFFFFFFFFFFFFFFFFFFFFFFFF69
:10A17000FFFFFFFFFFFF9AD618C69EF7FFFFFFFF06
:10A1800018C6EF7B10840C630842084208428631EF
:10A1900000006108FFFFFFFFFFFF08420000000012
:10A1A000000000000000000018C692948210000019
:10A1B0000000000000009294FFFFE739000000005B
:10A1C000000000000000000000000000000000008F
:10A1D000000000000000000000000000000000007F
:10A1E000000000000000000000000000000000006F
:10A1F000000000000000000000000000000000005F
:10A20000000000000000000000000000000000004E
:10A2100000000000000000000000000000001084AA
:10A22000FFFFFFFFFFFFFFFFFFFFFFFFFFFFFFFF3E
:10A23000FFFFFFFFFFFFFFFFFFFFFFFFFFFFFFFF2E
:10A24000FFFFFFFFFFFFFFFFFFFFFFFFFFFFFFFF1E
:10A25000FFFFFFFFFFFFFFFF108400000000000072
:10A2600000000000000004210000000000000000C9
:10A2700000000000000008428631000000000000DD
:10A2800000000000000000000000000000000000CE
:10A2900000000000000000000000000000000000BE
:10A2A00000000000000000000000000000000000AE
:10A2B000000000000000000000000000000000009E
:10A2C000000000000000000000000000000000008E
:10A2D0000000000000000000000000001084FFFFEC
:10A2E000FFFFFFFFFFFFFFFFFFFFFFFFFFFFFFFF7E
:10A2F000FFFFFFFFFFFFFFFFFFFFFFFFFFFFFFFF6E
:10A30000FFFFFFFFFFFFFFFFFFFFFFFFFFFFFFFF5D
:10A31000FFFFFFFFFFFF929400000000000000001D
:10A32000000000008210000000000000000000009B
:10A33000000000000000000000000000000000001D
:10A34000000000000000000000000000000000000D
:10A3500000000000000000000000000000000000FD
:10A3600000000000000000000000000000000000ED
:10A3700000000000000000000000000000000000DD
:10A3800000000000000000000000000000000000CD
:10A39000000000000000000000001084FFFFFFFF2D
:10A3A000FFFF1084EF7B96B518C618C618C61CE7C9
:10A3B000FFFFFFFFFFFFFFFFFFFFFFFFFFFFFFFFAD
:10A3C000FFFFFFFFFFFFFFFFFFFFFFFFFFFFFFFF9D
:10A3D000FFFFFFFF18C600000000000000000000A3
:10A3E000000018C6FFFFFFFFFFFFFFFFFFFF1CE796
:10A3F00018C6F7BD86310000000000000000000014
:10A40000000000000000000000000000000000004C
:10A41000000000000000000000000000000000003C
:10A42000000000000000000000000000000000002C
:10A43000000000000000000000000000000000001C
:10A44000000000000000000000000000000000000C
:10A4500000000000000000001084FFFFFFFFFFFF6E
:10A4600000000000000000000000000000000000EC
:10A47000000018C6FFFFFFFF14A508428A5210848F
:10A4800010841084108418C618C618C61CE7FFFF75
:10A49000FFFF1CE7000000000000000000000000BB
:10A4A00018C6FFFFFFFFFFFFFFFFFFFFFFFFFFFFDC
:10A4B000FFFF084200000000000000000000000054
:10A4C000000000000000000000000000000000008C
:10A4D000000000000000000000000000000000007C
:10A4E000000000000000000000000000000000006C
:10A4F000000000000000000000000000000000005C
:10A50000000000000000000000000000000000004B
:10A510000000000000001084FFFFFFFFFFFF0000AD
:10A52000000000000000000000000000000000002B
:10A5300018C6FFFFFFFF10840000000000000000AD
:10A54000000000000000000000008E73FFFFFFFF0E
:10A55000FFFF000000000000000000000000863146
:10A5600008428A521084108410841084108410844D
:10A570008631000000000000000000000000000024
:10A5800000000000000000000000000000000000CB
:10A5900000000000000000000000000000000000BB
:10A5A00000000000000000000000000000000000AB
:10A5B000000000000000000000000000000000009B
:10A5C000000000000000000000000000000000008B
:10A5D000000000001084FFFFFFFFFFFF00000000ED
:10A5E000000000000000000000000000000018C68D
:10A5F000FFFFFFFFEF7B00000000000000000000F5
:10A6000000000000000000000842FFFFFFFFFFFF06
:10A610008631000000000000000000000000000083
:10A62000000000000000000000000000000000002A
:10A63000000000000000000000000000000000001A
:10A64000000000000000000000000000000000000A
:10A6500000000000000000000000000000000000FA
:10A6600000000000000000000000000000000000EA
:10A6700000000000000000000000000000000000DA
:10A6800000000000000000000000000000000000CA
:10A6900000000842108414A5F7BD0000000000006F
:10A6A0000000000000000000000000000C631084A7
:10A6B00014A50C6300000000000000000000000072
:10A6C0000000000000000421FFFFFFFFFFFF084221
:10A6D0000000000000000000000096B5FFFFFFFF33
:10A6E000FFFF9EF70C6300008210108465290000B4
:10A6F000000000000000000000000000000000005A
:10A700000000000000000000000000000000000049
:10A710000000000000000000000000000000000039
:10A720000000000000000000000000000000000029
:10A730000000000000000000000000000000000019
:10A740000000000000000000000000000000000009
:10A7500000000000000000000000000000000000F9
:10A7600000000000000000000000000000000000E9
:10A7700000000000000000000000000000000000D9
:10A78000000000000000FFFFFFFFFFFF0C63000060
:10A79000000000000000000018C6FFFFFFFFFFFFE1
:10A7A000FFFF9AD610849EF7FFFF084200000000CA
:10A7B0000000000000000000000000000000000099
:10A7C0000000000000000000000000000000000089
:10A7D0000000000000000000000000000000000079
:10A7E0000000000000000000000000000000000069
:10A7F0000000000000000000000000000000000059
:10A800000000000000000000000000000000000048
:10A810000000000000000000000000000000000038
:10A820000000000000000000000000000000000028
:10A830000000000000000000000000000000000018
:10A840000000000000000000000000000000000008
:10A85000000000000000F7BD14A50842108418C6CF
:10A86000FFFFFFFFFFFF9EF76529000000000000CB
:10A8700000000000000000000000000000000000D8
:10A8800000000000000000000000000000000000C8
:10A8900000000000000000000000000000000000B8
:10A8A00000000000000000000000000000000000A8
:10A8B0000000000000000000000000000000000098
:10A8C0000000000000000000000000000000000088
:10A8D0000000000000000000000000000000000078
:10A8E0000000000000000000000000000000000068
:10A8F0000000000000000000000000000000000058
:10A900000000000000000000000000000000000047
:10A910000000000018C6EF7B000000001084FFFF5D
:10A920009EF7EF7B82100000000000000000000096
:10A930000000000000000000000000000000000017
:10A940000000000000000000000000000000000007
:10A9500000000000000000000000000000000000F7
:10A9600000000000000000000000000000000000E7
:10A9700000000000000000000000000000000000D7
:10A9800000000000000000000000000000000000C7
:10A9900000000000000000000000000000000000B7
:10A9A00000000000000000000000000000000000A7
:10A9B0000000000000000000000000000000000097
:10A9C0000000000000000000000000000000000087
:10A9D000000018C610840000000010849AD6610898
:10A9E0000000000000000000000000000000000067
:10A9F0000000000000000000000000000000000057
:10AA00000000000000000000000000000000000046
:10AA10000000000000000000000000000000000036
:10AA20000000000000000000000000000000000026
:10AA30000000000000000000000000000000000016
:10AA40000000000000000000000000000000000006
:10AA500000000000000000000000000000000000F6
:10AA600000000000000000000000000000000000E6
:10AA700000000000000000000000000000000000D6
:10AA800000000000000000000000000000000000C6
:10AA900018C618C61084108418C69AD608420842F0
:10AAA00008428210000000000000000000000000CA
:10AAB0000000000000000000000000000000000096
:10AAC0000000000000000000000000000000000086
:10AAD0000000000000000000000000000000000076
:10AAE0000000000000000000000000000000000066
:10AAF0000000000000000000000000000000000056
:10AB00000000000000000000000000000000000045
:10AB10000000000000000000000000000000000035
:10AB20000000000000000000000000000000000025
:10AB30000000000000000000000000000000000015
:10AB4000000000000000000000000000000018C627
:10AB5000FFFFFFFFFFFFFFFFFFFFFFFFFFFFFFFF05
:10AB6000084200000000000000000000000000009B
:10AB700000000000000000000000000000000000D5
:10AB800000000000000000000000000000000000C5
:10AB900000000000000000000000000000000000B5
:10ABA00000000000000000000000000000000000A5
:10ABB0000000000000000000000000000000000095
:10ABC0000000000000000000000000000000000085
:10ABD00000000000000000000000000000008631BE
:10ABE000E739084286310000000000000C6386311E
:10ABF00000000000000000000000718C18C6F7BDC6
:10AC00000C6300000000000000000000EB5A9EF7FB
:10AC1000FFFFFFFFFFFFFFFFFFFFFFFFFFFF0842F8
:10AC20000000000000000000000000000000000024
:10AC30000000000000000000000000000000000014
:10AC40000000000000000000000000000000000004
:10AC500000000000000000000000000000000000F4
:10AC600000000000000000000000000000000000E4
:10AC700000000000000000000000000000000000D4
:10AC80000C63108410840C630842E7390842863153
:10AC9000000000000C6318C618C60C6318C6FFFF3E
:10ACA000FFFF18C682100C631CE7FFFF14A500000D
:10ACB0000C6310841084042118C6FFFFFFFF10846A
:10ACC0000000000000000000000000000000000084
:10ACD0000000000000000000042108428210000073
:10ACE0000000000000000000000000000000000064
:10ACF0000000000000000000000000000000000054
:10AD00000000000000000000000000000000000043
:10AD10000000000000000000000000000000000033
:10AD20000000000000000000000000000000000023
:10AD3000000000000000000000000000000018C635
:10AD4000FFFFFFFFFFFFFFFFFFFFFFFFFFFFFFFF13
:10AD50001084EF7BFFFFFFFF108418C6FFFFFFFF8B
:10AD60001CE77DEFFFFFFFFFFFFF9EF7000018C607
:10AD7000FFFFFFFFE73918C6FFFFFFFF1084000049
:10AD800000000000000000000C630842000000000A
:10AD900000000000000000000000000000000000B3
:10ADA00000000000000000000000000000000000A3
:10ADB0000000000000000000000000000000000093
:10ADC0000000000000000000000000000000000083
:10ADD0000000000000000000000000000000000073
:10ADE0000000000000000000000000000000000063
:10ADF00000000000000000000000000018C6FFFF77
:10AE0000FFFFFFFFFFFFFFFFFFFFFFFFFFFF1084BC
:10AE10001084FFFFFFFF108418C6FFFFFFFFF7BD80
:10AE20001CE7FFFFFFFFFFFFFFFF8A5218C6FFFF6F
:10AE3000FFFF084218C6FFFFFFFF1084000000005C
:10AE400000000000000018C6108400000000000090
:10AE500000000000000000000000000000000000F2
:10AE600000000000000000000000000000000000E2
:10AE700000000000000000000000000000000000D2
:10AE800000000000000000000000000000000000C2
:10AE900000000000000000000000000000000000B2
:10AEA00000000000000000000000000000000000A2
:10AEB0000000000000000000000018C6FFFFFFFFB8
:10AEC000FFFFFFFFFFFFFFFFFFFFFFFFEF7B108490
:10AED000FFFFFFFFEF7B18C6FFFFFFFF18C6718C57
:10AEE000FFFFFFFFFFFF14A5042118C6FFFFFFFFB0
:10AEF000E73918C6FFFFFFFF1084000000000000C4
:10AF00000000000018C610840000000000000000CF
:10AF10000000000000000000000000000000000031
:10AF20000000000000000000000000000000000021
:10AF30000000000000000000000000000000000011
:10AF40000000000000000000000000000000000001
:10AF500000000000000000000000000000000000F1
:10AF600000000000000000000000000000000000E1
:10AF7000000000000000000018C6FFFFFFFF14A53E
:10AF80001084108414A5FFFFFFFF10841084FFFFBE
:10AF9000FFFF108418C6FFFFFFFF18C68631FFFFB2
:10AFA00014A5E31800000000F7BDFFFFFFFF0842F3
:10AFB00018C6FFFFFFFF1084000000000000000023
:10AFC0000000F7BD1CE718C618C618C6EF7B108432
:10AFD0001084108404210000000000000000000024
:10AFE0000000000000000000000000000000000061
:10AFF0000000000000000000000000000000000051
:10B000000000000000000000000000000000000040
:10B010000000000000000000000000000000000030
:10B020000000000000000000000000000000000020
:10B0300000000000000018C6FFFFFFFF8A52042135
:10B0400000000842FFFFFFFF10841084FFFFFFFF96
:10B05000108418C6FFFFFFFF18C60000042100007F
:10B0600000000000000018C6FFFFFFFF084218C6DE
:10B07000FFFFFFFF10840000000000000000000040
:10B0800018C6FFFFFFFFFFFFFFFFFFFFFFFFFFFFF0
:10B09000FFFF084200000000000000000000000068
:10B0A00000000000000000000000000000000000A0
:10B0B0000000000000000000000000000000000090
:10B0C0000000000000000000000000000000000080
:10B0D0000000000000000000000000000000000070
:10B0E0000000000000000000000000000000000060
:10B0F0000000000018C6FFFFFFFF14A5FFFF929499
:10B100008A52FFFFFFFF10841084FFFFFFFF1084AF
:10B1100018C6FFFFFFFF18C6000000000000000077
:10B120000000000018C6FFFFFFFF084218C6FFFF1F
:10B13000FFFF10840000000000000000000018C69F
:10B140001CE718C618C618C618C618C69EF7FFFF13
:10B1500008420000000000000000000000000000A5
:10B1600000000000000000000000000000000000DF
:10B1700000000000000000000000000000000000CF
:10B1800000000000000000000000000000000000BF
:10B1900000000000000000000000000000000000AF
:10B1A000000000000000000000000000000000009F
:10B1B0000000F7BDFFFFFFFF9EF7FFFFFFFFFFFF50
:10B1C000FFFFFFFF10841084FFFFFFFF108418C6ED
:10B1D000FFFFFFFF18C60000000000000000000095
:10B1E000000018C6FFFFFFFF084218C6FFFFFFFF61
:10B1F00010840000000000000000000018C6108449
:10B20000000000000000000000000000000000003E
:10B21000000000000000000000000000000000002E
:10B22000000000000000000000000000000000001E
:10B23000000000000000000000000000000000000E
:10B2400000000000000000000000000000000000FE
:10B2500000000000000000000000000000000000EE
:10B2600000000000000000000000000000000000DE
:10B2700018C6FFFFFFFFFFFFFFFFFFFF1CE7FFFFF9
:10B28000FFFF10841084FFFFFFFF108418C6FFFF2C
:10B29000FFFF18C686310842E739863100000000FA
:10B2A00018C6FFFFFFFF084218C6FFFFFFFF10840C
:10B2B00000000000000000000000F7BD1084000046
:10B2C000000000000000000000000000000000007E
:10B2D000000000000000000000000000000000006E
:10B2E000000000000000000000000000000000005E
:10B2F000000000000000000000000000000000004E
:10B30000000000000000000000000000000000003D
:10B31000000000000000000000000000000000002D
:10B32000000000000000000000000000000018C63F
:10B33000FFFFFFFF8A5214A5FFFF718CFFFFFFFF85
:10B34000EF7B1084FFFFFFFF108418C6FFFFFFFF95
:10B3500018C618C6FFFFFFFFFFFF18C6000018C67B
:10B36000FFFFFFFF084218C6FFFFFFFF1084000029
:10B3700000000000000000008A52084200000000A7
:10B3800000000000000000000000000000000000BD
:10B3900000000000000000000000000000000000AD
:10B3A000000000000000000000000000000000009D
:10B3B000000000000000000000000000000000008D
:10B3C000000000000000000000000000000000007D
:10B3D000000000000000000000000000000000006D
:10B3E00000000000000000000000000018C6FFFF81
:10B3F000FFFF0842000004210842FFFFFFFF108406
:10B40000EF7BFFFFFFFF108418C6FFFFFFFF18C68A
:10B4100018C6FFFFFFFFFFFF18C6000018C6FFFF9A
:10B42000FFFF0842F7BDFFFFFFFF10840000000090
:10B43000000000000000000000000000000000000C
:10B4400000000000000000000000000000000000FC
:10B4500000000000000000000000000000000000EC
:10B4600000000000000000000000000000000000DC
:10B4700000000000000000000000000000000000CC
:10B4800000000000000000000000000000000000BC
:10B4900000000000000000000000000000000000AC
:10B4A0000000000000000000000018C6FFFFFFFFC2
:10B4B0000842000000000842FFFFFFFF10841084D4
:10B4C000FFFFFFFF108418C6FFFFFFFF18C618C656
:10B4D000FFFFFFFFFFFF18C6000018C6FFFFFFFFBA
:10B4E000E73918C6FFFFFFFF1084000000000000CE
:10B4F000000000000000000000000000000000004C
:10B5000008428E73718C863100000000000000003C
:10B51000000000000000000000000000000000002B
:10B52000000000000000000000000000000000001B
:10B53000000000000000000000000000000000000B
:10B5400000000000000000000000000000000000FB
:10B5500000000000000000000000000000000000EB
:10B56000000000000000000018C6FFFFFFFF9AD691
:10B57000F7BD14A5F39CFFFFFFFF96B514A5FFFFD1
:10B58000FFFF14A518C6FFFFFFFF18C60C63108449
:10B59000108418C69294000018C6FFFFFFFF0842EF
:10B5A00018C6FFFFFFFF108400000000000000002D
:10B5B000000082108A52108496B51CE7FFFFFFFF3F
:10B5C000FFFFFFFF08420000000000000000000035
:10B5D000000000000000000000000000000000006B
:10B5E000000000000000000000000000000000005B
:10B5F000000000000000000000000000000000004B
:10B60000000000000000000000000000000000003A
:10B61000000000000000000000000000000000002A
:10B6200000000000000018C6FFFFFFFFFFFFFFFF44
:10B63000FFFFFFFFFFFFFFFFFFFFFFFFFFFFFFFF1A
:10B64000FFFFFFFFFFFFFFFF18C600000000000024
:10B650000000863118C69EF7FFFFFFFF14A51CE708
:10B66000FFFFFFFF1084000000000000000000004A
:10B6700018C6FFFFFFFFFFFFFFFFFFFFFFFFFFFFFA
:10B680009AD6863100000000000000000000000093
:10B6900000000000000000000000000000000000AA
:10B6A000000000000000000000000000000000009A
:10B6B000000000000000000000000000000000008A
:10B6C000000000000000000000000000000000007A
:10B6D000000000000000000000000000000000006A
:10B6E0000000000018C6FFFFFFFFFFFFFFFFFFFF86
:10B6F000FFFFFFFFFFFFFFFFFFFFFFFFFFFFFFFF5A
:10B70000FFFFFFFFFFFF18C6000000000000000061
:10B71000E739FFFFFFFFFFFFFFFFFFFFFFFFFFFF17
:10B72000FFFF108400000000000000000000F7BDD3
:10B73000FFFF1CE718C618C69AD686310000000025
:10B7400000000000000000000000000000000000F9
:10B7500000000000000000000000000000000000E9
:10B7600000000000000000000000000000000000D9
:10B7700000000000000000000000000000000000C9
:10B7800000000000000000000000000000000000B9
:10B7900000000000000000000000000000000000A9
:10B7A000000018C6FFFFFFFFFFFFFFFFFFFFFFFFC7
:10B7B000FFFFFFFFFFFFFFFFFFFFFFFFFFFFFFFF99
:10B7C000FFFFFFFF18C60000000000000000084255
:10B7D000FFFFFFFFFFFFFFFFFFFFFFFFFFFFFFFF79
:10B7E00010840000000000000000000018C6108453
:10B7F00000000000108418C60000000000000000D7
:10B800000000000000000000000000000000000038
:10B810000000000000000000000000000000000028
:10B820000000000000000000000000000000000018
:10B830000000000000000000000000000000000008
:10B8400000000000000000000000000000000000F8
:10B8500000000000000000000000000000000000E8
:10B86000F7BDFFFFFFFF0842821008426D6BFFFF2C
:10B87000FFFF18C618C6FFFFFFFF1CE79EF7FFFF7C
:10B88000FFFF18C60000000000000000E739FFFFBE
:10B89000FFFFFFFFFFFFFFFFFFFFFFFFFFFF108422
:10B8A0000000000000000000000018C618C68A5200
:10B8B0008210108418C60000000000000000000084
:10B8C0000000000000000000000000000000000078
:10B8D0000000000000000000000000000000000068
:10B8E0000000000000000000000000000000000058
:10B8F0000000000000000000000000000000000048
:10B900000000000000000000000000000000000037
:10B91000000000000000000000000000000018C649
:10B92000FFFFFFFF0842000082100842FFFFFFFFF9
:10B9300010841084FFFFFFFFEF7B18C6FFFFFFFF9F
:10B9400018C618C6FFFF7DEF18C69294000018C6EF
:10B95000FFFFFFFF8E739AD6FFFFFFFF10840000EA
:10B96000000000000000000018C6FFFFFFFFFFFFFF
:10B970009EF71CE7084200000000000000000000E5
:10B9800000000000000000000000000000000000B7
:10B9900000000000000000000000000000000000A7
:10B9A0000000000000000000000000000000000097
:10B9B0000000000000000000000000000000000087
:10B9C0000000000000000000000000000000000077
:10B9D00000000000000000000000000018C6FFFF8B
:10B9E000FFFF8E7314A5FFFF6D6BFFFFFFFF108439
:10B9F0001084FFFFFFFF108418C6FFFFFFFF18C66B
:10BA000018C6FFFFFFFFFFFFF7BD000018C6FFFFCE
:10BA1000FFFFE739F7BDFFFFFFFF108400000000C4
:10BA20000000000000000C631CE7FFFFFFFFFFFFAA
:10BA3000FFFFFFFFFFFF18C6042100000000000009
:10BA400000000000000000000000000000000000F6
:10BA500000000000000000000000000000000000E6
:10BA600000000000000000000000000000000000D6
:10BA700000000000000000000000000000000000C6
:10BA800000000000000000000000000000000000B6
:10BA90000000000000000000000018C6FFFFFFFFCC
:10BAA000FFFFFFFFFFFF9AD6FFFFFFFF1084108408
:10BAB000FFFFFFFF108418C6FFFFFFFF18C618C660
:10BAC000FFFFFFFFFFFF18C6000018C6FFFFFFFFC4
:10BAD000084218C6FFFFFFFF1084000000000000AE
:10BAE000000000000000000004210C6314A51CE706
:10BAF000FFFFFFFFFFFF0842000000000000000002
:10BB00000000000000000000000000000000000035
:10BB10000000000000000000000000000000000025
:10BB20000000000000000000000000000000000015
:10BB30000000000000000000000000000000000005
:10BB400000000000000000000000000000000000F5
:10BB5000000000000000000018C6FFFFFFFF1CE708
:10BB6000FFFFFFFFFFFFFFFFFFFFEF7B1084FFFFE3
:10BB7000FFFF108418C6FFFFFFFF18C6929418C677
:10BB8000FFFFFFFFF7BD000018C6FFFFFFFFE7390B
:10BB900018C6FFFFFFFF1084000000000000000037
:10BBA00000000000000000000000000000008631DE
:10BBB0008E7396B586310000000000000000000082
:10BBC0000000000000000000000000000000000075
:10BBD0000000000000000000000000000000000065
:10BBE0000000000000000000000000000000000055
:10BBF0000000000000000000000000000000000045
:10BC00000000000000000000000000000000000034
:10BC100000000000000018C6FFFFFFFF9294FFFF26
:10BC200014A58E73FFFFFFFF1084EF7BFFFFFFFF64
:10BC3000108418C6FFFFFFFF18C6000000000000B8
:10BC4000000000000000F7BDFFFFFFFF084218C61C
:10BC5000FFFFFFFF10840000000000000000000054
:10BC600000000000000000000000000000000000D4
:10BC700000000000000000000000000000000000C4
:10BC800000000000000000000000000000000000B4
:10BC900000000000000000000000000000000000A4
:10BCA0000000000000000000000000000000000094
:10BCB0000000000000000000000000000000000084
:10BCC0000000000000000000000000000000000074
:10BCD0000000000018C6FFFFFFFFE73982100000D8
:10BCE0000842FFFFFFFF10841084FFFFFFFF108456
:10BCF00018C6FFFFFFFF18C600000000000000008C
:10BD00000000000018C6FFFFFFFF084218C6FFFF33
:10BD1000FFFF10840000000000000000000014A5D8
:10BD2000FFFF1CE718C618C618C618C618C675AD9A
:10BD300004210000000000000000000000000000DE
:10BD400000000000000000000000000000000000F3
:10BD500000000000000000000000000000000000E3
:10BD600000000000000000000000000000000000D3
:10BD700000000000000000000000000000000000C3
:10BD800000000000000000000000000000000000B3
:10BD9000000018C6FFFFFFFF084200000000084235
:10BDA000FFFFFFFF10841084FFFFFFFF108418C601
:10BDB000FFFFFFFF18C600000000000000000000A9
:10BDC000000018C6FFFFFFFF084218C6FFFFFFFF75
:10BDD00010840000000000000000000018C6FFFFF3
:10BDE000FFFFFFFFFFFFFFFFFFFFFFFFFFFFE73941
:10BDF0000000000000000000000000000000000043
:10BE00000000000000000000000000000000000032
:10BE10000000000000000000000000000000000022
:10BE20000000000000000000000000000000000012
:10BE30000000000000000000000000000000000002
:10BE400000000000000000000000000000000000F2
:10BE500018C6FFFFFFFFFFFFFFFFFFFFFFFFFFFF12
:10BE6000FFFF10841084FFFFFFFFEF7B18C6FFFF6A
:10BE7000FFFF18C682108A52000000000000000078
:10BE800018C6FFFFFFFF0842F7BDFFFFFFFF10844A
:10BE90000000000000000000000018C6FFFFFFFFC8
:10BEA000FFFF18C610848E731084108404210000D4
:10BEB0000000000000000000000000000000000082
:10BEC0000000000000000000000000000000000072
:10BED0000000000000000000000000000000000062
:10BEE0000000000000000000000000000000000052
:10BEF0000000000000000000000000000000000042
:10BF0000000000000000000000000000000018C653
:10BF1000FFFFFFFFFFFFFFFFFFFFFFFFFFFFFFFF31
:10BF200010841084FFFFFFFF108418C6FFFFFFFF7F
:10BF3000F7BD8E73FFFF96B504210000000018C600
:10BF4000FFFFFFFF084218C6FFFFFFFF108400003D
:10BF500000000000000000008E739AD6FFFFFFFF74
:10BF6000FFFFFFFF9EF796B58E7382100000000062
:10BF700000000000000000000000000000000000C1
:10BF800000000000000000000000000000000000B1
:10BF900000000000000000000000000000000000A1
:10BFA0000000000000000000000000000000000091
:10BFB0000000000000000000000000000000000081
:10BFC00000000000000000000000000018C6FFFF95
:10BFD000FFFFFFFFFFFFFFFFFFFFFFFFFFFF1084DB
:10BFE0001084FFFFFFFF108418C6FFFFFFFF18C675
:10BFF0009AD6FFFFFFFF9EF78E73000018C6FFFF63
:10C00000FFFF084218C6FFFFFFFFEF7B00000000A4
:10C010000000000000000000000061080C631CE745
:10C02000FFFFFFFFFFFFFFFF0842000000000000CE
:10C030000000000000000000000000000000000000
:10C0400000000000000000000000000000000000F0
:10C0500000000000000000000000000000000000E0
:10C0600000000000000000000000000000000000D0
:10C0700000000000000000000000000000000000C0
:10C08000000000000000000000000C63929418C63D
:10C0900018C618C618C6FFFFFFFFFFFF10841084E4
:10C0A000FFFFFFFF108418C6FFFFFFFFFBDEFFFF4F
:10C0B000FFFFFFFFFFFFFFFF8A5218C6FFFFFFFFD2
:10C0C000E73918C6FFFFFFFF1084000000000000E2
:10C0D000000000008A5214A59AD6FFFFFFFFFFFF61
:10C0E000FFFFFFFFFFFF863100000000000000009F
:10C0F0000000000000000000000000000000000040
:10C10000000000000000000000000000000000002F
:10C11000000000000000000000000000000000001F
:10C12000000000000000000000000000000000000F
:10C1300000000000000000000000000000000000FF
:10C1400000000000000000000000000000000000EF
:10C150000000000000000000000000001084FFFF4D
:10C16000FFFFEF7B18C6FFFFFFFF9AD61084FFFF8B
:10C17000FFFFFFFFFFFF821018C6FFFFFFFF08420F
:10C1800018C6FFFFFFFF1084000000000000000041
:10C190000000F7BDFFFFFFFFFFFF1CE796B58E73A2
:10C1A0000842000000000000000000000000000045
:10C1B000000000000000000000000000000000007F
:10C1C000000000000000000000000000000000006F
:10C1D000000000000000000000000000000000005F
:10C1E000000000000000000000000000000000004F
:10C1F000000000000000000000000000000000003F
:10C20000000000000000000000000000000000002E
:10C21000000000000000000000000000000000001E
:10C220000421929418C69EF718C6000086319AD64B
:10C23000FFFF14A50000F7BDFFFFFFFF084218C66F
:10C24000FFFFFFFF1084000000000000000000005E
:10C2500018C6FFFFFFFF9EF718C618C6F7BD18C621
:10C2600018C6863100000000000000000000000039
:10C2700000000000000000000000000000000000BE
:10C2800000000000000000000000000000000000AE
:10C29000000000000000000000000000000000009E
:10C2A000000000000000000000000000000000008E
:10C2B000000000000000000000000000000000007E
:10C2C000000000000000000000000000000000006E
:10C2D000000000000000000000000000000000005E
:10C2E00000000000000000000000000000008E734D
:10C2F00008420000000082100842821018C6FFFFAA
:10C30000FFFF10840000000000000000000018C6BD
:10C31000FFFFFFFFFFFFFFFFFFFFFFFFFFFFFFFF2D
:10C3200008420000000000000000000000000000C3
:10C3300000000000000000000000000000000000FD
:10C3400000000000000000000000000000000000ED
:10C3500000000000000000000000000000000000DD
:10C3600000000000000000000000000000000000CD
:10C3700000000000000000000000000000000000BD
:10C3800000000000000000000000000000000000AD
:10C39000000000000000000000000000000000009D
:10C3A000000000000000000000000000000000008D
:10C3B0000000000000000000000092949AD6FFFFE9
:10C3C0001084000000000000000000000000821047
:10C3D0000842E7390842084208428A521084042180
:10C3E000000000000000000000000000000000004D
:10C3F000000000000000000000000000000000003D
:10C40000000000000000000000000000000000002C
:10C41000000000000000000000000000000000001C
:10C42000000000000000000000000000000000000C
:10C4300000000000000000000000000000000000FC
:10C4400000000000000000000000000000000000EC
:10C4500000000000000000000000000000000000DC
:10C4600000000000000000000000000000000000CC
:10C4700000000000000000000000000000000000BC
:10C4800000000000000000000000000000000000AC
:10C49000000000000000000000000000000000009C
:10C4A000000000000000000000000000000000008C
:10C4B000000000000000000000000000000000007C
:10C4C000000000000000000000000000000000006C
:10C4D000000000000000000000000000000000005C
:10C4E000000000000000000000000000000000004C
:10C4F000000000000000000000000000000000003C
:10C50000000000000000000000000000000000002B
:10C51000000000000000000000000000000000001B
:10C52000000000000000000000000000000000000B
:10C5300000000000000000000000000000000000FB
:10C5400000000000000000000000000000000000EB
:10C5500000000000000000000000000000000000DB
:10C5600000000000000000000000000000000000CB
:10C5700000000000000000000000000000000000BB
:10C5800000000000000000000000000000000000AB
:10C59000000000000000000000000000000000009B
:10C5A000000000000000000000000000000000008B
:10C5B000000000000000000000000000000000007B
:10C5C000000000000000000000000000000000006B
:10C5D000000000000000000000000000000000005B
:10C5E000000000000000000000000000000000004B
:10C5F000000000000000000000000000000000003B
:10C60000000000000000000000000000000000002A
:10C61000000000000000000000000000000000001A
:10C62000000000000000000000000000000000000A
:10C6300000000000000000000000000000000000FA
:10C6400000000000000000000000000000000000EA
:10C6500000000000000000000000000000000000DA
:10C6600000000000000000000000000000000000CA
:10C6700000000000000000000000000000000000BA
:10C6800000000000000000000000000000000000AA
:10C69000000000000000000000000000000000009A
:10C6A000000000000000000000000000000000008A
:10C6B000000000000000000000000000000000007A
:10C6C000000000000000000000000000000000006A
:10C6D000000000000000000000000000000000005A
:10C6E000000000000000000000000000000000004A
:10C6F000000000000000000000000000000000003A
:10C700000000000000000000000000000000000029
:10C710000000000000000000000000000000000019
:10C720000000000000000000000000000000000009
:10C7300000000000000000000000000000000000F9
:10C7400000000000000000000000000000000000E9
:10C7500000000000000000000000000000000000D9
:10C7600000000000000000000000000000000000C9
:10C7700000000000000000000000000000000000B9
:10C7800000000000000000000000000000000000A9
:10C790000000000000000000000000000000000099
:10C7A0000000000000000000000000000000000089
:10C7B0000000000000000000000000000000000079
:10C7C0000000000000000000000000000000000069
:10C7D0000000000000000000000000000000000059
:10C7E0000000000000000000000000000000000049
:10C7F0000000000000000000000000000000000039
:10C800000000000000000000000000000000000028
:10C810000000000000000000000000000000000018
:10C820000000000000000000000000000000000008
:10C8300000000000000000000000000000000000F8
:10C8400000000000000000000000000000000000E8
:10C8500000000000000000000000000000000000D8
:10C8600000000000000000000000000000000000C8
:10C8700000000000000000000000000000000000B8
:10C8800000000000000000000000000000000000A8
:10C890000000000000000000000000000000000098
:10C8A0000000000000000000000000000000000088
:10C8B0000000000000000000000000000000000078
:10C8C0000000000000000000000000000000000068
:10C8D0000000000000000000000000000000000058
:10C8E0000000000000000000000000000000000048
:10C8F0000000000000000000000000000000000038
:10C900000000000000000000000000000000000027
:10C910000000000000000000000000000000000017
:10C920000000000000000000000000000000000007
:10C9300000000000000000000000000000000000F7
:10C9400000000000000000000000000000000000E7
:10C9500000000000000000000000000000000000D7
:10C9600000000000000000000000000000000000C7
:10C9700000000000000000000000000000000000B7
:10C9800000000000000000000000000000000000A7
:10C990000000000000000000000000000000000097
:10C9A0000000000000000000000000000000000087
:10C9B0000000000000000000000000000000000077
:10C9C0000000000000000000000000000000000067
:10C9D0000000000000000000000000000000000057
:10C9E0000000000000000000000000000000000047
:10C9F0000000000000000000000000000000000037
:10CA00000000000000000000000000000000000026
:10CA10000000000000000000000000000000000016
:10CA20000000000000000000000000000000000006
:10CA300000000000000000000000000000000000F6
:10CA400000000000000000000000000000000000E6
:10CA500000000000000000000000000000000000D6
:10CA600000000000000000000000000000000000C6
:10CA700000000000000000000000000000000000B6
:10CA800000000000000000000000000000000000A6
:10CA90000000000000000000000000000000000096
:10CAA0000000000000000000000000000000000086
:10CAB0000000000000000000000000000000000076
:10CAC0000000000000000000000000000000000066
:10CAD0000000000000000000000000000000000056
:10CAE0000000000000000000000000000000000046
:10CAF0000000000000000000000000000000000036
:10CB00000000000000000000000000000000000025
:10CB10000000000000000000000000000000000015
:10CB20000000000000000000000000000000000005
:10CB300000000000000000000000000000000000F5
:10CB400000000000000000000000000000000000E5
:10CB500000000000000000000000000000000000D5
:10CB600000000000000000000000000000000000C5
:10CB700000000000000000000000000000000000B5
:10CB800000000000000000000000000000000000A5
:10CB90000000000000000000000000000000000095
:10CBA0000000000000000000000000000000000085
:10CBB0000000000000000000000000000000000075
:10CBC0000000000000000000000000000000000065
:10CBD0000000000000000000000000000000000055
:10CBE0000000000000000000000000000000000045
:10CBF0000000000000000000000000000000000035
:10CC00000000000000000000000000000000000024
:10CC10000000000000000000000000000000000014
:10CC20000000000000000000000000000000000004
:10CC300000000000000000000000000000000000F4
:10CC400000000000000000000000000000000000E4
:10CC500000000000000000000000000000000000D4
:10CC600000000000000000000000000000000000C4
:10CC700000000000000000000000000000000000B4
:10CC800000000000000000000000000000000000A4
:10CC90000000000082108A52000000000000000026
:10CCA0000000000000000000000000000000000084
:10CCB0000000000000000000000000000000000074
:10CCC0000000000000000000000000000000000064
:10CCD0000000000000000000000000000000000054
:10CCE0000000000000000000000000000000000044
:10CCF0000000000000000000000000000000000034
:10CD00000000000000000000000000000000000023
:10CD10000000000000000000000000000000000013
:10CD20000000000000000000000000000000000003
:10CD300000000000000000000000000000000000F3
:10CD400000000000000000000000000000000000E3
:10CD5000000014A5FFFF0C630000000000000000AD
:10CD600000000000000000000000000000000000C3
:10CD700000000000000000000000000000000000B3
:10CD800000000000000000000000000000000000A3
:10CD90000000000000000000000000000000000093
:10CDA0000000000000000000000000000000000083
:10CDB0000000000000000000000000000000000073
:10CDC0000000000000000000000000000000000063
:10CDD0000000000000000000000000000000000053
:10CDE0000000000000000000000000000000000043
:10CDF0000000000000000000000000000000000033
:10CE000000000000000000000000000000009294FC
:10CE1000FFFFFFFF9EF786310000000000000000CA
:10CE20000000000000000000000000000000000002
:10CE300000000000000000000000000000000000F2
:10CE400000000000000000000000000000000000E2
:10CE500000000000000000000000000000000000D2
:10CE600000000000000000000000000000000000C2
:10CE700000000000000000000000000000000000B2
:10CE800000000000000000000000000000000000A2
:10CE90000000000000000000000000000000000092
:10CEA0000000000000000000000000000000000082
:10CEB0000000000000000000000000000000000072
:10CEC000000000000000000000000C63FFFFFFFFF7
:10CED000FFFFFFFF9EF76529000000000000000033
:10CEE0000000000000000000000000000000000042
:10CEF0000000000000000000000000000000000032
:10CF00000000000000000000000000000000000021
:10CF10000000000000000000000000000000000011
:10CF20000000000000000000000000000000000001
:10CF300000000000000000000000000000000000F1
:10CF400000000000000000000000000000000000E1
:10CF500000000000000000000000000000000000D1
:10CF600000000000000000000000000000000000C1
:10CF700000000000000000000000000000000000B1
:10CF8000000000000000694AFFFFFFFFFFFFFFFFF6
:10CF9000FFFFFFFF9AD68210000000000000000093
:10CFA0000000000000000000000000000000000081
:10CFB0000000000000000000000000000000000071
:10CFC0000000000000000000000000000000000061
:10CFD0000000000000000000000000000000000051
:10CFE0000000000000000000000000000000000041
:10CFF0000000000000000000000000000000000031
:10D000000000000000000000000000000000000020
:10D010000000000000000000000000000000000010
:10D020000000000000000000000000000000000000
:10D0300000000000000000000000000000000000F0
:10D04000000065299EF7FFFFFFFFFFFFFFFFFFFFC7
:10D05000FFFFFFFF9AD682100000000000000000D2
:10D0600000000000000000000000000000000000C0
:10D0700000000000000000000000000000000000B0
:10D0800000000000000000000000000000000000A0
:10D090000000000000000000000000000000000090
:10D0A0000000000000000000000000000000000080
:10D0B0000000000000000000000000000000000070
:10D0C0000000000000000000000000000000000060
:10D0D0000000000000000000000000000000000050
:10D0E0000000000000000000000000000000000040
:10D0F000000000000000000000000000000082109E
:10D100009EF7FFFFFFFFFFFFFFFFFFFFFFFFFFFF98
:10D11000FFFFFFFF14A5000000000000000000005A
:10D1200000000000000000000000000000000000FF
:10D1300000000000000000000000000000000000EF
:10D1400000000000000000000000000000000000DF
:10D1500000000000000000000000000000000000CF
:10D1600000000000000000000000000000000000BF
:10D1700000000000000000000000000000000000AF
:10D18000000000000000000000000000000000009F
:10D19000000000000000000000000000000000008F
:10D1A000000000000000000000000000000000007F
:10D1B0000000000000000000000082109AD6FFFF6F
:10D1C000FFFFFFFFFFFFFFFFFFFFFFFFFFFFFFFF6F
:10D1D000FFFFFFFF14A5000000000000000000009A
:10D1E000000000000000000000000000000000003F
:10D1F000000000000000000000000000000000002F
:10D20000000000000000000000000000000000001E
:10D21000000000000000000000000000000000000E
:10D2200000000000000000000000000000000000FE
:10D2300000000000000000000000000000000000EE
:10D2400000000000000000000000000000000000DE
:10D2500000000000000000000000000000000000CE
:10D2600000000000000000000000000000000000BE
:10D27000000000000000000096B5FFFFFFFFFFFF69
:10D28000FFFFFFFFFFFFFFFFFFFFFFFFFFFFFFFFAE
:10D29000FFFFFFFF0C630000000000000000000023
:10D2A000000000000000000000000000000000007E
:10D2B000000000000000000000000000000000006E
:10D2C000000000000000000000000000000000005E
:10D2D000000000000000000000000000000000004E
:10D2E000000000000000000000000000000000003E
:10D2F000000000000000000000000000000000002E
:10D30000000000000000000000000000000000001D
:10D31000000000000000000000000000000000000D
:10D3200000000000000000000000000000000000FD
:10D330000000000014A5FFFFFFFFFFFFFFFFFFFF3E
:10D34000FFFFFFFFFFFFFFFFFFFFFFFFFFFFFFFFED
:10D35000FFFFFFFF0C630000000000000000000062
:10D3600000000000000000000000000000000000BD
:10D3700000000000000000000000000000000000AD
:10D38000000000000000000000000000000000009D
:10D39000000000000000000000000000000000008D
:10D3A000000000000000000000000000000000007D
:10D3B000000000000000000000000000000000006D
:10D3C000000000000000000000000000000000005D
:10D3D000000000000000000000000000000000004D
:10D3E000000000000000000000000000000000003D
:10D3F0008E73FFFFFFFFFFFFFFFFFFFFFFFFFFFF3A
:10D40000FFFFFFFFFFFFFFFFFFFFFFFFFFFFFFFF2C
:10D41000FFFF9EF7863100000000000000000000C2
:10D4200000000000000000000000000000000000FC
:10D4300000000000000000000000000000000000EC
:10D4400000000000000000000000000000000000DC
:10D4500000000000000000000000000000000000CC
:10D4600000000000000000000000000000000000BC
:10D4700000000000000000000000000000000000AC
:10D48000000000000000000000000000000000009C
:10D49000000000000000000000000000000000008C
:10D4A0000000000000000000000000000C63FFFF0F
:10D4B000FFFFFFFFFFFFFFFFFFFFFFFFFFFF1CE777
:10D4C00014A5FFFFFFFFFFFFFFFFFFFFFFFFFFFFB1
:10D4D000FFFF9EF786310000000000000000000002
:10D4E000000000000000000000000000000000003C
:10D4F000000000000000000000000000000000002C
:10D50000000000000000000000000000000000001B
:10D51000000000000000000000000000000000000B
:10D5200000000000000000000000000000000000FB
:10D5300000000000000000000000000000000000EB
:10D5400000000000000000000000000000000000DB
:10D5500000000000000000000000000000000000CB
:10D56000000000000000000086319EF7FFFFFFFF73
:10D57000FFFFFFFFFFFFFFFFFFFFF7BD821000006F
:10D580008A529EF7FFFFFFFFFFFFFFFFFFFFFFFF36
:10D59000FFFF9AD6610800000000000000000000B4
:10D5A000000000000000000000000000000000007B
:10D5B000000000000000000000000000000000006B
:10D5C000000000000000000000000000000000005B
:10D5D000000000000000000000000000000000004B
:10D5E000000000000000000000000000000000003B
:10D5F000000000000000000000000000000000002B
:10D60000000000000000000000000000000000001A
:10D61000000000000000000000000000000000000A
:10D620000000000004219EF7FFFFFFFFFFFFFFFF48
:10D63000FFFFFFFFFFFF14A5000000000000000037
:10D6400086319AD6FFFFFFFFFFFFFFFFFFFFFFFFBF
:10D65000FFFF9AD60000000000000000000000005C
:10D6600000000000000000000000000000000000BA
:10D6700000000000000000000000000000000000AA
:10D68000000000000000000000000000000000009A
:10D69000000000000000000000000000000000008A
:10D6A000000000000000000000000000000000007A
:10D6B000000000000000000000000000000000006A
:10D6C000000000000000000000000000000000005A
:10D6D000000000000000000000000000000000004A
:10D6E00082109AD6FFFFFFFFFFFFFFFFFFFFFFFF44
:10D6F000FFFF0C63000000000000000000000000BD
:10D70000821096B5FFFFFFFFFFFFFFFFFFFFFFFF48
:10D71000FFFF14A500000000000000000000000052
:10D7200000000000000000000000000000000000F9
:10D7300000000000000000000000000000000000E9
:10D7400000000000000000000000000000000000D9
:10D7500000000000000000000000000000000000C9
:10D7600000000000000000000000000000000000B9
:10D7700000000000000000000000000000000000A9
:10D780000000000000000000000000000000000099
:10D79000000000000000000000000000000018C6AB
:10D7A000FFFFFFFFFFFFFFFFFFFFFFFF9EF7863139
:10D7B0000000000000000000000000000000000069
:10D7C0000000EF7BFFFFFFFFFFFFFFFFFFFFFFFFFB
:10D7D000FFFF929400000000000000000000000025
:10D7E0000000000000000000000000000000000039
:10D7F0000000000000000000000000000000000029
:10D800000000000000000000000000000000000018
:10D810000000000000000000000000000000000008
:10D8200000000000000000000000000000000000F8
:10D8300000000000000000000000000000000000E8
:10D8400000000000000000000000000000000000D8
:10D850000000000000000000000014A5FFFFFFFF13
:10D86000FFFFFFFFFFFFFFFF9AD60421000000002B
:10D8700000000000000000000000000000000000A8
:10D88000000008429EF7FFFFFFFFFFFFFFFFFFFFC3
:10D89000FFFF0C630000000000000000000000001B
:10D8A0000000000000000000000000000000000078
:10D8B0000000000000000000000000000000000068
:10D8C0000000000000000000000000000000000058
:10D8D0000000000000000000000000000000000048
:10D8E0000000000000000000000000000000000038
:10D8F0000000000000000000000000000000000028
:10D900000000000000000000000000000000000017
:10D910000000000000001084FFFFFFFFFFFFFFFF7B
:10D92000FFFFFFFF14A582100000000000000000B0
:10D9300000000000042100000000000000000000C2
:10D94000000004219AD6FFFFFFFFFFFFFFFFFFFF4C
:10D95000FFFF694A00000000000000000000000016
:10D9600000000000000000000000000000000000B7
:10D9700000000000000000000000000000000000A7
:10D980000000000000000000000000000000000097
:10D990000000000000000000000000000000000087
:10D9A0000000000000000000000000000000000077
:10D9B0000000000000000000000000000000000067
:10D9C0000000000000000000000000000000000057
:10D9D00000000C63FFFFFFFFFFFFFFFFFFFFFFFFE4
:10D9E0008E73000000000000000000000000000036
:10D9F0000C639EF7042100000000000000000000FE
:10DA00000000821014A5FFFFFFFFFFFFFFFFFFFFD5
:10DA10009EF78631000000000000000000000000BA
:10DA200000000000000000000000000000000000F6
:10DA300000000000000000000000000000000000E6
:10DA400000000000000000000000000000000000D6
:10DA500000000000000000000000000000000000C6
:10DA600000000000000000000000000000000000B6
:10DA700000000000000000000000000000000000A6
:10DA800000000000000000000000000000008631DF
:10DA9000FFFFFFFFFFFFFFFFFFFF9EF78A5200001F
:10DAA0000000000000000000000000008631FFFFC1
:10DAB000FFFF9AD682100000000000000000000066
:10DAC000000000008E73FFFFFFFFFFFFFFFFFFFF5F
:10DAD0009EF704210000000000000000000000008C
:10DAE0000000000000000000000000000000000036
:10DAF0000000000000000000000000000000000026
:10DB00000000000000000000000000000000000015
:10DB10000000000000000000000000000000000005
:10DB200000000000000000000000000000000000F5
:10DB300000000000000000000000000000000000E5
:10DB40000000000000000000000086317DEFFFFFB4
:10DB5000FFFFFFFFFFFF79CE8631000000000000CD
:10DB6000000000000000000061089EF7FFFFFFFFBB
:10DB7000FFFF14A5000000000000000000000000EE
:10DB80000000000065299EF7FFFFFFFFFFFFFFFF7A
:10DB90009AD686310000000000000000000000005E
:10DBA0000000000000000000000000000000000075
:10DBB0000000000000000000000000000000000065
:10DBC0000000000000000000000000000000000055
:10DBD0000000000000000000000000000000000045
:10DBE0000000000000000000000000000000000035
:10DBF0000000000000000000000000000000000025
:10DC000000000000000008429EF7FFFFFFFFFFFF3B
:10DC1000FFFF18C682100000000000000000000096
:10DC20000000000000009AD6FFFFFFFFFFFFFFFF8C
:10DC3000FFFF8E73000000000000000000000000E5
:10DC40000000000082109AD6FFFFFFFFFFFFFFFFDA
:10DC50009EF7863100000000000000000000000078
:10DC600000000000000000000000000000000000B4
:10DC700000000000000000000000000000000000A4
:10DC80000000000000000000000000000000000094
:10DC90000000000000000000000000000000000084
:10DCA0000000000000000000000000000000000074
:10DCB0000000000000000000000000000000000064
:10DCC00000000C63FFFFFFFFFFFFFFFFFFFF9294C9
:10DCD0000000000000000000000000000000000044
:10DCE000000014A5FFFFFFFFFFFFFFFFFFFFFFFF87
:10DCF000FFFF0842000000000000000000000000DC
:10DD000000000000000014A5FFFFFFFFFFFFFFFF62
:10DD10007DEF0C6300000000000000000000000028
:10DD200000000000000000000000000000000000F3
:10DD300000000000000000000000000000000000E3
:10DD400000000000000000000000000000000000D3
:10DD500000000000000000000000000000000000C3
:10DD600000000000000000000000000000000000B3
:10DD7000000000000000000000000000000092947D
:10DD8000FFFFFFFFFFFFFFFFFFFF8E73000000009C
:10DD900000000000000000000000000000000C6314
:10DDA000FFFFFFFFFFFFFFFFFFFFFFFFFFFFFFFF83
:10DDB0009EF70421000000000000000000000000A9
:10DDC00000000000000014A5FFFFFFFFFFFFFFFFA2
:10DDD000FFFFEB5A00000000000000000000000000
:10DDE0000000000000000000000000000000000033
:10DDF0000000000000000000000000000000000023
:10DE00000000000000000000000000000000000012
:10DE10000000000000000000000000000000000002
:10DE200000000000000000000000000000000000F2
:10DE30000000000000000000000014A5FFFFFFFF2D
:10DE4000FFFFFFFFFFFF14A500000000000000001F
:10DE5000000000000000000000008631FFFFFFFF0F
:10DE6000FFFFFFFFFFFFFFFFFFFFFFFFFFFFFFFFC2
:10DE70009AD66108000000000000000000000000C9
:10DE800000000000000079CEFFFFFFFFFFFFFFFF53
:10DE9000FFFFF39C000000000000000000000000F5
:10DEA0000000000000000000000000000000000072
:10DEB0000000000000000000000000000000000062
:10DEC0000000000000000000000000000000000052
:10DED0000000000000000000000000000000000042
:10DEE0000000000000000000000000000000000032
:10DEF00000000000821079CEFFFFFFFFFFFFFFFF51
:10DF0000FFFF79CE8210000000000000000000003A
:10DF100000000000000082101CE7FFFFFFFFFFFF72
:10DF2000FFFFFFFFFFFFFFFFFFFFFFFFFFFFFFFF01
:10DF300096B5000000000000000000000000000096
:10DF40000000000082109EF7FFFFFFFFFFFFFFFFB2
:10DF5000FFFF14A582100000000000000000000078
:10DF600000000000000000000000000000000000B1
:10DF700000000000000000000000000000000000A1
:10DF80000000000000000000000000000000000091
:10DF90000000000000000000000000000000000081
:10DFA0000000000000000000000000000000000071
:10DFB00086319AD6FFFFFFFFFFFFFFFFFFFF7DEFD8
:10DFC00082100000000000000000000000000000BF
:10DFD00000000000F7BDFFFFFFFFFFFFFFFFFFFF97
:10DFE0009EF71084FFFFFFFFFFFFFFFFFFFFFFFF14
:10DFF000108400000000000000000000000000008D
:10E00000000000008631FFFFFFFFFFFFFFFFFFFF63
:10E01000FFFF9AD682100000000000000000000000
:10E0200000000000000000000000000000000000F0
:10E0300000000000000000000000000000000000E0
:10E0400000000000000000000000000000000000D0
:10E0500000000000000000000000000000000000C0
:10E0600000000000000000000000000086319EF764
:10E07000FFFFFFFFFFFFFFFFFFFFFFFF652900001E
:10E080000000000000000000000000000000000090
:10E090009294FFFFFFFFFFFFFFFFFFFF9EF7863118
:10E0A00000000C63FFFFFFFFFFFFFFFFFFFFFFFF0D
:10E0B0008A52000000000000000000000000000084
:10E0C000000000000C63FFFFFFFFFFFFFFFFFFFFEB
:10E0D000FFFF9AD68631000000000000000000001B
:10E0E0000000000000000000000000000000000030
:10E0F0000000000000000000000000000000000020
:10E10000000000000000000000000000000000000F
:10E1100000000000000000000000000000000000FF
:10E1200000000000000000000C63FFFFFFFFFFFF86
:10E13000FFFFFFFFFFFFFFFFEB5A000000000000A2
:10E140000000000000000000000000000C63FFFF62
:10E15000FFFFFFFFFFFFFFFF9EF78631000000007B
:10E160000000EB5AFFFFFFFFFFFFFFFFFFFF9EF7DF
:10E17000694A0000000000000000000000000000EC
:10E1800000000000F39CFFFFFFFFFFFFFFFFFFFF0A
:10E19000FFFF9EF786310000000000000000000035
:10E1A000000000000000000000000000000000006F
:10E1B000000000000000000000000000000000005F
:10E1C000000000000000000000000000000000004F
:10E1D000000000000000000000000000000000003F
:10E1E000000000001084FFFFFFFFFFFFFFFFFFFFA5
:10E1F000FFFFFFFF929400000000000000000000FD
:10E200000000000000000000EB5A9EF7FFFFFFFF38
:10E21000FFFFFFFF9EF765290000000000000000DF
:10E2200000000C63FFFFFFFFFFFFFFFFFFFFFFFF8B
:10E23000EF7B000000000000000000000000000074
:10E24000000082109AD6FFFFFFFFFFFFFFFFFFFFD6
:10E25000FFFF9EF70C6300000000000000000000BC
:10E2600000000000000000000000000000000000AE
:10E27000000000000000000000000000000000009E
:10E28000000000000000000000000000000000008E
:10E29000000000000000000000000000000000007E
:10E2A00014A5FFFFFFFFFFFFFFFFFFFFFFFFFFFFC3
:10E2B00018C6000000000000000000000000000080
:10E2C0000000000014A5FFFFFFFFFFFFFFFFFFFF9F
:10E2D0009EF78631000000000000000000000000F2
:10E2E00000000C63FFFFFFFFFFFFFFFFFFFFFFFFCB
:10E2F00014A56108000000000000000000000000FC
:10E30000000004219EF7FFFFFFFFFFFFFFFFFFFF5D
:10E31000FFFFFFFF0C630000000000000000000092
:10E3200000000000000000000000000000000000ED
:10E3300000000000000000000000000000000000DD
:10E3400000000000000000000000000000000000CD
:10E3500000000000000000000000821018C6FFFF4F
:10E36000FFFFFFFFFFFFFFFFFFFFFFFF9AD68210B7
:10E37000000000000000000000000000000082100B
:10E380009AD6FFFFFFFFFFFFFFFFFFFF9EF7652904
:10E39000000000000000000000000000000000007D
:10E3A00000000C63FFFFFFFFFFFFFFFFFFFFFFFF0A
:10E3B0009AD682100000000000000000000000005B
:10E3C00000000842FFFFFFFFFFFFFFFFFFFFFFFF0F
:10E3D000FFFFFFFF14A50000000000000000000088
:10E3E000000000000000000000000000000000002D
:10E3F000000000000000000000000000000000001D
:10E40000000000000000000000000000000000000C
:10E4100000000000000004219AD6FFFFFFFFFFFF6D
:10E42000FFFFFFFFFFFFFFFF9EF7863100000000A8
:10E430000000000000000000000065299EF7FFFFBB
:10E44000FFFFFFFFFFFFFFFF9EF786310000000088
:10E4500000000000000000000000000000000000BC
:10E4600000000C63FFFFFFFFFFFFFFFFFFFFFFFF49
:10E470009EF7863100000000000000000000000050
:10E4800000008E73FFFFFFFFFFFFFFFFFFFFFFFF97
:10E49000FFFFFFFFF39C821000000000000000005F
:10E4A000000000000000000000000000000000006C
:10E4B000000000000000000000000000000000005C
:10E4C000000000000000000000000000000000004C
:10E4D000000086319EF7FFFFFFFFFFFFFFFFFFFFFA
:10E4E000FFFFFFFFFFFF694A00000000000000007F
:10E4F0000000000000008E73FFFFFFFFFFFFFFFF23
:10E50000FFFFFFFF9EF786310000000000000000C3
:10E5100000000000000000000000000000000000FB
:10E5200000000C63FFFFFFFFFFFFFFFFFFFFFFFF88
:10E530007DEF0C6300000000000000000000000000
:10E54000000014A5FFFFFFFFFFFFFFFFFFFFFFFF1E
:10E55000FFFFFFFF9AD682100000000000000000BD
:10E5600000000000000000000000000000000000AB
:10E57000000000000000000000000000000000009B
:10E5800000000000000000000000000000000C631C
:10E590009EF7FFFFFFFFFFFFFFFFFFFFFFFFFFFFF4
:10E5A000FFFF6D6B00000000000000000000000095
:10E5B000821014A5FFFFFFFFFFFFFFFFFFFFFFFF1C
:10E5C0009EF78631000000000000000000000000FF
:10E5D000000000000000000000000000000000003B
:10E5E00000000C63FFFFFFFFFFFFFFFFFFFFFFFFC8
:10E5F000FFFF108400000000000000000000000089
:10E6000082109AD6FFFFFFFFFFFFFFFFFFFFFFFF14
:10E61000FFFFFFFF9AD686310000000000000000D7
:10E6200000000000000000000000000000000000EA
:10E6300000000000000000000000000000000000DA
:10E64000000000000000000000008E73FFFFFFFFCD
:10E65000FFFFFFFFFFFFFFFFFFFFFFFFFFFF14A50F
:10E660000000000000000000000000000000108416
:10E6700018C618C618C618C618C618C69294863189
:10E68000000000000000000000000000000000008A
:10E69000000000000000000000000000000000007A
:10E6A00000000C63FFFFFFFFFFFFFFFFFFFFFFFF07
:10E6B000FFFF14A582100000000000000000000011
:10E6C00086319EF7FFFFFFFFFFFFFFFFFFFFFFFF0A
:10E6D000FFFFFFFF9EF786310000000000000000F2
:10E6E000000000000000000000000000000000002A
:10E6F000000000000000000000000000000000001A
:10E7000000000000000014A5FFFFFFFFFFFFFFFF58
:10E71000FFFFFFFFFFFFFFFFFFFF9AD68210000001
:10E7200000000000000000000000000000000000E9
:10E7300000000000000000000000000000000000D9
:10E7400000000000000000000000000000000000C9
:10E7500000000000000000000000000000000000B9
:10E760000000EB5AFFFFFFFFFFFFFFFFFFFFFFFF70
:10E77000FFFF79CE821000000000000000000000C2
:10E780008A52FFFFFFFFFFFFFFFFFFFFFFFFFFFFBB
:10E79000FFFFFFFF7DEF0C630000000000000000A2
:10E7A0000000000000000000000000000000000069
:10E7B0000000000000000000000000000000000059
:10E7C000821096B5FFFFFFFFFFFFFFFFFFFFFFFF78
:10E7D000FFFFFFFFFFFF9EF7610800000000000041
:10E7E0000000000000000000000000000000000029
:10E7F0000000000000000000000000000000000019
:10E800000000000000000000000000000000000008
:10E8100000000000000000000000000000000000F8
:10E8200000000C63FFFFFFFFFFFFFFFFFFFFFFFF85
:10E83000FFFF9EF7652900000000000000000000B7
:10E840001084FFFFFFFFFFFFFFFFFFFFFFFFFFFF42
:10E85000FFFFFFFFFFFF0C6300000000000000004F
:10E8600000000000000000000000000000000000A8
:10E870000000000000000000000000000000821006
:10E8800096B5FFFFFFFFFFFFFFFFFFFFFFFFFFFF4B
:10E89000FFFFFFFF9EF78631000000000000000030
:10E8A0000000000000000000000000000000000068
:10E8B0000000000000000000000000000000000058
:10E8C0000000000000000000000000000000000048
:10E8D0000000000000000000000000000000000038
:10E8E00014A5FFFFFFFFFFFFFFFFFFFFFFFFFFFF7D
:10E8F0009AD686310000000000000000000014A538
:10E90000FFFFFFFFFFFFFFFFFFFFFFFFFFFFFFFF17
:10E91000FFFF9EF70842000000000000000000001A
:10E9200000000000000000000000000000000000E7
:10E9300000000000000000000000000000000000D7
:10E94000F39CFFFFFFFFFFFFFFFFFFFFFFFFFFFF46
:10E95000FFFFFFFF9EF78210000000000000000094
:10E9600000000000000000000000000000000000A7
:10E970000000000000000000000000000000000097
:10E980000000000000000000000000000000000087
:10E99000000000000000000000000000F39CFFFFEA
:10E9A000FFFFFFFFFFFFFFFFFFFFFFFF18C6821003
:10E9B000000000000000000000008E73FFFFFFFF5A
:10E9C000FFFFFFFFFFFFFFFFFFFFFFFFFFFF9AD6E5
:10E9D0008631000000000000000000000000000080
:10E9E0000000000000000000000000000000000027
:10E9F0000000000000000000000000000000000017
:10EA0000EB5AFFFFFFFFFFFFFFFFFFFFFFFFFFFFCF
:10EA1000FFFFFFFF79CE8210000000000000000021
:10EA2000000000008E7318C618C69EF7FFFFFFFF98
:10EA3000FFFF9EF78631000000000000000000008C
:10EA400000000000000000000000000000000000C6
:10EA5000000000000000000014A5FFFFFFFFFFFF03
:10EA6000FFFFFFFFFFFFFFFF14A5000000000000F5
:10EA70000000000000000842FFFFFFFFFFFFFFFF54
:10EA8000FFFFFFFFFFFFFFFFFFFF18C68210000020
:10EA90000000000000000000000000000000000076
:10EAA0000000000000000000000000000000000066
:10EAB0000000000000000000000000000000000056
:10EAC0008A529EF7FFFFFFFFFFFFFFFFFFFFFFFFE1
:10EAD000FFFFFFFF14A50000000000000000000081
:10EAE000000000009294FFFFFFFFFFFFFFFFFFFF0A
:10EAF000FFFF9EF7863100000000000000000000CC
:10EB00000000000000000000000000000000000005
:10EB10000000000014A5FFFFFFFFFFFFFFFFFFFF46
:10EB2000FFFFFFFF0C63000000000000000000007A
:10EB3000000004219EF7FFFFFFFFFFFFFFFFFFFF25
:10EB4000FFFFFFFFFFFF14A5000000000000000012
:10EB500000000000000000000000000000000000B5
:10EB600000000000000000000000000000000000A5
:10EB70000000000000000000000000000000000095
:10EB800086319EF7FFFFFFFFFFFFFFFFFFFFFFFF45
:10EB9000FFFFFFFF92940000000000000000000053
:10EBA000000000008A529EF7FFFFFFFFFFFFFFFFFC
:10EBB000FFFF9EF78631000000000000000000000B
:10EBC0000000000000000000000000000000000045
:10EBD00014A5FFFFFFFFFFFFFFFFFFFFFFFF7DEF1C
:10EBE0000842000000000000000000000000821049
:10EBF00079CEFFFFFFFFFFFFFFFFFFFFFFFFFFFFDC
:10EC0000FFFF0C6300000000000000000000000097
:10EC100000000000000000000000000000000000F4
:10EC200000000000000000000000000000000000E4
:10EC300000000000000000000000000000000000D4
:10EC400082109AD6FFFFFFFFFFFFFFFFFFFFFFFFCE
:10EC5000FFFFFFFF0C630000000000000000000049
:10EC60000000000086319AD6FFFFFFFFFFFFFFFF85
:10EC7000FFFF9EF78631000000000000000000004A
:10EC800000000000000000000000000014A5FFFFCD
:10EC9000FFFFFFFFFFFFFFFFFFFF9AD604210000E9
:10ECA00000000000000000000000000096B5FFFF1B
:10ECB000FFFFFFFFFFFFFFFFFFFFFFFF9EF7084281
:10ECC0000000000000000000000000000000000044
:10ECD0000000000000000000000000000000000034
:10ECE0000000000000000000000000000000000024
:10ECF0000000000000000000000000000000000014
:10ED0000821096B5FFFFFFFFFFFFFFFFFFFFFFFF32
:10ED1000FFFFFFFF65290000000000000000000069
:10ED200000000000821096B5FFFFFFFFFFFFFFFF0E
:10ED3000FFFF9EF786310000000000000000000089
:10ED4000000000000000000014A5FFFFFFFFFFFF10
:10ED5000FFFFFFFFFFFF96B5610800000000000005
:10ED600000000000000000001084FFFFFFFFFFFF15
:10ED7000FFFFFFFFFFFFFFFF79CE8631000000009D
:10ED80000000000000000000000000000000000083
:10ED90000000000000000000000000000000000073
:10EDA0000000000000000000000000000000000063
:10EDB0000000000000000000000000000000000053
:10EDC0000000F39CFFFFFFFFFFFFFFFFFFFFFFFFC0
:10EDD000FFFF9EF70421000000000000000000007B
:10EDE0000000000000001084FFFFFFFFFFFFFFFF97
:10EDF000FFFF9EF7652900000000000000000000F2
:10EE00000000000014A5FFFFFFFFFFFFFFFFFFFF53
:10EE1000FFFF718C000000000000000000000000F7
:10EE2000000000008A52FFFFFFFFFFFFFFFFFFFF10
:10EE3000FFFFFFFFF7BD8210000000000000000090
:10EE400000000000000000000000000000000000C2
:10EE500000000000000000000000000000000000B2
:10EE600000000000000000000000000000000000A2
:10EE70000000000000000000000000000000000092
:10EE80000000EB5AFFFFFFFFFFFFFFFFFFFFFFFF49
:10EE9000FFFF9AD682100000000000000000000072
:10EEA00000000000000008429EF7FFFFFFFFFFFF89
:10EEB000FFFF9EF786310000000000000000000008
:10EEC00014A5FFFFFFFFFFFFFFFFFFFFFFFF0C6326
:10EED0000000000000000000000000000000000032
:10EEE00086319EF7FFFFFFFFFFFFFFFFFFFFFFFFE2
:10EEF00014A5000000000000000000000000000059
:10EF00000000000000000000000000000000000001
:10EF100000000000000000000000000000000000F1
:10EF200000000000000000000000000000000000E1
:10EF300000000000000000000000000000000000D1
:10EF400000008A529EF7FFFFFFFFFFFFFFFFFFFF5A
:10EF5000FFFF18C6000000000000000000000000D5
:10EF60000000000000008A52FFFFFFFFFFFFFFFFCD
:10EF7000FFFF9EF7863100000000000014A5FFFF90
:10EF8000FFFFFFFFFFFFFFFF7DEF86310000000066
:10EF900000000000000000000000000061089AD698
:10EFA000FFFFFFFFFFFFFFFFFFFFFFFF0C630000FE
:10EFB0000000000000000000000000000000000051
:10EFC0000000000000000000000000000000000041
:10EFD0000000000000000000000000000000000031
:10EFE0000000000000000000000000000000000021
:10EFF0000000000000000000000000000000000011
:10F00000000065299EF7FFFFFFFFFFFFFFFFFFFFE7
:10F01000FFFF14A500000000000000000000000039
:10F020000000000000001084FFFFFFFFFFFFFFFF54
:10F03000FFFF9EF76529000014A5FFFFFFFFFFFFFC
:10F04000FFFFFFFFFFFF863100000000000000000F
:10F050000000000000000000000096B5FFFFFFFF69
:10F06000FFFFFFFFFFFF9EF70842000000000000C7
:10F070000000000000000000000000000000000090
:10F080000000000000000000000000000000000080
:10F090000000000000000000000000000000000070
:10F0A0000000000000000000000000000000000060
:10F0B0000000000000000000000000000000000050
:10F0C000000082109AD6FFFFFFFFFFFFFFFFFFFF48
:10F0D000FFFF0C63000000000000000000000000C3
:10F0E00000000000000096B5FFFFFFFFFFFFFFFFDD
:10F0F000FFFF9EF796B5FFFFFFFFFFFFFFFFFFFF3C
:10F10000FFFF0C6300000000000000000000000092
:10F110000000000000009294FFFFFFFFFFFFFFFFD1
:10F12000FFFF9AD6863100000000000000000000BA
:10F1300000000000000000000000000000000000CF
:10F1400000000000000000000000000000000000BF
:10F1500000000000000000000000000000000000AF
:10F16000000000000000000000000000000000009F
:10F17000000000000000000000000000000000008F
:10F180000000821096B5FFFFFFFFFFFFFFFFFFFFAC
:10F19000FFFF084200000000000000000000000027
:10F1A0000000000082109AD6FFFFFFFFFFFFFFFF65
:10F1B000FFFFFFFFFFFFFFFFFFFFFFFFFFFF14A5A4
:10F1C000000000000000000000000000000000003F
:10F1D00000000C63FFFFFFFFFFFFFFFFFFFF18C6EC
:10F1E000821000000000000000000000000000008D
:10F1F000000000000000000000000000000000000F
:10F2000000000000000000000000000000000000FE
:10F2100000000000000000000000000000000000EE
:10F2200000000000000000000000000000000000DE
:10F2300000000000000000000000000000000000CE
:10F240000000000014A5FFFFFFFFFFFFFFFFFFFF0F
:10F250009EF7863100000000000000000000000062
:10F260000000000086319EF7FFFFFFFFFFFFFFFF5A
:10F27000FFFFFFFFFFFFFFFFFFFF9AD60000000028
:10F2800000000000000000000000000000008631C7
:10F290009EF7FFFFFFFFFFFFFFFFF39C0000000052
:10F2A000000000000000000000000000000000005E
:10F2B000000000000000000000000000000000004E
:10F2C000000000000000000000000000000000003E
:10F2D000000000000000000000000000000000002E
:10F2E000000000000000000000000000000000001E
:10F2F000000000000000000000000000000000000E
:10F30000000000000C63FFFFFFFFFFFFFFFFFFFF98
:10F310009EF76529000000000000000000000000CA
:10F32000000000008A52FFFFFFFFFFFFFFFFFFFF0B
:10F33000FFFFFFFFFFFF9EF76108000000000000D5
:10F340000000000000000000000082101CE7FFFF2A
:10F35000FFFFFFFFFFFF0C63000000000000000044
:10F36000000000000000000000000000000000009D
:10F37000000000000000000000000000000000008D
:10F38000000000000000000000000000000000007D
:10F39000000000000000000000000000000000006D
:10F3A000000000000000000000000000000000005D
:10F3B000000000000000000000000000000000004D
:10F3C000000000008A529EF7FFFFFFFFFFFFFFFFD4
:10F3D0009EF70C6300000000000000000000000029
:10F3E000000000001084FFFFFFFFFFFFFFFFFFFF93
:10F3F000FFFFFFFF8631000000000000000000005A
:10F4000000000000000086317DEFFFFFFFFFFFFFDF
:10F410007DEF084200000000000000000000000036
:10F4200000000000000000000000000000000000DC
:10F4300000000000000000000000000000000000CC
:10F4400000000000000000000000000000000000BC
:10F4500000000000000000000000000000000000AC
:10F46000000000000000000000000000000000009C
:10F47000000000000000000000000000000000008C
:10F480000000000086319EF7FFFFFFFFFFFFFFFF38
:10F49000FFFF8E730000000000000000000000006D
:10F4A0000000000096B5FFFFFFFFFFFFFFFFFFFF1B
:10F4B0000C630000000000000000000000000000DD
:10F4C00000000C63FFFFFFFFFFFFFFFF9AD68631AE
:10F4D000000000000000000000000000000000002C
:10F4E000000000000000000000000000000000001C
:10F4F000000000000000000000000000000000000C
:10F5000000000000000000000000000000000000FB
:10F5100000000000000000000000000000000000EB
:10F5200000000000000000000000000000000000DB
:10F5300000000000000000000000000000000000CB
:10F54000000000008210FBDEFFFFFFFFFFFFFFFF58
:10F55000FFFF14A5000000000000000000000000F4
:10F560000000821079CEFFFFFFFFFFFF92940000A2
:10F570000000000000000000000000000000F39CFC
:10F58000FFFFFFFFFFFFFFFF9EF7042100000000C9
:10F59000000000000000000000000000000000006B
:10F5A000000000000000000000000000000000005B
:10F5B000000000000000000000000000000000004B
:10F5C000000000000000000000000000000000003B
:10F5D000000000000000000000000000000000002B
:10F5E000000000000000000000000000000000001B
:10F5F000000000000000000000000000000000000B
:10F600000000000086319EF7FFFFFFFFFFFFFFFFB6
:10F61000FFFF9AD6821000000000000000000000EA
:10F62000000086319EF7FFFF18C6000000000000B2
:10F63000000000000000000082109AD6FFFFFFFFCC
:10F64000FFFFFFFF9EF78631000000000000000072
:10F6500000000000000000000000000000000000AA
:10F66000000000000000000000000000000000009A
:10F67000000000000000000000000000000000008A
:10F68000000000000000000000000000000000007A
:10F69000000000000000000000000000000000006A
:10F6A000000000000000000000000000000000005A
:10F6B000000000000000000000000000000000004A
:10F6C000000000000842FFFFFFFFFFFFFFFFFFFFFA
:10F6D000FFFF9AD686310000000000000000000005
:10F6E00000008A521CE761080000000000000000D2
:10F6F0000000000086319EF7FFFFFFFFFFFFFFFFC6
:10F70000FFFF0C630000000000000000000000008C
:10F7100000000000000000000000000000000000E9
:10F7200000000000000000000000000000000000D9
:10F7300000000000000000000000000000000000C9
:10F7400000000000000000000000000000000000B9
:10F7500000000000000000000000000000000000A9
:10F760000000000000000000000000000000000099
:10F770000000000000000000000000000000000089
:10F7800000000000EB5AFFFFFFFFFFFFFFFFFFFF3E
:10F79000FFFF9EF78631000000000000000000001F
:10F7A00000008210000000000000000000000000C7
:10F7B0000C637DEFFFFFFFFFFFFFFFFFFFFFEF7B0E
:10F7C0000000000000000000000000000000000039
:10F7D0000000000000000000000000000000000029
:10F7E0000000000000000000000000000000000019
:10F7F0000000000000000000000000000000000009
:10F8000000000000000000000000000000000000F8
:10F8100000000000000000000000000000000000E8
:10F8200000000000000000000000000000000000D8
:10F8300000000000000000000000000000000000C8
:10F84000000000009294FFFFFFFFFFFFFFFFFFFF9C
:10F85000FFFFFFFF0C63000000000000000000003D
:10F860000000000000000000000000009294FFFF74
:10F87000FFFFFFFFFFFFFFFFFFFF14A500000000D9
:10F880000000000000000000000000000000000078
:10F890000000000000000000000000000000000068
:10F8A0000000000000000000000000000000000058
:10F8B0000000000000000000000000000000000048
:10F8C0000000000000000000000000000000000038
:10F8D0000000000000000000000000000000000028
:10F8E0000000000000000000000000000000000018
:10F8F0000000000000000000000000000000000008
:10F900000000000014A5FFFFFFFFFFFFFFFFFFFF48
:10F91000FFFFFFFF929400000000000000000000C5
:10F92000000000000000610818C6FFFFFFFFFFFF96
:10F93000FFFFFFFFFFFF9AD66108000000000000F4
:10F9400000000000000000000000000000000000B7
:10F9500000000000000000000000000000000000A7
:10F960000000000000000000000000000000000097
:10F970000000000000000000000000000000000087
:10F980000000000000000000000000000000000077
:10F990000000000000000000000000000000000067
:10F9A0000000000000000000000000000000000057
:10F9B0000000000000000000000000000000000047
:10F9C0000000821079CEFFFFFFFFFFFFFFFFFFFF68
:10F9D000FFFFFFFF14A56108000000000000000009
:10F9E000000086311CE7FFFFFFFFFFFFFFFFFFFF67
:10F9F000FFFF9EF76108000000000000000000000B
:10FA000000000000000000000000000000000000F6
:10FA100000000000000000000000000000000000E6
:10FA200000000000000000000000000000000000D6
:10FA300000000000000000000000000000000000C6
:10FA400000000000000000000000000000000000B6
:10FA500000000000000000000000000000000000A6
:10FA60000000000000000000000000000000000096
:10FA70000000000000000000000000000000000086
:10FA800000008210FBDEFFFFFFFFFFFFFFFFFFFF15
:10FA9000FFFFFFFF79CE82100000000000000C6322
:10FAA0009EF7FFFFFFFFFFFFFFFFFFFFFFFF9EF738
:10FAB000863100000000000000000000000000008F
:10FAC0000000000000000000000000000000000036
:10FAD0000000000000000000000000000000000026
:10FAE0000000000000000000000000000000000016
:10FAF0000000000000000000000000000000000006
:10FB000000000000000000000000000000000000F5
:10FB100000000000000000000000000000000000E5
:10FB200000000000000000000000000000000000D5
:10FB300000000000000000000000000000000000C5
:10FB4000000086317DEFFFFFFFFFFFFFFFFFFFFF9C
:10FB5000FFFFFFFF9EF786310000EF7BFFFFFFFFF7
:10FB6000FFFFFFFFFFFFFFFFFFFFFFFF0C63000032
:10FB70000000000000000000000000000000000085
:10FB80000000000000000000000000000000000075
:10FB90000000000000000000000000000000000065
:10FBA0000000000000000000000000000000000055
:10FBB0000000000000000000000000000000000045
:10FBC0000000000000000000000000000000000035
:10FBD0000000000000000000000000000000000025
:10FBE0000000000000000000000000000000000015
:10FBF0000000000000000000000000000000000005
:10FC000000000842FFFFFFFFFFFFFFFFFFFFFFFFB6
:10FC1000FFFFFFFF9EF796B5FFFFFFFFFFFFFFFF10
:10FC2000FFFFFFFFFFFFFFFF108400000000000048
:10FC300000000000000000000000000000000000C4
:10FC400000000000000000000000000000000000B4
:10FC500000000000000000000000000000000000A4
:10FC60000000000000000000000000000000000094
:10FC70000000000000000000000000000000000084
:10FC80000000000000000000000000000000000074
:10FC90000000000000000000000000000000000064
:10FCA0000000000000000000000000000000000054
:10FCB0000000000000000000000000000000000044
:10FCC00000000C63FFFFFFFFFFFFFFFFFFFFFFFFD1
:10FCD000FFFFFFFFFFFFFFFFFFFFFFFFFFFFFFFF34
:10FCE000FFFFFFFF14A5000000000000000000005F
:10FCF0000000000000000000000000000000000004
:10FD000000000000000000000000000000000000F3
:10FD100000000000000000000000000000000000E3
:10FD200000000000000000000000000000000000D3
:10FD300000000000000000000000000000000000C3
:10FD400000000000000000000000000000000000B3
:10FD500000000000000000000000000000000000A3
:10FD60000000000000000000000000000000000093
:10FD70000000000000000000000000000000000083
:10FD800000009294FFFFFFFFFFFFFFFFFFFFFFFF59
:10FD9000FFFFFFFFFFFFFFFFFFFFFFFFFFFFFFFF73
:10FDA00079CE82100000000000000000000000007A
:10FDB0000000000000000000000000000000000043
:10FDC0000000000000000000000000000000000033
:10FDD0000000000000000000000000000000000023
:10FDE0000000000000000000000000000000000013
:10FDF0000000000000000000000000000000000003
:10FE000000000000000000000000000000000000F2
:10FE100000000000000000000000000000000000E2
:10FE200000000000000000000000000000000000D2
:10FE300000000000000000000000000000000000C2
:10FE4000000014A5FFFFFFFFFFFFFFFFFFFFFFFF05
:10FE5000FFFFFFFFFFFFFFFFFFFFFFFF9EF7821087
:10FE60000000000000000000000000000000000092
:10FE70000000000000000000000000000000000082
:10FE80000000000000000000000000000000000072
:10FE90000000000000000000000000000000000062
:10FEA0000000000000000000000000000000000052
:10FEB0000000000000000000000000000000000042
:10FEC0000000000000000000000000000000000032
:10FED0000000000000000000000000000000000022
:10FEE0000000000000000000000000000000000012
:10FEF0000000000000000000000000000000000002
:10FF000082109AD6FFFFFFFFFFFFFFFFFFFFFFFFFB
:10FF1000FFFFFFFFFFFFFFFF7DEF863100000000C6
:10FF200000000000000000000000000000000000D1
:10FF300000000000000000000000000000000000C1
:10FF400000000000000000000000000000000000B1
:10FF500000000000000000000000000000000000A1
:10FF60000000000000000000000000000000000091
:10FF70000000000000000000000000000000000081
:10FF80000000000000000000000000000000000071
:10FF90000000000000000000000000000000000061
:10FFA0000000000000000000000000000000000051
:10FFB0000000000000000000000000000000000041
:10FFC00082101CE7FFFFFFFFFFFFFFFFFFFFFFFFA8
:10FFD000FFFFFFFFFFFF8A5200000000000000004B
:10FFE0000000000000000000000000000000000011
:10FFF0000000000000000000000000000000000001
:020000040801F1
:1000000000000000000000000000000000000000F0
:1000100000000000000000000000000000000000E0
:1000200000000000000000000000000000000000D0
:1000300000000000000000000000000000000000C0
:1000400000000000000000000000000000000000B0
:1000500000000000000000000000000000000000A0
:100060000000000000000000000000000000000090
:100070000000000000000000000000000000000080
:1000800086319EF7FFFFFFFFFFFFFFFFFFFFFFFF30
:10009000FFFF8E7300000000000000000000000061
:1000A0000000000000000000000000000000000050
:1000B0000000000000000000000000000000000040
:1000C0000000000000000000000000000000000030
:1000D0000000000000000000000000000000000020
:1000E0000000000000000000000000000000000010
:1000F0000000000000000000000000000000000000
:1001000000000000000000000000000000000000EF
:1001100000000000000000000000000000000000DF
:1001200000000000000000000000000000000000CF
:1001300000000000000000000000000000000000BF
:100140000842FFFFFFFFFFFFFFFFFFFFFFFF14A5B8
:10015000000000000000000000000000000000009F
:10016000000000000000000000000000000000008F
:10017000000000000000000000000000000000007F
:10018000000000000000000000000000000000006F
:10019000000000000000000000000000000000005F
:1001A000000000000000000000000000000000004F
:1001B000000000000000000000000000000000003F
:1001C000000000000000000000000000000000002F
:1001D000000000000000000000000000000000001F
:1001E000000000000000000000000000000000000F
:1001F00000000000000000000000000000000000FF
:100200000C63FFFFFFFFFFFFFFFF9AD60000000017
:1002100000000000000000000000000000000000DE
:1002200000000000000000000000000000000000CE
:1002300000000000000000000000000000000000BE
:1002400000000000000000000000000000000000AE
:10025000000000000000000000000000000000009E
:10026000000000000000000000000000000000008E
:10027000000000000000000000000000000000007E
:10028000000000000000000000000000000000006E
:10029000000000000000000000000000000000005E
:1002A000000000000000000000000000000000004E
:1002B000000000000000000000000000000000003E
:1002C0009294FFFFFFFF1CE7821000000000000077
:1002D000000000000000000000000000000000001E
:1002E000000000000000000000000000000000000E
:1002F00000000000000000000000000000000000FE
:1003000000000000000000000000000000000000ED
:1003100000000000000000000000000000000000DD
:1003200000000000000000000000000000000000CD
:1003300000000000000000000000000000000000BD
:1003400000000000000000000000000000000000AD
:10035000000000000000000000000000000000009D
:10036000000000000000000000000000000000008D
:10037000000000000000000000000000000000007D
:1003800014A57DEF86310000000000000000000091
:10039000000000000000000000000000000000005D
:1003A000000000000000000000000000000000004D
:1003B000000000000000000000000000000000003D
:1003C000000000000000000000000000000000002D
:1003D000000000000000000000000000000000001D
:1003E000000000000000000000000000000000000D
:1003F00000000000000000000000000000000000FD
:1004000000000000000000000000000000000000EC
:1004100000000000000000000000000000000000DC
:1004200000000000000000000000000000000000CC
:1004300000000000000000000000000000000000BC
:10044000E73900000000000000000000000000008C
:10045000000000000000000000000000000000009C
:10046000000000000000000000000000000000008C
:10047000000000000000000000000000000000007C
:10048000000000000000000000000000000000006C
:10049000000000000000000000000000000000005C
:1004A000000000000000000000000000000000004C
:1004B000000000000000000000000000000000003C
:1004C000000000000000000000000000000000002C
:1004D000000000000000000000000000000000001C
:1004E000000000000000000000000000000000000C
:1004F00000000000000000000000000000000000FC
:1005000000000000000000000000000000000000EB
:1005100000000000000000000000000000000000DB
:1005200000000000000000000000000000000000CB
:1005300000000000000000000000000000000000BB
:1005400000000000000000000000000000000000AB
:10055000000000000000000000000000000000009B
:10056000000000000000000000000000000000008B
:10057000000000000000000000000000000000007B
:10058000000000000000000000000000000000006B
:10059000000000000000000000000000000000005B
:1005A000000000000000000000000000000000004B
:1005B000000000000000000000000000000000003B
:1005C000000000000000000000000000000000002B
:1005D000000000000000000000000000000000001B
:1005E000000000000000000000000000000000000B
:1005F00000000000000000000000000000000000FB
:1006000000000000000000000000000000000000EA
:1006100000000000000000000000000000000000DA
:1006200000000000000000000000000000000000CA
:1006300000000000000000000000000000000000BA
:1006400000000000000000000000000000000000AA
:10065000000000000000000000000000000000009A
:10066000000000000000000000000000000000008A
:10067000000000000000000000000000000000007A
:10068000000000000000000000000000000000006A
:10069000000000000000000000000000000000005A
:1006A000000000000000000000000000000000004A
:1006B000000000000000000000000000000000003A
:1006C000000000000000000000000000000000002A
:1006D000000000000000000000000000000000001A
:1006E000000000000000000000000000000000000A
:1006F00000000000000000000000000000000000FA
:1007000000000000000000000000000000000000E9
:1007100000000000000000000000000000000000D9
:1007200000000000000000000000000000000000C9
:1007300000000000000000000000000000000000B9
:1007400000000000000000000000000000000000A9
:100750000000000000000000000000000000000099
:100760000000000000000000000000000000000089
:100770000000000000000000000000000000000079
:100780000000000000000000000000000000000069
:100790000000000000000000000000000000000059
:1007A0000000000000000000000000000000000049
:1007B0000000000000000000000000000000000039
:1007C0000000000000000000000000000000000029
:1007D0000000000000000000000000000000000019
:1007E0000000000000000000000000000000000009
:1007F00000000000000000000000000000000000F9
:1008000000000000000000000000000000000000E8
:1008100000000000000000000000000000000000D8
:1008200000000000000000000000000000000000C8
:1008300000000000000000000000000000000000B8
:1008400000000000000000000000000000000000A8
:100850000000000000000000000000000000000098
:100860000000000000000000000000000000000088
:100870000000000000000000000000000000000078
:100880000000000000000000000000000000000068
:100890000000000000000000000000000000000058
:1008A0000000000000000000000000000000000048
:1008B0000000000000000000000000000000000038
:1008C0000000000000000000000000000000000028
:1008D0000000000000000000000000000000000018
:1008E0000000000000000000000000000000000008
:1008F00000000000000000000000000000000000F8
:1009000000000000000000000000000000000000E7
:1009100000000000000000000000000000000000D7
:1009200000000000000000000000000000000000C7
:1009300000000000000000000000000000000000B7
:1009400000000000000000000000000000000000A7
:100950000000000000000000000000000000000097
:100960000000000000000000000000000000000087
:100970000000000000000000000000000000000077
:100980000000000000000000000000000000000067
:100990000000000000000000000000000000000057
:1009A0000000000000000000000000000000000047
:1009B0000000000000000000000000000000000037
:1009C0000000000000000000000000000000000027
:1009D0000000000000000000000000000000000017
:1009E0000000000000000000000000000000000007
:1009F00000000000000000000000000000000000F7
:100A000000000000000000000000000000000000E6
:100A100000000000000000000000000000000000D6
:100A200000000000000000000000000000000000C6
:100A300000000000000000000000000000000000B6
:100A400000000000000000000000000000000000A6
:100A50000000000000000000000000000000000096
:100A60000000000000000000000000000000000086
:100A70000000000000000000000000000000000076
:100A80000000000000000000000000000000000066
:100A90000000000000000000000000000000000056
:100AA0000000000000000000000000000000000046
:100AB0000000000000000000000000000000000036
:100AC0000000000000000000000000000000000026
:100AD0000000000000000000000000000000000016
:100AE0000000000000000000000000000000000006
:100AF00000000000000000000000000000000000F6
:100B000000000000000000000000000000000000E5
:100B100000000000000000000000000000000000D5
:100B200000000000000000000000000000000000C5
:100B300000000000000000000000000000000000B5
:100B400000000000000000000000000000000000A5
:100B50000000000000000000000000000000000095
:100B60000000000000000000000000000000000085
:100B70000000000000000000000000000000000075
:100B80000000000000000000000000000000000065
:100B90000000000000000000000000000000000055
:100BA0000000000000000000000000000000000045
:100BB0000000000000000000000000000000000035
:100BC0000000000000000000000000000000000025
:100BD0000000000000000000000000000000000015
:100BE0000000000000000000000000000000000005
:100BF00000000000000000000000000000000000F5
:100C000000000000000000000000000000000000E4
:100C100000000000000000000000000000000000D4
:100C200000000000000000000000000000000000C4
:100C300000000000000000000000000000000000B4
:100C400000000000000000000000000000000000A4
:100C50000000000000000000000000000000000094
:100C60000000000000000000000000000000000084
:100C70000000000000000000000000000000000074
:100C80000000000000000000000000000000000064
:100C90000000000000000000000000000000000054
:100CA0000000000000000000000000000000000044
:100CB0000000000000000000000000000000000034
:100CC0000000000000000000000000000000000024
:100CD0000000000000000000000000000000000014
:100CE0000000000000000000000000000000000004
:100CF00000000000000000000000000000000000F4
:100D000000000000000000000000000000000000E3
:100D100000000000000000000000000000000000D3
:100D200000000000000000000000000000000000C3
:100D300000000000000000000000000000000000B3
:100D400000000000000000000000000000000000A3
:100D50000000000000000000000000000000000093
:100D60000000000000000000000000000000000083
:100D70000000000000000000000000000000000073
:100D80000000000000000000000000000000000063
:100D90000000000000000000000000000000000053
:100DA0000000000000000000000000000000000043
:100DB0000000000000000000000000000000000033
:100DC0000000000000000000000000000000000023
:100DD0000000000000000000000000000000000013
:100DE0000000000000000000000000000000000003
:100DF00000000000000000000000000000000000F3
:100E000000000000000000000000000000000000E2
:100E100000000000000000000000000000000000D2
:100E200000000000000000000000000000000000C2
:100E300000000000000000000000000000000000B2
:100E400000000000000000000000000000000000A2
:100E50000000000000000000000000000000000092
:100E60000000000000000000000000000000000082
:100E70000000000000000000000000000000000072
:100E80000000000000000000000000000000000062
:100E90000000000000000000000000000000000052
:100EA0000000000000000000000000000000000042
:100EB0000000000000000000000000000000000032
:100EC0000000000000000000000000000000000022
:100ED0000000000000000000000000000000000012
:100EE0000000000000000000000000000000000002
:100EF00000000000000000000000000000000000F2
:100F000000000000000000000000000000000000E1
:100F100000000000000000000000000000000000D1
:100F200000000000000000000000000000000000C1
:100F300000000000000000000000000000000000B1
:100F400000000000000000000000000000000000A1
:100F50000000000000000000000000000000000091
:100F60000000000000000000000000000000000081
:100F70000000000000000000000000000000000071
:100F80000000000000000000000000000000000061
:100F90000000000000000000000000000000000051
:100FA0000000000000000000000000000000000041
:100FB0000000000000000000000000000000000031
:100FC0000000000000000000000000000000000021
:100FD0000000000000000000000000000000000011
:100FE0000000000000000000000000000000000001
:100FF00000000000000000000000000000000000F1
:1010000000000000000000000000000000000000E0
:1010100000000000000000000000000000000000D0
:1010200000000000000000000000000000000000C0
:1010300000000000000000000000000000000000B0
:1010400000000000000000000000000000000000A0
:101050000000000000000000000000000000000090
:101060000000000000000000000000000000000080
:101070000000000000000000000000000000000070
:101080000000000000000000000000000000000060
:101090000000000000000000000000000000000050
:1010A0000000000000000000000000000000000040
:1010B0000000000000000000000000000000000030
:1010C0000000000000000000000000000000000020
:1010D0000000000000000000000000000000000010
:1010E0000000000000000000000000000000000000
:1010F00000000000000000000000000000000000F0
:1011000000000000000000000000000000000000DF
:1011100000000000000000000000000000000000CF
:1011200000000000000000000000000000000000BF
:1011300000000000000000000000000000000000AF
:10114000000000000000000000000000000000009F
:10115000000000000000000000000000000000008F
:10116000000000000000000000000000000000007F
:10117000000000000000000000000000000000006F
:10118000000000000000000000000000000000005F
:10119000000000000000000000000000000000004F
:1011A000000000000000000000000000000000003F
:1011B000000000000000000000000000000000002F
:1011C000000000000000000000000000000000001F
:1011D000000000000000000000000000000000000F
:1011E00000000000000000000000000000000000FF
:1011F00000000000000000000000000000000000EF
:1012000000000000000000000000000000000000DE
:1012100000000000000000000000000000000000CE
:1012200000000000000000000000000000000000BE
:1012300000000000000000000000000000000000AE
:10124000000000000000000000000000000000009E
:10125000000000000000000000000000000000008E
:10126000000000000000000000000000000000007E
:10127000000000000000000000000000000000006E
:10128000000000000000000000000000000000005E
:10129000000000000000000000000000000000004E
:1012A000000000000000000000000000000000003E
:1012B000000000000000000000000000000000002E
:1012C000000000000000000000000000000000001E
:1012D000000000000000000000000000000000000E
:1012E00000000000000000000000000000000000FE
:1012F00000000000000000000000000000000000EE
:1013000000000000000000000000000000000000DD
:1013100000000000000000000000000000000000CD
:1013200000000000000000000000000000000000BD
:1013300000000000000000000000000000000000AD
:10134000000000000000000000000000000000009D
:10135000000000000000000000000000000000008D
:10136000000000000000000000000000000000007D
:10137000000000000000000000000000000000006D
:10138000000000000000000000000000000000005D
:10139000000000000000000000000000000000004D
:1013A000000000000000000000000000000000003D
:1013B000000000000000000000000000000000002D
:1013C000000000000000000000000000000000001D
:1013D000000000000000000000000000000000000D
:1013E00000000000000000000000000000000000FD
:1013F00000000000000000000000000000000000ED
:1014000000000000000000000000000000000000DC
:1014100000000000000000000000000000000000CC
:1014200000000000000000000000000000000000BC
:1014300000000000000000000000000000000000AC
:10144000000000000000000000000000000000009C
:10145000000000000000000000000000000000008C
:10146000000000000000000000000000000000007C
:10147000000000000000000000000000000000006C
:10148000000000000000000000000000000000005C
:10149000000000000000000000000000000000004C
:1014A000000000000000000000000000000000003C
:1014B000000000000000000000000000000000002C
:1014C000000000000000000000000000000000001C
:1014D000000000000000000000000000000000000C
:1014E00000000000000000000000000000000000FC
:1014F00000000000000000000000000000000000EC
:1015000000000000000000000000000000000000DB
:1015100000000000000000000000000000000000CB
:1015200000000000000000000000000000000000BB
:1015300000000000000000000000000000000000AB
:10154000000000000000000000000000000000009B
:10155000000000000000000000000000000000008B
:10156000000000000000000000000000000000007B
:10157000000000000000000000000000000000006B
:10158000000000000000000000000000000000005B
:10159000000000000000000000000000000000004B
:1015A000000000000000000000000000000000003B
:1015B0000000000003000000030201020000000020
:1015C00040000000000000000000000000000000DB
:1015D000000000000000000080000000400000004B
:1015E00000000000000000000000000000000000FB
:1015F00000000000000000000100000002000000E8
:10160000030000001201000202000040E9288A01E4
:1016100000010102030109024300020100803209B6
:10162000040000010202010005240010010524014C
:1016300000010424020205240600010705820308B4
:10164000000A09040100020A000000070503024025
:101650000000070581024000000403090416034747
:10166000006900670061004400650076006900635E
:101670000065000000000000000000000000000005
:10168000000000000000000000000000000000005A
:10169000000000000000000000000000000000004A
:1016A000000000000000000000000000000000003A
:1016B000000000000000000000000000000000002A
:1016C000000000000000000000000000000000001A
:1016D000000000000000000000000000000000000A
:1016E00000000000000000000000000000000000FA
:1016F00000000000000000000000000000000000EA
:1017000000000000000000000000000000000000D9
:1017100000000000000000000000000000000000C9
:1017200000000000000000000000000000000000B9
:1017300000000000000000000000000000000000A9
:101740000000000000000000000000000000000099
:101750000000000000000000000000000000001A6F
:101760000347004400330032002D0043004400438F
:10177000005F00410043004D000000000000000039
:101780000000000000000000000000000000000059
:101790000000000000000000000000000000000049
:1017A0000000000000000000000000000000000039
:1017B0000000000000000000000000000000000029
:1017C0000000000000000000000000000000000019
:1017D0000000000000000000000000000000000009
:1017E00000000000000000000000000000000000F9
:1017F00000000000000000000000000000000000E9
:1018000000000000000000000000000000000000D8
:1018100000000000000000000000000000000000C8
:1018200000000000000000000000000000000000B8
:1018300000000000000000000000000000000000A8
:101840000000000000000000000000000000000098
:101850000000000000000000000000000000000088
:1018600000000000591601085D1601085F17010805
:101870006C00002000C20100000008009C18010854
:1018800000000020F4010000540200082C19010897
:10189000F40100207C710100A00D000881021001FC
:1018A00004171C4E0E100A0102030405060708095E
:1018B0001D070605040E130201100903040607059F
:1018C000B80B142264C21012053A40024103FF1AF9
:1018D00003311E041601081604413664180108FF7E
:1018E000130D181408A1171B089308811A4F101A1A
:1018F000C3049A71144113FD0F1408F90D1408C1A3
:10190000104C08DF11081AC70413AD0E1B08D910BC
:101910001A6D082A251819281347121B088B041A58
:0C192000E5301AC3041A910C41000000CD
:04000005080001AD41
:00000001FF
