:020000040800F2
:10000000B0730120C5010008490A0008B5030008C3
:10001000450A00085B0300088D0D00080000000081
:10002000000000000000000000000000470C000875
:100030009903000800000000150C0008490C000896
:10004000DF010008DF010008DF010008DF01000810
:10005000DF010008DF010008DF010008DF01000800
:10006000DF010008DF010008DF010008DF010008F0
:10007000DF010008DF010008DF010008DF010008E0
:10008000DF010008DF010008DF010008DF010008D0
:10009000DF010008DF010008DF010008DF010008C0
:1000A000DF010008DF010008DF010008DF010008B0
:1000B000DF010008290D0008DF010008DF0100084A
:1000C000DF010008DF010008DF010008DF01000890
:1000D000DF010008DF010008DF010008DF01000880
:1000E000DF010008DF010008510D0008DF010008F2
:1000F000DF010008DF010008DF010008DF01000860
:10010000DF010008DF010008DF010008DF0100084F
:10011000DF010008DF010008DF010008DF0100083F
:1001200079030008DF010008DF010008DF01000893
:10013000DF010008DF010008DF010008DF0100081F
:10014000DF010008DF010008DF010008390D0008A9
:10015000DF010008DF010008DF010008DF010008FF
:10016000DF010008DF010008DF010008DF010008EF
:10017000DF010008DF010008DF01000800000000C7
:10018000DF010008DF010008DF010008DF010008CF
:10019000DF010008DF010008DF01000800000000A7
:1001A000DF010008DF010008DF010008DFF810D0E0
:1001B00000F03EF80048004779250008AFF30080C2
:1001C000B07301200648804706480047FEE7FEE777
:1001D000FEE7FEE7FEE7FEE7FEE7FEE7FEE7FEE7F7
:1001E000550C0008AD01000840EA01039B0703D04D
:1001F00009E008C9121F08C0042AFAD203E011F866
:10020000013B00F8013B521EF9D27047D2B201E027
:1002100000F8012B491EFBD270470022F6E710B50B
:1002200013460A4604461946FFF7F0FF204610BD64
:10023000064C074D06E0E06840F0010394E8070033
:1002400098471034AC42F6D3FFF7B4FFD818010832
:10025000F818010870B58C1810F8015B15F0070349
:1002600001D110F8013B2A1106D110F8012B03E04F
:1002700010F8016B01F8016B5B1EF9D12B0705D457
:100280000023521E0DD401F8013BFAE710F8013BA0
:10029000CB1A921C03E013F8015B01F8015B521EBC
:1002A000F9D5A142D8D3002070BD38B5054600224B
:1002B000032400200090A54200DA38BD281B5E21EF
:1002C000484300EB80004000C4F14101B0FBF1F075
:1002D000401D0A21B0FBF1F0C2B21F2A08DA00204B
:1002E0008DF800008DF801201F208DF8020030E00D
:1002F0003E2A14DA1F2092FBF0F100FB1120C0B25D
:100300008DF800001F208DF8010092FBF0F100FB3A
:100310001120C0F11F00C0B28DF8020019E05D2A63
:100320000FDA1F208DF8000092FBF0F100FB112086
:10033000C0F11F00C0B28DF8010000208DF802004E
:1003400007E01F208DF8000000208DF801008DF8D7
:100350000200009800F05FFCAFE700BFFEE710B5B9
:1003600002460023002003E0145C1C44A3B2401C9E
:100370008842F9DB184610BD10B52022002105483F
:1003800001F0A7FC20B120220021024801F082FCEC
:1003900010BD0000006402407047000001460A29B9
:1003A00003DA034830F8110070470020FCE7000032
:1003B000086B012000BFFEE770B504461B48438868
:1003C00002880021084600F0CDF900BF80211848BE
:1003D00002F048FE0128F9D04FF48061154801F081
:1003E0007CFE00251EE0002617E000BF0221104819
:1003F00002F038FE0028F9D0210A0D4802F0DAFD9B
:1004000000BF02210A4802F02DFE0028F9D0214643
:10041000074802F0CFFD701C86B2B6F58C7FE4DB96
:10042000681C85B2F02DDEDB70BD00001E000020D0
:10043000003401400010024070B504460D461646D7
:100440002B4622462946204600F08CF9304600F023
:1004500003F970BD10B5044600F0CEF8204600F058
:1004600059F900F001F810BD10B5362000F0D0F8B1
:10047000002000F02BF93A2000F0CAF8652000F0C7
:1004800025F9B22000F0C4F80B2000F01FF90B2072
:1004900000F01CF9002000F019F9332000F016F9E3
:1004A000352000F013F9B72000F0B2F8112000F069
:1004B0000DF9BB2000F0ACF8352000F007F9C020A2
:1004C00000F0A6F82C2000F001F9C22000F0A0F8FE
:1004D000012000F0FBF8C32000F09AF80D2000F096
:1004E000F5F8C42000F094F8202000F0EFF8C620C2
:1004F00000F08EF8132000F0E9F8D02000F088F822
:10050000A42000F0E3F8A12000F0E0F8D62000F0ED
:100510007FF8A12000F0DAF8E02000F079F8F02070
:1005200000F0D4F8062000F0D1F80B2000F0CEF84F
:100530000A2000F0CBF8092000F0C8F8262000F0CF
:10054000C5F8292000F0C2F8332000F0BFF84120A0
:1005500000F0BCF8182000F0B9F8162000F0B6F84A
:10056000152000F0B3F8292000F0B0F82D2000F09D
:10057000ADF8E12000F04CF8F02000F0A7F80420DE
:1005800000F0A4F8082000F0A1F8082000F09EF880
:10059000072000F09BF8032000F098F8282000F0D6
:1005A00095F8322000F092F8402000F08FF83B20C0
:1005B00000F08CF8192000F089F8182000F086F877
:1005C0002A2000F083F82E2000F080F8E42000F0CC
:1005D0001FF8252000F07AF8002000F077F80020BE
:1005E00000F074F8212000F013F8112000F010F84A
:1005F000292000F00DF810BD10B5642001F0E6F9D7
:10060000642001F0E3F9642001F0E0F910BD00007E
:1006100010B5044600BF80210D4802F023FD0128DB
:10062000F9D04FF480610B4801F055FD4FF40061A3
:10063000084801F050FD00BF0221054802F012FDFC
:100640000028F9D02146024802F0B4FC10BD000099
:10065000003401400010024010B5044600BF802164
:10066000184802F0FFFC0128F9D04FF480611648C9
:1006700001F033FD4FF40061134801F02CFD00BF81
:100680000221104802F0EEFC0028F9D0210A0D48A2
:1006900002F090FC00BF02210A4802F0E3FC0028AF
:1006A000F9D0E1B2074802F085FC00BF802105487F
:1006B00002F0D8FC0128F9D04FF40061024801F0A3
:1006C0000CFD10BD003401400010024010B504467E
:1006D00000BF80210D4802F0C5FC0128F9D04FF47D
:1006E00080610B4801F0F9FC4FF40061084801F00B
:1006F000F2FC00BF0221054802F0B4FC0028F9D04A
:100700002146024802F056FC10BD000000340140B2
:100710000010024070B504461148047100253CB930
:10072000F0200F4948804FF48C700880702506E057
:100730004FF48C700A494880F0200880002536204C
:10074000FFF766FF00BF00BF00BF00BF00BF00BFD4
:100750002846FFF7BBFF00BF00BF00BF00BF70BD52
:100760001E0000202DE9F04104460D4616461F46A6
:100770002F48007901282BD12A20FFF749FF2012AA
:10078000FFF7A4FFE0B2FFF7A1FF711EC1F307203E
:10079000FFF79CFF711EC8B2FFF798FF2B20FFF7F1
:1007A00037FF05F11400C0F30720FFF78FFF05F1B5
:1007B0001401C8B2FFF78AFF07F11301C1F3072044
:1007C000FFF784FF07F11301C8B2FFF77FFF2AE0AC
:1007D0002A20FFF71DFF04F11400C0F30720FFF7E4
:1007E00075FF04F11401C8B2FFF770FF06F11301A1
:1007F000C1F30720FFF76AFF06F11301C8B2FFF744
:1008000065FF2B20FFF704FF2812FFF75FFFE8B218
:10081000FFF75CFF791EC1F30720FFF757FF791E32
:10082000C8B2FFF753FF2C20FFF7F2FEBDE8F081BE
:100830001E0000202DE9F047814600250027A8462C
:10084000002600244248007800283CD14FF48273EF
:10085000E42214210C20FFF785FF00203C4908709A
:100860002CE0002723E000251DE005EB8501384A38
:10087000127802EB011119F80100FFF716FD80460E
:100880004FEA182008F0FF0140EA0126314820F81D
:1008900014600146601C21F81060A01C21F8106053
:1008A000E41C681CC5B2482DDFDB781CC7B2032FDF
:1008B000D9DB27480078401C254908702448007877
:1008C0002828CEDB37E02820214908702CE00027BB
:1008D00023E000251DE005EB85011D4A127802EB9F
:1008E000011119F80100FFF7E0FC80464FEA1820DB
:1008F00008F0FF0140EA0126164820F8146001467E
:10090000601C21F81060A01C21F81060E41C681C19
:10091000C5B2482DDFDB781CC7B2032FD9DB0C48EA
:100920000078401C0A490870094800785028CEDB3E
:100930000020074908704FF48061074801F0CDFBA3
:100940004CF68021034802F0AFFABDE8F0870000C2
:100950002400002070A000200010024010B540F6D6
:10096000044002F0A5F94FF48063002201210848F9
:1009700001F00CFC4FF4806302220021044801F0D6
:100980002CFC4FF44061024801F0A7FB10BD0000B1
:1009900000100240F8B50326032706EBC601C90084
:1009A000C1F1F00000EBD071C1F34F0407EB8701F8
:1009B0000901C1F58C7000EBD071C1F34F0500F057
:1009C00038F9FFF7CBFF0120FFF744FD1A4800F08C
:1009D000A3F81A4800F0A6F84FF6FF7300224FF470
:1009E0008C71F02000F080F80020FFF7E5FC4FF458
:1009F0008C705F23002248210090114800F03AF8E3
:100A00004FF4FA6000F0E2FF0020FFF7D5FC502021
:100A100010FB075083B2482010FB064082B22946E3
:100A20002046FFF79FFE002002E000BF411C88B275
:100A30006428FADBF8BD0000B90300083904000897
:100A40003E46000800BFFEE77047000010B50028D2
:100A500007DA0A07140E054A00F00F031B1FD454CF
:100A600003E00A07130E024A135410BD18ED00E00C
:100A700000E400E02DE9F0470746884691461E460F
:100A8000DDF820A0002528E0002423E008EB040086
:100A90001449098988421CDA09EB05001149498982
:100AA000884216DA05FB06F307EB430313F814C07C
:100AB00005FB06F307EB430303EB44035B784CEAC7
:100AC000032209EB050399B208EB040398B200F086
:100AD0002FF8641CB442D9DB6D1C5545D4DBBDE84E
:100AE000F0870000F06A012030B50A4C2081618156
:100AF000A3816082A182E2810024064D2C820AB18A
:100B0000B42A03D1034CA080E18002E0014CA18013
:100B1000E08030BDF06A01200149086070470000A4
:100B20002C000020014908607047000028000020C8
:100B30002DE9F04106460F46904634488088B04281
:100B400003DB3248C088B84201DABDE8F0812F48A3
:100B5000C08938B15A2808D0B4280DD0B0F5877FA5
:100B60001CD114E034463D4619E028480089C01BDA
:100B7000401E84B2354612E024480089801B401E86
:100B800084B222484089C01B401E85B207E03C4623
:100B90001E484089801B401E85B200E0D5E700BF9B
:100BA0001A48008A30B1012805D0022809D003284C
:100BB00018D10CE017E015480089001B401E84B2D4
:100BC00011E012484089401B401E85B20BE00F48DF
:100BD0000089001B401E84B20C484089401B401E07
:100BE00085B200E0B1E700BF08480089A04203DBFE
:100BF00006484089A84200DAA7E74246294620462F
:100C0000034B1B68984700BF9FE70000F06A012074
:100C100028000020704701B500209DF802009DF8D3
:100C2000011040EA41109DF8001040EAC12188B24D
:100C300008BD10B501F0E4FF01F052FA02F064F9CA
:100C400000F01EFF10BD704710B500F0C9FE00F0A7
:100C50007BFE10BD08B53048006840F470002E4996
:100C600008602E48006840F001002C49086000BF71
:100C70002A48006800F002000028F9D000BF274889
:100C80000830006840F080002449083108600020E6
:100C9000009002E00098401C009000985028F9D382
:100CA0001E480830006840F090001C490831086078
:100CB0000020009002E00098401C0090009850280E
:100CC000F9D300BF15480830006820F0030013492D
:100CD0000831086011480068114908400F49086050
:100CE0000846006820F48020086000200B49083185
:100CF000086000BF09480830006800200028F9D1CA
:100D000008480649091D0860002004490C310860A4
:100D100002F050FA08BD000088ED00E00038024003
:100D2000FFFFF6FE1030002410B500F001F810BDF2
:100D300010B502F099FD10BD10B500F001F810BD1E
:100D400010B5024803F071FB10BD00001C6B0120C0
:100D500010B500F001F810BD10B50B48C07970B1A6
:100D600001F0FCFF002001F0D9FF002001F0AAFEF5
:100D700040F6075001F09CFF034802F035FB4FF4AA
:100D8000802001F06DF910BD1C6B012000BFFEE753
:100D900002E008C8121F08C1002AFAD17047704744
:100DA000002001E001C1121F002AFBD17047034659
:100DB000D3F82804806880781080D3F828048068ED
:100DC000704710B50346D3F8280440688478D3F8F8
:100DD00028044068C07844EA00201080D3F8280432
:100DE000406810BD0346D3F82804006800781080DE
:100DF000D3F828040068704770B504460D460026F5
:100E0000287800F0030020B1012813D0022829D14E
:100E100011E0CE20005D022803D0CE20005D032823
:100E200007D16888012804D1002184F81A14002011
:100E300070BD18E017E02E79CE20005D032810D198
:100E4000688860B95EB1802E09D03146204603F033
:100E50005EF8D4F82C042946C2682046904700204A
:100E6000E6E700E000BF00BF0120E1E710B5024661
:100E70000C46012002F1D001CE239B5C022B02D054
:100E8000032B0AD104E092F8CC3003B9002005E02E
:100E900092F8CC3003B1002000E000BF00BF20B9C1
:100EA00002F1CC038B6001234B6110BD2DE9F047AB
:100EB00006460D460027B8464FF0010906F1D0045A
:100EC000287800F0030020B101284ED0022855D127
:100ED00053E06888070A95F80280042F37D006DCB3
:100EE000012F0BD0022F19D0032F3BD121E0052F6A
:100EF0002ED0082F2DD00F2F34D12BE0781E2F4964
:100F000051F8203004F11402414630469847A06061
:100F1000E888402801D10820606124E0781E274934
:100F200051F8203004F11402414630469847A06041
:100F300019E0B8F10A0F09DA781E204951F820307B
:100F400004F11402414630469847A0600BE000BF10
:100F500009E008E004F1140241463046FFF727FF9C
:100F6000A06000E000BF00BF09E0D6F82C042946CD
:100F7000C26830469047814601E000E000BF00BFF4
:100F80006069C0B1E888B0B1E988606988420ED272
:100F9000A188606988420CD3A1886069B0FBF1F236
:100FA00001FB120028B9012186F8251401E0E88828
:100FB00060614FF000094846BDE8F087E401002079
:100FC0000246CE20805C012804D0022803D00328EA
:100FD00010D101E00FE00EE00879012809DC02F1F0
:100FE000D003D2F82C04401C9860012058610020E6
:100FF000704700E000BF00BF0120F9E770B502466E
:101000000B461979012002F1D0041D7805F0030583
:1010100025B1012D23D0022D48D128E0CE25AD5C8D
:10102000022D03D0CE25AD5C032D17D192F81854B4
:101030001DB10125214E357002E000251F4E35708F
:1010400092F81A5435B11D4D2D7845F002051B4E0E
:10105000357002E00025194E3570002027E0CE25BE
:10106000AD5C032D02D1012900DC00201FE0CE255C
:10107000AD5C032D19D101F08005802D0BD101F05D
:101080007F05C5EBC50602F1D00505EB8605AD78F9
:101090000A4E357008E0C1EBC10602F51D7505EB7F
:1010A0008605AD78054E3570002000E000BF00BF1A
:1010B00018B9024DA5600225656170BDF0010020E0
:1010C00002460120704710B50246888838BBC888A0
:1010D00028BB887800F07F03CD208354CE20805C2D
:1010E00003281CD0CD23985C00BF53691B6823F4F0
:1010F000FE6453691C6053691B6843EA001453691A
:101100001C6000BF00BFCD20805C18B10223CE2040
:10111000835402E00123CE208354002010BD01201F
:10112000FCE7000070B504460D460126A878294961
:1011300008700846007801284ADCCE20005D0128AE
:1011400043D0022802D0032840D112E02148007881
:1011500068B1D4F82C0442681E48017820469047B4
:101160001C48007884F8CC000321CE2001550026CD
:101170002DE01848007870B9D4F82C04826815481E
:101180000178204690471348007884F8CC0002216B
:10119000CE20015517E094F8CC000E49097888421A
:1011A00011D0D4F82C0482680A4801782046904770
:1011B0000848007884F8CC00D4F82C04426805482C
:1011C000017820469047002601E000E000BF00BF04
:1011D000304670BDF201002002460020704770B515
:1011E00004460D460026287800F0030020B10128AF
:1011F00013D0022823D111E0CE20005D022803D0B5
:10120000CE20005D032807D16888012802D1012182
:1012100084F81A14002070BD12E011E02E79CE205F
:10122000005D03280AD1688830B92EB1802E03D022
:101230003146204602F04EFE0020ECE700E000BF01
:1012400000BF0120E7E770B504460D46CE20005DE3
:10125000012804D0022803D0032812D101E011E0B4
:1012600010E0287901280BDCD4F82C04006928B19F
:10127000D4F82C042946026920469047002070BD0E
:1012800000E000BF00BF0120F9E7024600207047E0
:1012900010B50346D3F82844E46854F821000478D4
:1012A000148010BD816841F00801816000BF816831
:1012B00001F008010029FAD1816841F00401816040
:1012C00000BF816801F004010029FAD1704730B5F0
:1012D000012902D0022920D10FE06AB1102A0BD8CF
:1012E000C36A23F47003C362C36A541E4FF47005CB
:1012F00005EA04542343C36210E06AB1042A0BD800
:10130000836B23F440138363836B541E4FF44015A7
:1013100005EA04542343836300E000BF00BF30BDEF
:101320000649096821F4E021054AC2F80413114670
:10133000D1F804130143C2F8041370470423014099
:101340000020014010B5002000F064F901220221C4
:10135000364800F031F901221102344800F02CF92E
:101360000021324800F064F80A2201212F48FFF7DB
:10137000AEFF01231A4600212C4800F0B5F80123E6
:1013800002221946294800F0AFF801230322022166
:10139000264800F0A9F8012304220321234800F085
:1013A000A3F8012305220421204800F09DF8012321
:1013B000062205211D4800F097F801230722062187
:1013C0001A4800F091F801230E220721174800F077
:1013D0008BF801230F220821144800F085F801231F
:1013E00008220921114800F07FF8002201210F484E
:1013F00000F056F8002201210C4800F037F80B48A5
:1014000000F026F8094800F01EF8084800F025F81A
:10141000642000F0DBFA0548FFF744FF642000F089
:10142000D5FA0121014800F0B5F810BD00200140B7
:1014300021B1826842F40062826003E0826822F493
:10144000006282607047816841F4807181607047FA
:10145000816841F4007181607047816801F0010189
:1014600019B9816841F0010181607047012902D0FA
:10147000022912D108E0836823F040538360836817
:1014800043EA0273836009E0836823F440138360B6
:10149000836843EA0253836000E000BF00BF7047E7
:1014A000012902D0022910D107E0836823F070637C
:1014B000836083681343836008E0836823F47023A8
:1014C000836083681343836000E000BF00BF704700
:1014D00010B501F0AFFB01F071FE00F03DFE00F031
:1014E0000FFBFFF72FFF10BDF0B51D4606290CDAE4
:1014F000436B01EB81071F26BE40B34301EB81061E
:1015000002FA06F63343436322E00C290EDA036B3A
:101510008E1F06EB86071F26BE40B3438E1F06EBC9
:10152000860602FA06F63343036311E010290FDA48
:10153000C36AA1F10C0606EB86071F26BE40B34323
:10154000A1F10C0606EB860602FA06F63343C362E7
:101550000A2A0CDA046902EB42070726BE40B443AC
:1015600002EB420605FA06F63443046111E0122A42
:101570000FDCC468A2F10A0606EB46070726BE4048
:10158000B443A2F10A0606EB460605FA06F6344312
:10159000C460F0BD012902D002290AD104E08268AA
:1015A00042F08042826005E0826842F480028260FC
:1015B00000E000BF00BF7047AAB101F480731BB107
:1015C000436843F48073436001F480631BB1436854
:1015D00043F48063436001F00203CBB1836843F0BE
:1015E0000203836014E001F480731BB1436823F4A9
:1015F0008073436001F480631BB1436823F480630C
:10160000436001F002031BB1836823F0020383608F
:10161000704700000649096821F01F01054AC2F819
:1016200004131146D1F804130143C2F804137047A0
:1016300004230140002001402DE9F05F07460C46DD
:10164000904600250026A946AA46AB462046E2174A
:1016500004EB5272D210A4EBC202204B9A5C2146DA
:10166000E31704EB5373DB1002EBC30202F0FF0A33
:10167000B8F1000F03D0B8F1020F08D104E00AEB73
:101680008A0007EB401B03E007F5345B00E000BF76
:1016900000BF00261DE0304601F0AEFB4FF416708F
:1016A00000BF00BF011EA0F10100FBD100BF00255B
:1016B0000BE02846FEF772FE81460948405D06EBC6
:1016C000C0002BF81090681CC5B20A2DF1DB701C0D
:1016D000C6B2082EDFDBBDE8F09F00003C00002012
:1016E000320000207FB504460D4600200190029094
:1016F000039005EB850004EB4010019004F5345095
:10170000029000F0B3FC064647F22110025D05EBA3
:10171000850042F6A053234403EB4011334601A851
:1017200001F02AF8042047F2211300901A5D05EB1E
:10173000850345F6A026264406EB031105EB850339
:1017400042F6A056264406EB4310002300F0CEFFDD
:101750007FBD0246D2F83014D2F82C044078FF281E
:101760001ED091F840304120405C43EA00234220E3
:10177000405C43EA00434320405C43EA0060086564
:101780004420435C542043544520435C552043543B
:101790004620435C56204354FF23D2F82C04437068
:1017A0000020704770B504460D468121204602F0A6
:1017B00002FB0321204602F0FEFA8221204602F0BD
:1017C000FAFA002070BD2DE9F04104460E4606F0FD
:1017D0007F00C0EBC00104F1D00000EB8105D4F81C
:1017E0003074A988E868B0FBF1F201FB120040B93F
:1017F000E86830B100231A463146204602F013FB58
:1018000002E0012087F848000020BDE8F0810000D8
:101810007CB504460D461449204602F023FB1249CC
:10182000C91F204602F01EFB0F491739204602F05F
:1018300019FB01200D4981F8490081F8480000207A
:10184000C8640B4903C9CDE900010848503000992C
:101850000160BDF8041081809DF806108171034974
:10186000C4F8301400207CBDAE160108586F01206A
:10187000D018010810B50246D2F83034012083F8A0
:101880004900C1EBC10402F51D7000EB8400006942
:10189000D864002010BD30B502460B46D2F8301493
:1018A00000245878042815D007DC78B101280ED020
:1018B00002280DD0032842D10BE020280BD021288C
:1018C00015D0222839D0232839D137E038E037E045
:1018D00036E035E034E002F51D745D78D2F82C0472
:1018E0004570D888606101F14000A06028E002F1F5
:1018F000D0044031087C0870088A4039C0F30725BD
:1019000041204554086DC0F3074542204554086DF9
:10191000050E432045545420455C44204554552031
:10192000455C452045545620455C4620455401F110
:101930004000A0600720606102E001E000E000BF1D
:1019400000BF002030BD000010B51A480078012803
:101950000DD120220321184800F076F938B1202259
:101960000321154800F051F900201249087013486E
:10197000007801281CD120220421114800F064F9CC
:10198000B0B102210F4801F06DFB88B180210D48F4
:1019900001F068FB60B90020084908704FF400614D
:1019A000094800F09AFB20220421054800F02DF997
:1019B00010BD00001C000020006002401D0000203F
:1019C00000640240003401400010024003490860F6
:1019D00000BF024909680029FBD1704714000020AC
:1019E0000448006820B103480068401E01490860AF
:1019F000704700001400002010B501EB4102D30035
:101A000000F11002D25822F0010301EB4102D40090
:101A100000F11002135110BD10B501EB4102D300CB
:101A200000F11002D25842F0010301EB4102D40050
:101A300000F11002135110BD30B5134601EB410403
:101A4000E50000F11004625922F0606242EA43624C
:101A500001EB4104E50000F11004625130BD10B506
:101A600001EB4102D30000F11002D25842F480731E
:101A700001EB4102D40000F11002135110BD00002F
:101A800000B589B003211A4800F06CF8194800909D
:101A90000020069004904FF44030089001200190FF
:101AA00000200390012005906A460321104800F0B1
:101AB00023FA002203210E48FFF7BEFF01210D4843
:101AC0000C3801F067FA04210B4800F04BF80B4882
:101AD0000090402006906A460421074800F00CFA66
:101AE000052204210448FFF7A7FF09B000BD00004C
:101AF000006002400C380040006402400C34014099
:101B000000B589B00021144800F02CF8134800906B
:101B10000120019012480290002003904FF40060D1
:101B20000490002006900A2007904FF4003008909F
:101B30006A460021084800F0DFF9002211460648F5
:101B4000FFF77AFF00210448FFF789FF00210248D0
:101B5000FFF762FF09B000BD006402404C20014065
:101B6000086B012010B501EB4102D30000F1100217
:101B7000D25822F0010301EB4102D40000F110021F
:101B80001351002301EB4102D40000F11002135164
:101B900001EB4102D40000F11402135101EB4102A8
:101BA000D40000F11802135101EB4102D40000F1FE
:101BB0001C02135101EB4102D40000F12002135129
:101BC000212301EB4102D40000F124021351042926
:101BD0000CDA01EB41025300C1F3400203EB820334
:101BE0003D229A4083681A4382600DE00A1FD1B2F9
:101BF00001EB41025300C1F3400203EB82033D229B
:101C00009A40C3681A43C26010BD10B504290CDAAB
:101C100001EB41035C00C1F3400304EB830302FAD0
:101C200003F38468234383600DE00B1FD9B201EBFB
:101C300041035C00C1F3400304EB830302FA03F3A6
:101C4000C4682343C36010BD10B5034604290FDAEE
:101C500001EB41004400C1F3400004EB800402FAB0
:101C600004F01C68204008B1012010BD0020FCE7F2
:101C7000081FC1B201EB41004400C1F3400004EB76
:101C8000800402FA04F05C68204008B10120ECE70F
:101C90000020EAE710B504290CDA01EB41035C00EF
:101CA000C1F3400304EB830302FA03F38468234384
:101CB00083600DE00B1FD9B201EB41035C00C1F35F
:101CC000400304EB830302FA03F3C4682343C360B5
:101CD00010BDF0B50346002500260C46042979DA2C
:101CE000082A34D004DC012A07D0042A70D119E074
:101CF000102A41D0202A6BD153E001EB410047006C
:101D0000C1F3400007EB800702FA07F01F6800EA02
:101D1000070601EB4100C70003F12400C05900F0A1
:101D2000800556E001EB41004700C1F3400007EB9E
:101D3000800702FA07F01F6800EA070601EB41007E
:101D4000C70003F11000C05900F0020541E001EBAB
:101D500041004700C1F3400007EB800702FA07F09B
:101D60001F6800EA070601EB4100C70003F11000FD
:101D7000C05900F004052CE001EB41004700C1F31D
:101D8000400007EB800702FA07F01F6800EA070629
:101D900001EB4100C70003F11000C05900F0080535
:101DA00017E001EB41004700C1F3400007EB80075B
:101DB00002FA07F01F6800EA070601EB4100C700BE
:101DC00003F11000C05900F0100502E002E0FFE747
:101DD00000BF7AE0201FC4B2082A34D004DC012AF4
:101DE00007D0042A6FD119E0102A41D0202A6AD1E5
:101DF00053E004EB44004700C4F3400007EB8007C6
:101E000002FA07F05F6800EA070601EB4100C7002D
:101E100003F12400C05900F0800555E004EB4400B4
:101E20004700C4F3400007EB800702FA07F05F6841
:101E300000EA070601EB4100C70003F11000C0599A
:101E400000F0020540E004EB44004700C4F340000A
:101E500007EB800702FA07F05F6800EA070601EB6C
:101E60004100C70003F11000C05900F004052BE049
:101E700004EB44004700C4F3400007EB800702FA7C
:101E800007F05F6800EA070601EB4100C70003F1B5
:101E90001000C05900F0080516E004EB44004700AC
:101EA000C4F3400007EB800702FA07F05F6800EA1E
:101EB000070601EB4100C70003F11000C05900F014
:101EC000100501E0FFE700BF00BF16B10DB1012012
:101ED000F0BD0020FCE730B532B101EB4104E50074
:101EE00000F12004635105E001EB4104E50000F13D
:101EF0001C04635130BD000070B501EB4104E500E6
:101F000000F12404645924F0040501EB4104E600C7
:101F100000F12404A55101EB4104E60000F118048E
:101F20001568A55101EB4104E60000F11C04956819
:101F3000A55101EB4104E60000F11404D569A55157
:101F400001EB4104E50000F1100463593F4C2340CC
:101F5000146944EA8404156A2C4395692C4323438D
:101F600001EB4104E50000F110046351546874B9B9
:101F700001EB4104E50000F11004645944F40075DC
:101F800001EB4104E60000F11004A5511FE0546884
:101F9000012C0ED101EB4104E50000F1100464595D
:101FA00024F4007501EB4104E60000F11004A55192
:101FB0000DE001EB4104E50000F11004645944F424
:101FC000004501EB4104E60000F11004A551D4687E
:101FD00074B901EB4104E50000F11004645944F4C4
:101FE000806501EB4104E60000F11004A5510DE00D
:101FF00001EB4104E50000F11004645924F480650C
:1020000001EB4104E60000F11004A551546974B9D4
:1020100001EB4104E50000F11004645944F48075BB
:1020200001EB4104E60000F11004A5510DE001EBC5
:102030004104E50000F11004645924F4807501EBBB
:102040004104E60000F11004A55170BD3F87FCFF7C
:1020500010B501EB4103DC0000F114031A5110BD6F
:102060000149086070470000143C014001480078B5
:102070007047000031000020F0B503461C6A5D6A1D
:1020800000200DE00126864016403EB187000F2655
:10209000BE40B443860001FA06F63443461CB0B293
:1020A0000828EFD3082011E00126864016405EB1D3
:1020B000A0F10806B7000F26BE40B543A0F1080600
:1020C000B60001FA06F63543461CB0B21028EBD331
:1020D0001C625D62F0BD81627047816170470000E3
:1020E00010B54FF4704205211948FFF7C5FF4FF4B2
:1020F000704300220221164800F048F84FF4704364
:1021000002220021124800F068F84FF4E042052155
:102110001048FFF7B1FF4FF4E043002202210D48C1
:1021200000F034F84FF4E04302220021094800F0A7
:1021300054F84FF4006300220121064800F026F80D
:102140004FF4006302220021024800F046F810BD5F
:10215000000402400010024010B5FE2300220321BB
:10216000074800F013F8012300220321054800F07E
:102170000DF8302300220321034800F007F810BDBA
:10218000000002400004024000080240F0B504468E
:102190000D4616462168E268002019E001278740B5
:1021A0001F409FB14FEA400C032707FA0CF7B943D1
:1021B000470005FA07F739434FEA400C032707FAAF
:1021C0000CF7BA43470006FA07F73A43471CB8B280
:1021D0001028E3D32160E260F0BDF0B50C4615464F
:1021E000012C03D146681E43466002E046689E43C8
:1021F0004660826800210DE001268E401E403EB1FF
:102200004F000326BE40B2434E0005FA06F63243A5
:102210004E1CB1B21029EFD38260F0BD70B50546F7
:102220000C4607480560204600F00EF800BF044841
:1022300000680028FBD1034800F0EDFF70BD0000EE
:102240005C000020000400401FB50446022000F09E
:1022500045FC1D49B0FBF1F040000C21B0FBF1F052
:10226000401E1A4908801A4800F0D5FF012118487D
:1022700001F028F8022C02D10B20029004E0012C7E
:1022800002D142F6DF60029010480088ADF80000ED
:102290000020ADF80200ADF80400ADF806008DF89E
:1022A0000C0069460A4800F0C1FF0121084801F00E
:1022B00011F8074800F0AAFF0121054801F006F8CF
:1022C000034800F0ADFF1FBD40420F00600000203A
:1022D0000004004010B54FF480710948FFF7FBFE81
:1022E00040210748FFF7F9FE40210548FFF7F3FEBC
:1022F000FF2004490870411C0148FFF7EEFE10BDA5
:10230000000402403000002010B5044640F60140B1
:1023100000F0CEFC4FF4F873002201210C48FFF7C7
:1023200035FF4FF4F873022200210948FFF755FFEB
:10233000084804704FF480710548FFF7CEFE012075
:1023400000F07EF810210248FFF7C7FE10BD000024
:10235000000402403100002070B5044600253548D5
:1023600090F90000844200D170BD482C00DBFBE7EF
:10237000002C02DAFFF7AEFFF6E72F48007810B125
:10238000012804D101E0012502E0002500E000BFA2
:1023900000BF284890F90000844202DA002000F0D3
:1023A0004FF8244890F90000002817DA25B92021B9
:1023B0002248FFF792FE03E020212048FFF78BFE22
:1023C00080211E48FFF789FE80211C48FFF783FE0D
:1023D00018480078401C40B21649087025B12021E9
:1023E0001648FFF77AFE03E020211448FFF773FE3A
:1023F0000DE080211148FFF770FE80210F48FFF7A4
:102400006AFE0C480078401C40B20A49087009482E
:1024100090F90000A042ECDB40210848FFF75DFE88
:1024200040210648FFF757FE482C00DB002400BF80
:102430009AE7000030000020310000200004024034
:1024400010B504461948007810B101280AD104E0FB
:1024500020211748FFF741FE05E020211448FFF72F
:102460003AFE00E000BF00BF0DE080211048FFF7FA
:1024700034FE80210E48FFF72EFE0E480078401CE7
:1024800040B20C4908700B4890F900004828ECDB7A
:10249000FF20084908703CB140210548FFF71DFEA8
:1024A00040210348FFF717FE10BD00003100002057
:1024B000000402403000002070B505460024134897
:1024C000007810B1012804D101E0002402E00124C9
:1024D00000E000BF00BF2846FFF73EFF002D0ADAEC
:1024E00024B110210A48FFF7F8FD0EE0102108483A
:1024F000FFF7F1FD09E024B910210548FFF7EDFDD4
:1025000003E010210248FFF7E6FD70BD3100002016
:102510000004024030B50B46002116E00A24B4EB5B
:10252000107F05D9302404EB107403F8114005E046
:10253000412404EB10740A3C03F81140000100250B
:102540004C00641C1D554C1CE1B29142E6DB30BDD1
:1025500010B540F6024000F0ABFB40230022012101
:102560000448FFF713FE4023022200210148FFF731
:1025700034FE10BD0008024008B500240020009081
:1025800000F01CFEFFF7E4FF0120FFF7BDFE00F0A6
:1025900001FCFEF79DFFFEF7FDF9684601F0CEF85D
:1025A0004FF4C870FFF712FA5021464880F8211105
:1025B000482180F820110020FFF77EFF80E042488C
:1025C0000068401C40490860084600684FF4FA71F2
:1025D000B0FBF1F201FB120058B984F0010424B100
:1025E00040213A48FFF779FD03E040213748FFF7E3
:1025F00072FD00BF0022364801783648FFF71CF80C
:102600004FF0FF30FFF758FF3148007840B92D48B0
:1026100090F82001401EC1B22E48FFF763F806E093
:102620002B480078401EC1B22A48FFF75BF802220F
:10263000274801782748FEF7FFFF25480078401C0F
:102640002349087008460078482801D10020087006
:102650001F48007840B2FFF72FFF1D48007860BB8D
:102660001D48007800F0C8FB45F6A5201B490880EE
:102670000120887041F28660A1F8030001204871B2
:102680004FF4B45216491548801DFDF7ADFD41F2D7
:1026900086611248FDF763FE1249A1F8860641F2F1
:1026A00088620E49009801F0A1F80F48007838B907
:1026B0000A48801DFEF7BEF802E00120FFF786F908
:1026C0007DE70000FC9E0020000000200008024082
:1026D00004000020FC2E002010000020F401002047
:1026E0009C890020F41100201D000020F0B5044654
:1026F000059D002037E07BB1012B30D134F810600C
:10270000F71706EB1777C7F307170F540E5CAE42A7
:1027100001DA00260E5423E0144ED6ED000A144EC2
:10272000368800EE106AB8EE400A60EE800A34F88F
:10273000106000EE106AB8EE400A80EE801A0D4E6E
:1027400096ED000A31EE400ABCEEC00A10EE106AA7
:102750000E540E5CAE4201DA00260E5400E000BFBB
:1027600000BF461CB0B29042C5DBF0BD580000204F
:102770005000002054000020F0B504460D46002013
:10278000002113B1012B5AD126E022E0266836F849
:102790001060052E0BDD666836F81060294F3F8803
:1027A0007E43276837F81070B6FBF7F101E0264E3C
:1027B0003188254E3688B14201D9234E3188234EC7
:1027C0003688B14201D2214E318825F81010461CBE
:1027D000F0B29042DADB33E02EE0266836F8107073
:1027E0001B4E3688761FB74214DA666836F81060DA
:1027F000174F3F88BE1B134F3F887E43276837F82B
:102800001070DFF84CC0BCF800C0ACEB0707B6FB9B
:10281000F7F101E00C4E31880B4E3688B14201D9F8
:10282000094E3188094E3688B14201D2074E3188AF
:1028300025F81010461CF0B29042CEDB00E000BF3D
:1028400000BFF0BD500000204C0000204E000020D2
:102850005200002010B59DED020A214C2080214C31
:102860002180214C248800EE904AF8EE601A1D4C1D
:10287000248800EE904AF8EE600A81EEA01A1A4C05
:10288000248800EE904AF8EE601A154C248800EE79
:10289000904AF8EE600A81EEA02A71EE420AB8EE84
:1028A000401AC1EE201A114CC4ED001A94ED001A22
:1028B0000D4C248800EE904AF8EE600A21EE201AB2
:1028C000074C248800EE904AF8EE600AC1EE201A08
:1028D000074CC4ED001A044C2280064C238010BD26
:1028E0004C0000204E000020500000205800002026
:1028F00054000020520000202DE9F04103460D460F
:10290000164600240027A0462A48006800F4E0602C
:10291000B0F5E06F03D100BF4FF0040830E0254868
:10292000006800F4E060B0F5C06F03D101274FF0FC
:10293000030825E01F48006800F4E060B0F5A06FD0
:1029400002D10227B8461BE01A48006800F4E06094
:10295000B0F5806F03D103274FF0010810E0154850
:10296000006800F4E060B0F5407F03D104274FF029
:10297000000805E04FF4A06000F020F80227B846F8
:10298000C7F1040005FA00F4C8F104010F20C840A3
:102990003040044324010848C45403F01F010120BF
:1029A00088405911890001F1E021C1F80001BDE81A
:1029B000F08100000CED00E000E400E0024901437A
:1029C000024A1160704700000000FA050CED00E0BB
:1029D00010B5324B1B68324C2340304C23602346E9
:1029E0001B6803432360B1F5402F0DD130B9234656
:1029F0001B682C4C2343294C236005E0274B1B68A4
:102A0000294C2343254C2360284B1B6843F00403C7
:102A1000264C23604FF0E0231B69254C2360254B97
:102A20001B686360234B1B1D1B68A360214B08338D
:102A30001B68E3604FF0E0231B691F4C23404FF0FD
:102A4000E02423611D4B1B4C803423601C4B241D50
:102A500023609B144FF0E024C4F888310AB930BFDA
:102A600002E040BF20BF20BF114B1B684FF0E024A5
:102A700023610F4B5B680F4C23600D4B9B684FF03D
:102A8000E024C4F804310A4BDB68C4F80831074B72
:102A90001B6823F00403054C236010BD0070004048
:102AA000FCF3F3FF00080C0000040C0010ED00E044
:102AB00060A0002000E100E00400010031F87FFF89
:102AC000FFF8FFBF044A116821F0010141EA00024A
:102AD000014B1A6070470000C03802402DE9F04FEA
:102AE0008CB0064600200A903EA090E8004CC068DA
:102AF000CDE905BECDF810A007900FF2EC0ADAE997
:102B0000000ACDE9020A0FF2E00ADAE9000ACDE98B
:102B1000000A38480068C0F381000B900B9820B180
:102B2000012804D0022828D103E0334927E03349A3
:102B300025E03048001F006800F03F072D48001FC7
:102B40000068C0F3881C2B48001F0068C0F30140D8
:102B5000401C4FEA40092748001F006800F4800825
:102B6000B8F5800F01D1254B00E0234BB3FBF7F004
:102B700000FB0CF0B0FBF9F101E01F4900BF00BF02
:102B80001C480068C0F3031404A8055D21FA05F28F
:102B900018480068C0F3822402A8055D22FA05F0F7
:102BA000099014480068C0F342341DF8045022FA1A
:102BB00005F0089036B1012E06D0022E06D0032E65
:102BC0000AD106E00A9108E00A9206E009980A9004
:102BD00003E008980A9000E000BF00BF0A980CB01C
:102BE000BDE8F08F000000000000000001020304B7
:102BF00006070809083802400024F40040787D01E7
:102C000010B540F6044000F053F840F6014000F0E3
:102C10004FF840F6154000F04BF840F6164000F033
:102C200047F841F20E0000F043F841F20D1000F0B9
:102C30003FF810BD10B540F6024000F039F84FF4EF
:102C4000406000F035F840F6014000F031F841F204
:102C5000081000F02DF840F6164000F029F84FF467
:102C60008030FEF75DFB10BD0146074A02EB911074
:102C7000D0F8000801F01F0301229A40104008B16B
:102C8000012070470020FCE700300240074A02EBB9
:102C90009011D1F8001800F01F0301229A4011434F
:102CA000024B03EB9012C2F800187047003002404C
:102CB000074A02EB9011D1F8001800F01F0301221F
:102CC0009A401143024B03EB9012C2F80018704770
:102CD00000300240074A02EB9011D1F8001800F0D2
:102CE0001F0301229A409143024B03EB9012C2F85A
:102CF0000018704700300240074A02EB9011D1F8EB
:102D0000001800F01F0301229A401143024B03EB0D
:102D10009012C2F80018704700300240044A11684F
:102D200021F0020141EA0002014B1A6070470000E5
:102D3000C0380240044A116821F0030141EA000250
:102D4000014B1A60704700000838024002480068D2
:102D500000F00C00704700000838024010B5102049
:102D6000FFF794FF00BF1120FFF77EFF0028FAD085
:102D70001820FFF78BFF00BF1920FFF775FF002811
:102D8000FAD00220FFF7D6FF00BFFFF7DFFF0828C9
:102D9000FBD110BD08B540F60440FFF789FF40F6AF
:102DA0000140FFF785FF0323002201211048FFF7B0
:102DB000EDF90323022200210D48FFF70EFA4FF42C
:102DC0000073002201210B48FFF7E0F94FF4007374
:102DD000022200210748FFF700FAFF2040F6DF73C8
:102DE0006422C821009041F27070FFF733FD08BDE6
:102DF000001002400004024070B505461448445DCE
:102E000004F0010020B102211248FFF766F903E047
:102E100002211048FFF75FF9C4F3400020B10121FF
:102E20000C48FFF75AF903E001210A48FFF753F96C
:102E3000C4F3800028B14FF400710748FFF74DF943
:102E400004E04FF400710448FFF745F970BD00003D
:102E5000440000200010024000040240F0B5044687
:102E60002078062813D00E480568001D0668001D4E
:102E700007683D4455B10822A11C2846FFF74AFBCC
:102E8000042204F112013046FFF744FB06E0054935
:102E9000086810B16080010CA18000BFF0BD000087
:102EA000107AFF1F003D024070B504460D464FF4F6
:102EB00000611148FFF70FF9012010490870042143
:102EC0000F4800F05CF804210D48FEF795FD2346FD
:102ED000002204210A48FEF7FEFF2A460421084882
:102EE000FFF7B6F80021074800F054F80421044821
:102EF000FEF792FD70BD0000001002401D00002092
:102F0000006402400034014000B587B0164800F06C
:102F100053F8164800F050F8684600F0C4F8002056
:102F200001900090029005900390069004906946ED
:102F30000D4800F09FF84FF4827000904FF400703D
:102F400003906946094800F095F80721064800F00B
:102F500014F8054800F00CF8034800F026F8034880
:102F600000F023F807B000BD0038004000340140F5
:102F7000016841F40051016070470161704721B957
:102F8000426822F00202426003E0426822F001023D
:102F90004260704721B9426842F00202426003E099
:102FA000426842F0010242607047016841F040010E
:102FB00001607047C160704710B504462749601A28
:102FC0008C422CD009DC26482044B0B1B0F5806F8B
:102FD0001CD0B0F5784F3DD106E0B0F5E05F27D0CA
:102FE000B0F5005F36D12CE040F60C10FFF784FE00
:102FF00040F60C10FFF76EFE2DE040F60E00FFF7D6
:103000007BFE40F60E00FFF765FE24E040F60F0061
:10301000FFF772FE40F60F00FFF75CFE1BE040F684
:103020000D10FFF769FE40F60D10FFF753FE12E09A
:1030300040F61410FFF760FE40F61410FFF74AFE4A
:1030400009E040F61510FFF757FE40F61510FFF7A0
:1030500041FE00E000BF00BF10BD00000034014091
:1030600000C8FFBF02469068084008B101207047C1
:103070000020FCE702460020106800F441500B6875
:1030800018434B6818438B681843CB6818430B6987
:1030900018434B6918438B6918431060D36923F4B4
:1030A0000063D36170470021016041608160C160AD
:1030B0004161816101617047002000213A4A126834
:1030C00042F48032384B1A6000BF401C364A126806
:1030D00002F4003119B94FF6FF729042F5D1324A2D
:1030E000126802F400320AB900BFFEE72E4A4032ED
:1030F000126842F080522C4B40331A602B4A1268FF
:1031000042F44042294B1A60274A08321268264B83
:1031100008331A601A46126842F400421A601A46CE
:10312000126842F4A0521A60214A1B1F1A601A1F2B
:10313000126842F080721B1F1A6000BF1A4A1268A0
:1031400002F00072002AF9D0184A126842F4803264
:10315000164B1A6000BF154A526802F48032002AEA
:10316000F9D0124A126842F40032104B1A6000BFC4
:103170000E4A526802F40032002AF9D00A4A083294
:10318000126822F00302084B08331A601A461268CC
:1031900042F002021A6000BF034A0832126802F0CD
:1031A0000802002AF8D07047003802400070004042
:1031B0001978400A10B5FFF77FFF10BD10B512480F
:1031C000006842F21071B0FBF1F4601EB0F1807F34
:1031D00001D301200FE0601E4FF0E02148610F2174
:1031E0004FF0FF30FDF732FC00204FF0E021886106
:1031F00007200861002008B100BFFEE70021481E3B
:10320000FDF724FC10BD000018000020016841F00B
:10321000800101607047016821F001010160704781
:10322000016841F001010160704700000A88826274
:103230001D4A90420ED0B0F1804F0BD01B4A9042F5
:1032400008D01B4A904205D01A4A904202D01A4A2E
:1032500090420BD1026822F07002026002684B8833
:103260001A43026002688B881A4302608A68C2624D
:10327000124A90420AD0124A904207D0026822F4C1
:10328000407202600268CB881A430260064A90428C
:1032900002D0094A904201D10A7B0263426942F09E
:1032A000010242617047000000000140000400403C
:1032B00000080040000C00400004014000100040E5
:1032C00000140040C2688A43C2607047C2680A4363
:1032D000C2607047CA43026170470246D06800EA84
:1032E00001031069084010B10BB1012070470020A4
:1032F000FCE7000070B5B0B004460D46164600204D
:10330000207102206070267016B1012E16D108E0DF
:103310003448E0600C20A0700620E070022060714C
:103320000FE04FF0A040E0600820A0700420E070A3
:10333000022060710020A071E07102E0012030B035
:1033400070BD00BFBC2101A8FCF767FFE0680190D9
:10335000E06800F500600290E06800F5806003908E
:10336000E06800F588601F90E06800F56060BC22AE
:1033700001A92F902846FCF737FF002013E0E168F1
:1033800001F5106101EB401205F10C0141F820201C
:10339000E16801F5306101EB401205F1240141F8CB
:1033A0002020411CC8B2E1788142E8DC002013E013
:1033B000E16801F5A06101EB401205F13C0141F823
:1033C0002020E16801F5805101EB003205F17C011C
:1033D00041F82020411CC8B2A1788142E8DC0020DD
:1033E000ADE7000000000440C17961B1416989681E
:1033F00001F0010139B1D0F8C810096821F00302C9
:10340000D0F8C8100A6070471FB5069C9DF80500EB
:1034100001281ED12068806B20F4803021688863E9
:103420009DF8060028B12068806B40F48010216868
:1034300088632068C068214908402168C860206806
:10344000C06820F480102168C860204600F038F879
:1034500020E02068C06840F040002168C860204635
:1034600000F02EF82068806B40F4502021688863BB
:103470002068806B40F40010216888639DF8060086
:1034800028B12068806B40F4801021688863142084
:1034900000F079F99DF8040001280BD120688068BC
:1034A00020F01E00216888602068806840F02A00B3
:1034B00021688860002004B010BD0000BFFFDFFF5E
:1034C00010B504462068006940F0010021680861D9
:1034D00000BF2068006900F001000028F9D1032036
:1034E00000F090FB10BD0000084A416B0A610179B1
:1034F000012909D100F21C41426B5161416B0968FD
:1035000041F08022416B0A6070470000180008609B
:103510000268D26822F0C0420368DA6031B90268FA
:10352000D26842F080420368DA6007E0012905D1E1
:103530000268D26842F000520368DA607047000007
:1035400070B504460021D4F8C800016060690068C5
:1035500020F4C051606901606069006861690860B9
:103560006069006820F0030160690160207801282B
:1035700017D16069006840F0030160690160802034
:103580002169486200BF002509E0404830F8152055
:10359000294604F1100000F034F9681CC5B2042D6E
:1035A000F3D3102104F1100000F007FB04F1100028
:1035B00000F0FCF800216069016160694161491E09
:1035C0006069816100216069C16100254FE004F1FB
:1035D0001C0050F82500006800F0004060B104F1C4
:1035E0001C0050F82500006840F0904104F11C00D8
:1035F00050F82500016005E0002104F11C0050F89E
:1036000025000160002104F11C0050F82500016133
:10361000FF2104F11C0050F82500816004F1340002
:1036200050F82500006800F0004060B104F134005B
:1036300050F82500006840F0904104F1340050F843
:103640002500016005E0002104F1340050F8250058
:103650000160002104F1340050F825000161FF21D0
:1036600004F1340050F825008160681CC5B2E07890
:10367000A842ACDC6069006940F01001606901613A
:10368000204600F005F8002070BD00006200002018
:1036900001464FF0FF300A6950606FF080400A69C0
:1036A000506109480A699061087928B908698069F8
:1036B00040F010000A69906108698069034A10436C
:1036C0000A699061002070470008008008303C00C3
:1036D00010B541F20E10FFF7EBFA4FF44060FFF720
:1036E000E7FA4FF4C053002202210848FEF74EFDCE
:1036F0004FF4C053032200210448FEF76EFD4FF43F
:10370000C0520A210148FEF7B7FC10BD000002407C
:1037100030B50246002055692B6955696C6B24FA57
:1037200001F505F0010543EAC51302F11C0555F842
:103730002150AD6805EA030030BD000010B5044615
:10374000FFF7C6FF00F026F800F07FF8054B064AA9
:103750000121064800F048FC00F00AF80348206008
:1037600010BD000080010020700100201C6B0120B2
:1037700010B54FF4A060FFF721F900220221432089
:10378000FFF7BAF810BD10B5044601212046FEF738
:1037900045FD10BD10B50020FFF7C0FA0020FFF76F
:1037A00091F940F60750FFF783FA10BD10B50446B3
:1037B00010202168086100BF2068006900F0100037
:1037C0000028F9D1032000F01DFA002010BD70B5CB
:1037D0000346D01C8508DC6F02E020680860091DE4
:1037E000281EA5F10105F8D1084670BD70B5064642
:1037F0000C4615462B4622468121304600F013FB2D
:1038000070BD70B513460468626A21B942EA034488
:103810000568AC6218E00468A46A02EB1442002454
:1038200008E0056805F5827555F8245002EB15424D
:10383000651CECB24D1EA542F3D842EA034604686B
:1038400004F5827444F8256070BD10B54FF4A06093
:10385000FFF7B4F8002201211D20FFF74DF841F2D7
:103860000100FFF725FA10BD10B501210A48FFF746
:1038700034FD78B101210848FFF72CFD07480068A6
:1038800028B106480068401E0449086002E002486A
:10389000FFF7C1FC10BD0000000400405C000020E8
:1038A000F0B502460C46002100255069806800F002
:1038B0000606207800F00F032078C00938B102F125
:1038C0001C0050F82310012000FA03F508E002F173
:1038D000340050F8231003F11000012707FA00F517
:1038E000086800F40040C8B90868104F3840086004
:1038F0002BB908680E4FBF5D3843086003E00868C5
:10390000A788384308606078800440EA835040F01C
:10391000805040F400400F68384308605069C06927
:1039200028435769F8610020F0BD000000F833FC1F
:103930000E16010810B503460022087800F00F04A7
:103940000878C00920B103F11C0050F8242003E0DE
:1039500003F1340050F82420106820F400101060A7
:103960004878032802D04878022803D1106840F034
:1039700080501060002010BD30B502460B46002478
:10398000187800F00F011878C00978B1012000FA0A
:1039900001F402F11C0050F82100006820F40045F9
:1039A00002F11C0050F82100056010E001F1100048
:1039B000012505FA00F402F1340050F821000068F6
:1039C00020F4004502F1340050F8210005605069F0
:1039D000C069A0435569E861002030BD2DE9FC4174
:1039E00005460C460027207800F00F0605F11C0064
:1039F00050F826000068019005F11C0050F82600E0
:103A000000690090009800F060400090E06820B9E4
:103A1000009840F40020009022E066B9A188E06898
:103A2000884201D2E06800E0A088E060009840F49D
:103A30000020009009E0E068401EA1880844B0FB27
:103A4000F1F0009941EAC0400090E0680099084315
:103A500000906078012803D1009840F00050009059
:103A600005F11C0050F826000099016160780128DA
:103A70000DD168698068C0F3002020B1019840F042
:103A80008050019003E0019840F0005001902879A7
:103A9000012805D105F11C0050F82600A1694161FB
:103AA000019840F00440019005F11C0050F82600F8
:103AB000019901602879A0B96078012809D0E068EF
:103AC00078B16869406B0121B14008436969486376
:103AD00007E0A08983B2324605F11000A16800F02A
:103AE00080F83846BDE8FC81F0B50246002608782B
:103AF00000F00F0302F1340050F82300056802F1D2
:103B0000340050F82300046904F06044C86800B130
:103B100023B98888044344F400240CE0B1F804C0BD
:103B2000CF6867447F1EB7FBFCF044EAC0448F882F
:103B300047433C4300BF02F1340050F823000461C6
:103B40001079012805D102F1340050F823008F6963
:103B500047614878012806D1C87810B145F0005572
:103B600001E045F0805545F0044502F1340050F87D
:103B7000230005603046F0BD10B502460B4600211B
:103B8000187800F00F041878C00960B102F11C0029
:103B900050F82410086800F0004040B1086840F078
:103BA0008040086003E002F1340050F824100868F7
:103BB00040F400100860002010BD70B504460D46AA
:103BC000202040EA85102168086100BF2068006954
:103BD00000F020000028F9D1032000F013F80020A5
:103BE00070BDF0B50446D81C860804F17C0050F87E
:103BF000225002E008682860091D301EA6F1010667
:103C0000F8D1F0BD10B5044602212046FEF706FBB0
:103C100010BD70B504460D46CE20005D032809D1C5
:103C20002879012806DCD4F82C042946C2682046ED
:103C3000904770BD0120FCE710B5044600BF6069E5
:103C4000406820F002016069416000BF0320FFF777
:103C50009AFD10BD70B5044604F51D75002120467F
:103C60006B69AA6800F0C1F8A9886869884203D91D
:103C7000032184F8241402E0042184F82414002091
:103C800070BD70B5044604F1D005002120466B6973
:103C9000AA6800F0C8F8A9886869884203D9012198
:103CA00084F8241402E0022184F82414002070BD5A
:103CB00010B50446062184F8241400231A46194638
:103CC000204600F092F82046FFF70EFC002010BDC1
:103CD00010B50446052184F8241400231A46194619
:103CE000204600F0A0F82046FFF7FEFB002010BDA4
:103CF00010B5044600BF6069406840F00201606989
:103D0000416000BF0320FFF73EFD10BD2DE9F041EB
:103D100006460F46C7EBC70106F1D00000EB810451
:103D2000D4E90301451AA088A84200D2A588E81C5E
:103D30004FEA900821E0D4E90301451AA088A8427F
:103D400000D2A588E81C4FEA9008ABB2FAB206F19F
:103D50001000A168FFF745FFA0682844A060206913
:103D600028442061D4E90310884206D17069406B71
:103D70000121B94088437169486306F11C0050F87D
:103D80002700806980B2404503D3D4E903108842FC
:103D9000D1D30120BDE8F08170B504460D468021E5
:103DA000204600F097F80021204600F093F82046C6
:103DB000FFF79AFB70BD70B505460C46E01140B1A7
:103DC00004F07F00C0EBC00105F1D00000EB8106DC
:103DD00005E0C4EBC40105F51D7000EB810631461A
:103DE0002846FFF7C9FD002070BD2DE9F0410546CA
:103DF0000F461646984607F07F00C0EBC00105F558
:103E00001D7000EB8104A660C4F80C8000202061C6
:103E10002879012800D1A66121462846FFF764FED3
:103E20000020BDE8F0812DE9F04105460F46164619
:103E3000984607F07F00C0EBC00105F1D00000EB11
:103E40008104A660C4F80C80002020612879012834
:103E500000D1A66121462846FFF7C0FD0020BDE83D
:103E6000F08100002DE9F04107460E46B578B6F81E
:103E70000480E81168B105F07F00C0EBC00107F1D4
:103E8000D00000EB8104207820F08000803020708A
:103E900009E0C5EBC50107F51D7000EB8104207832
:103EA00020F080002070207865F303002070A4F8D3
:103EB0000480F07800F00300054911F820006070DC
:103EC00021463846FFF7ECFC0020BDE8F0810000F9
:103ED0005016010870B505460C460026E01140B1A9
:103EE00004F07F00C0EBC00105F1D00000EB8106BB
:103EF00005E0C4EBC40105F51D7000EB810601204F
:103F0000B07031462846FFF737FE002070BD70B50F
:103F100005460C460026E01140B104F07F00C0EBDE
:103F2000C00105F1D00000EB810605E0C4EBC4013F
:103F300005F51D7000EB81060020B0703146284663
:103F4000FFF7F8FC002070BD70B504460E46002E49
:103F50003AD104F1D00594F82404012802D00228B3
:103F60002FD10EE0A9886869401A6861207901287C
:103F700003D1A988A8680844A8602046FFF781FEFD
:103F800020E094F8250448B100231A46194620463B
:103F9000FFF749FF002184F8251411E0CE20005DD1
:103FA000032808D1D4F82C04406920B1D4F82C049B
:103FB000416920468847002068612046FFF778FE67
:103FC00000E000BF00BF0DE0CE20005D032809D156
:103FD000D4F82C04C06928B1D4F82C043146C26945
:103FE00020469047002070BDF8B504460D461646A1
:103FF0001F46C4F82864C4F82C74D4F82814C9687F
:10400000C868FEF72BFF2A4604F110012046FFF78F
:1040100071F900BF2069806820F001002169886083
:1040200000BF04F11000009094E80F00FFF7ECF9D6
:104030002046FFF75DFE002104F11000FFF768FA4B
:104040002046FFF77DFA00BF2069806840F001003C
:104050002169886000BF2046FFF7EEFD0121CE20D8
:104060000155F8BD014648698068C0F341024869BE
:10407000406820F48073486943604869406840F4B0
:104080008073486943600869C06820F470500B6908
:10409000D8600D48805C032807D148700869C06863
:1040A00040F410500B69D86007E00220487008699E
:1040B000C06840F4A0500B69D8604FF400500B6901
:1040C000586101207047000014160108F8B5044635
:1040D0000026002500BF616988696169C9690840D7
:1040E00000F03F010E4632E006F0010060B32946C1
:1040F0002046FFF70DFB0090009800F00100A0B1F2
:10410000012104F11C0050F8250081602946204659
:10411000FFF71AFF2079012807D135B994F8240454
:10412000052802D12046FFF7DFF9009800F0800053
:1041300048B129462046FFF7E9FD802104F11C0023
:1041400050F82500816000BF7608681CC5B2002EBB
:10415000CAD10120F8BD2DE9FC4104460026002506
:1041600000BF616988696169C9690840C0F3054198
:104170000E465BE006F00100002854D000BF04F1B9
:10418000340151F82510886861694969084000BF09
:104190000190019800F00100B8B3012104F134004E
:1041A00050F825008160207901281FD1C5EBC50397
:1041B00004F51D7202EB830004F1340252F825204D
:1041C000126900928388C2681A44521EB2FBF3F24D
:1041D00002FB03F1009AC2F312028B1AC5EBC5076A
:1041E00004F51D7202EB8702136100BF29462046C9
:1041F00000F08FF92079012807D135B994F824040B
:10420000062802D12046FFF76FF9019800F0080058
:1042100040B1204600F0BFF9082104F1340050F805
:104220002500816000BF7608681CC5B2002EA1D1B0
:104230000120BDE8FC81000030B58FB00446606904
:10424000406820F0010160694160002104F1100024
:10425000FFF7B3FC00250BE0FF2104F11C0050F830
:104260002500816004F1340050F8250081606D1C48
:10427000E078A842F0D84FF0FF31606981614FF0DB
:1042800001116069C16109216069416101216069B1
:1042900001616069006820F4FE6160690160204688
:1042A000FFF722F94FF48050216948611C2108A8CA
:1042B000FBF7B3FF1C22144908A8FBF795FF1C224B
:1042C00008A904F51D70FBF78FFF04F51D7120464A
:1042D000FFF7E6FA1C2101A8FBF79FFF1C220B4900
:1042E00001A8FBF781FF1C2201A904F1D000FBF714
:1042F0007BFF04F1D0012046FFF7D2FA0121CE2046
:10430000015501200FB030BD181601083416010800
:104310002DE9F843044600250027002600200090E0
:104320002069806920F01000216988612069006A95
:104330000090009800F00F08C8EBC80104F51D704C
:1043400000EB81050098C0F30A160098C0F3C1374E
:104350000098C0F34340072828D2DFE800F0270484
:1043600005131427150022E05EB1B2B204F110006B
:10437000A968FFF72CFAA8683044A860286930447F
:10438000286114E013E012E0287800F00F0060B913
:10439000082E0AD14FB9B2B204F21C4104F1100048
:1043A000FFF715FA28693044286100E000BF00BF1C
:1043B0002069806940F01000216988610120BDE812
:1043C000F8833EB50446E07902906069806800F0A9
:1043D00001000190CE20005D032801D1012000E002
:1043E00000200090CE20015DCF2001550421CE2079
:1043F00001559DF8080090B19DF8040078B19DF832
:10440000000060B1D4F8C800006840F00301D4F89F
:10441000C8000160002211460120FEF7D9FA4FF4CE
:1044200000602169486101203EBD70B504462069E5
:10443000406900F00100002869D1206945692069C0
:104440008069054005B970BD05F4002010B1204613
:10445000FFF781FE05F4802010B12046FFF736FEFD
:1044600005F4006010B12046FFF7ABFF05F00040F7
:1044700058B1CE20005D042803D1CF20015DCE20AD
:1044800001554FF000402169486105F0080058B11E
:10449000D4F82C04406A20B1D4F82C04416A204698
:1044A000884708202169486105F0100010B12046B6
:1044B000FFF72EFF05F4805010B12046FFF7BCFE39
:1044C00005F4005010B12046FFF7CCFD05F4801034
:1044D00060B1D4F82C04806A20B1D4F82C04816A2D
:1044E000204688474FF480102169486105F4001088
:1044F00060B1D4F82C04C06A20B1D4F82C04C16A8D
:10450000204688474FF400102169486100BF00BF72
:1045100099E770B504460E466EBB04F51D7594F818
:104520002404032802D0042822D10EE0A988686957
:10453000401A68612079012803D1A988A868084435
:10454000A8602046FFF786FB13E0CE20005D03281D
:1045500008D1D4F82C04806920B1D4F82C048169E6
:1045600020468847002068612046FFF7B1FB00E045
:1045700000BF00BF0DE0D4F82C04006A48B1CE2083
:10458000005D032805D1D4F82C043146026A204688
:104590009047002070BD7CB50446012504F573707A
:1045A000416D006DCDE900019DF8000000F0600054
:1045B00020B1202808D0402812D10BE069462046BF
:1045C00000F02CF805460CE069462046FFF721FB79
:1045D000054606E06946204600F02EF8054600E054
:1045E00000BF00BF9DB9BDF8060018B92046FFF70F
:1045F0006FFB10E09DF8000000F0800018B120462D
:10460000FFF73FFB07E02046FFF724FB03E0694686
:104610002046FFF7C1FB00207CBD000070B50546B9
:104620000C466078034951F82020214628469047DF
:1046300070BD0000B001002002460020704700005D
:10464000000000000000000000000000000000006A
:10465000000000000000000000000000000000005A
:10466000000000000000000000000000000000004A
:10467000000000000000000000000000000000003A
:10468000000000000000000000000000000000002A
:10469000000000000000000000000000000000001A
:1046A000000000000000000000000000000000000A
:1046B00000000000000000000000000000000000FA
:1046C00000000000000000000000000000000000EA
:1046D00000000000000000000000000000000000DA
:1046E00000000000000000000000000000000000CA
:1046F00000000000000000000000000000000000BA
:1047000000000000000000000000000000000000A9
:104710000000000000000000000000000000000099
:104720000000000000000000000000000000000089
:104730000000000000000000000000000000000079
:104740000000000000000000000000000000000069
:104750000000000000000000000000000000000059
:104760000000000000000000000000000000000049
:104770000000000000000000000000000000000039
:104780000000000000000000000000000000000029
:104790000000000000000000000000000000000019
:1047A0000000000000000000000000000000000009
:1047B00000000000000000000000000000000000F9
:1047C00000000000000000000000000000000000E9
:1047D00000000000000000000000000000000000D9
:1047E00000000000000000000000000000000000C9
:1047F00000000000000000000000000000000000B9
:1048000000000000000000000000000000000000A8
:104810000000000000000000000000000000000098
:104820000000000000000000000000000000000088
:104830000000000000000000000000000000000078
:104840000000000000000000000000000000000068
:104850000000000000000000000000000000000058
:104860000000000000000000000000000000000048
:104870000000000000000000000000000000000038
:104880000000000000000000000000000000000028
:104890000000000000000000000000000000000018
:1048A0000000000000000000000000000000000008
:1048B00000000000000000000000000000000000F8
:1048C00000000000000000000000000000000000E8
:1048D00000000000000000000000000000000000D8
:1048E00000000000000000000000000000000000C8
:1048F00000000000000000000000000000000000B8
:1049000000000000000000000000000000000000A7
:104910000000000000000000000000000000000097
:104920000000000000000000000000000000000087
:104930000000000000000000000000000000000077
:104940000000000000000000000000000000000067
:104950000000000000000000000000000000000057
:104960000000000000000000000000000000000047
:104970000000000000000000000000000000000037
:104980000000000000000000000000000000000027
:104990000000000000000000000000000000000017
:1049A0000000000000000000000000000000000007
:1049B00000000000000000000000000000000000F7
:1049C00000000000000000000000000000000000E7
:1049D00000000000000000000000000000000000D7
:1049E00000000000000000000000000000000000C7
:1049F00000000000000000000000000000000000B7
:104A000000000000000000000000000000000000A6
:104A10000000000000000000000000000000000096
:104A20000000000000000000000000000000000086
:104A30000000000000000000000000000000000076
:104A40000000000000000000000000000000000066
:104A50000000000000000000000000000000000056
:104A60000000000000000000000000000000000046
:104A70000000000000000000000000000000000036
:104A80000000000000000000000000000000000026
:104A90000000000000000000000000000000000016
:104AA0000000000000000000000000000000000006
:104AB00000000000000000000000000000000000F6
:104AC00000000000000000000000000000000000E6
:104AD00000000000000000000000000000000000D6
:104AE00000000000000000000000000000000000C6
:104AF00000000000000000000000000000000000B6
:104B000000000000000000000000000000000000A5
:104B10000000000000000000000000000000000095
:104B20000000000000000000000000000000000085
:104B30000000000000000000000000000000000075
:104B40000000000000000000000000000000000065
:104B50000000000000000000000000000000000055
:104B60000000000000000000000000000000000045
:104B70000000000000000000000000000000000035
:104B80000000000000000000000000000000000025
:104B90000000000000000000000000000000000015
:104BA0000000000000000000000000000000000005
:104BB00000000000000000000000000000000000F5
:104BC00000000000000000000000000000000000E5
:104BD00000000000000000000000000000000000D5
:104BE00000000000000000000000000000000000C5
:104BF00000000000000000000000000000000000B5
:104C000000000000000000000000000000000000A4
:104C10000000000000000000000000000000000094
:104C20000000000000000000000000000000000084
:104C30000000000000000000000000000000000074
:104C40000000000000000000000000000000000064
:104C50000000000000000000000000000000000054
:104C60000000000000000000000000000000000044
:104C70000000000000000000000000000000000034
:104C80000000000000000000000000000000000024
:104C90000000000000000000000000000000000014
:104CA0000000000000000000000000000000000004
:104CB00000000000000000000000000000000000F4
:104CC00000000000000000000000000000000000E4
:104CD00000000000000000000000000000000000D4
:104CE00000000000000000000000000000000000C4
:104CF00000000000000000000000000000000000B4
:104D000000000000000000000000000000000000A3
:104D10000000000000000000000000000000000093
:104D20000000000000000000000000000000000083
:104D30000000000000000000000000000000000073
:104D40000000000000000000000000000000000063
:104D50000000000000000000000000000000000053
:104D60000000000000000000000000000000000043
:104D70000000000000000000000000000000000033
:104D80000000000000000000000000000000000023
:104D90000000000000000000000000000000000013
:104DA0000000000000000000000000000000000003
:104DB00000000000000000000000000000000000F3
:104DC00000000000000000000000000000000000E3
:104DD00000000000000000000000000000000000D3
:104DE00000000000000000000000000000000000C3
:104DF00000000000000000000000000000000000B3
:104E000000000000000000000000000000000000A2
:104E10000000000000000000000000000000000092
:104E20000000000000000000000000000000000082
:104E30000000000000000000000000000000000072
:104E40000000000000000000000000000000000062
:104E50000000000000000000000000000000000052
:104E60000000000000000000000000000000000042
:104E70000000000000000000000000000000000032
:104E80000000000000000000000000000000000022
:104E90000000000000000000000000000000000012
:104EA0000000000000000000000000000000000002
:104EB00000000000000000000000000000000000F2
:104EC00000000000000000000000000000000000E2
:104ED00000000000000000000000000000000000D2
:104EE00000000000000000000000000000000000C2
:104EF00000000000000000000000000000000000B2
:104F000000000000000000000000000000000000A1
:104F10000000000000000000000000000000000091
:104F20000000000000000000000000000000000081
:104F30000000000000000000000000000000000071
:104F40000000000000000000000000000000000061
:104F50000000000000000000000000000000000051
:104F60000000000000000000000000000000000041
:104F70000000000000000000000000000000000031
:104F80000000000000000000000000000000000021
:104F90000000000000000000000000000000000011
:104FA0000000000000000000000000000000000001
:104FB00000000000000000000000000000000000F1
:104FC00000000000000000000000000000000000E1
:104FD00000000000000000000000000000000000D1
:104FE00000000000000000000000000000000000C1
:104FF00000000000000000000000000000000000B1
:1050000000000000000000000000000000000000A0
:105010000000000000000000000000000000000090
:105020000000000000000000000000000000000080
:105030000000000000000000000000000000000070
:105040000000000000000000000000000000000060
:105050000000000000000000000000000000000050
:105060000000000000000000000000000000000040
:105070000000000000000000000000000000000030
:105080000000000000000000000000000000000020
:105090000000000000000000000000000000000010
:1050A0000000000000000000000000000000000000
:1050B00000000000000000000000000000000000F0
:1050C00000000000000000000000000000000000E0
:1050D00000000000000000000000000000000000D0
:1050E00000000000000000000000000000000000C0
:1050F00000000000000000000000000000000000B0
:10510000000000000000000000000000000000009F
:10511000000000000000000000000000000000008F
:10512000000000000000000000000000000000007F
:10513000000000000000000000000000000000006F
:10514000000000000000000000000000000000005F
:10515000000000000000000000000000000000004F
:10516000000000000000000000000000000000003F
:10517000000000000000000000000000000000002F
:10518000000000000000000000000000000000001F
:10519000000000000000000000000000000000000F
:1051A00000000000000000000000000000000000FF
:1051B00000000000000000000000000000000000EF
:1051C00000000000000000000000000000000000DF
:1051D00000000000000000000000000000000000CF
:1051E00000000000000000000000000000000000BF
:1051F00000000000000000000000000000000000AF
:10520000000000000000000000000000000000009E
:10521000000000000000000000000000000000008E
:10522000000000000000000000000000000000007E
:10523000000000000000000000000000000000006E
:10524000000000000000000000000000000000005E
:10525000000000000000000000000000000000004E
:10526000000000000000000000000000000000003E
:10527000000000000000000000000000000000002E
:10528000000000000000000000000000000000001E
:10529000000000000000000000000000000000000E
:1052A00000000000000000000000000000000000FE
:1052B00000000000000000000000000000000000EE
:1052C00000000000000000000000000000000000DE
:1052D00000000000000000000000000000000000CE
:1052E00000000000000000000000000000000000BE
:1052F00000000000000000000000000000000000AE
:10530000000000000000000000000000000000009D
:10531000000000000000000000000000000000008D
:10532000000000000000000000000000000000007D
:10533000000000000000000000000000000000006D
:10534000000000000000000000000000000000005D
:10535000000000000000000000000000000000004D
:10536000000000000000000000000000000000003D
:10537000000000000000000000000000000000002D
:10538000000000000000000000000000000000001D
:10539000000000000000000000000000000000000D
:1053A00000000000000000000000000000000000FD
:1053B00000000000000000000000000000000000ED
:1053C00000000000000000000000000000000000DD
:1053D00000000000000000000000000000000000CD
:1053E00000000000000000000000000000000000BD
:1053F00000000000000000000000000000000000AD
:10540000000000000000000000000000000000009C
:10541000000000000000000000000000000000008C
:10542000000000000000000000000000000000007C
:10543000000000000000000000000000000000006C
:10544000000000000000000000000000000000005C
:10545000000000000000000000000000000000004C
:10546000000000000000000000000000000000003C
:10547000000000000000000000000000000000002C
:10548000000000000000000000000000000000001C
:10549000000000000000000000000000000000000C
:1054A00000000000000000000000000000000000FC
:1054B00000000000000000000000000000000000EC
:1054C00000000000000000000000000000000000DC
:1054D00000000000000000000000000000000000CC
:1054E00000000000000000000000000000000000BC
:1054F00000000000000000000000000000000000AC
:10550000000000000000000000000000000000009B
:10551000000000000000000000000000000000008B
:10552000000000000000000000000000000000007B
:10553000000000000000000000000000000000006B
:10554000000000000000000000000000000000005B
:10555000000000000000000000000000000000004B
:10556000000000000000000000000000000000003B
:10557000000000000000000000000000000000002B
:10558000000000000000000000000000000000001B
:10559000000000000000000000000000000000000B
:1055A00000000000000000000000000000000000FB
:1055B00000000000000000000000000000000000EB
:1055C00000000000000000000000000000000000DB
:1055D00000000000000000000000000000000000CB
:1055E00000000000000000000000000000000000BB
:1055F00000000000000000000000000000000000AB
:10560000000000000000000000000000000000009A
:10561000000000000000000000000000000000008A
:10562000000000000000000000000000000000007A
:10563000000000000000000000000000000000006A
:10564000000000000000000000000000000000005A
:10565000000000000000000000000000000000004A
:10566000000000000000000000000000000000003A
:10567000000000000000000000000000000000002A
:10568000000000000000000000000000000000001A
:10569000000000000000000000000000000000000A
:1056A00000000000000000000000000000000000FA
:1056B00000000000000000000000000000000000EA
:1056C00000000000000000000000000000000000DA
:1056D00000000000000000000000000000000000CA
:1056E00000000000000000000000000000000000BA
:1056F00000000000000000000000000000000000AA
:105700000000000000000000000000000000000099
:105710000000000000000000000000000000000089
:105720000000000000000000000000000000000079
:105730000000000000000000000000000000000069
:105740000000000000000000000000000000000059
:105750000000000000000000000000000000000049
:105760000000000000000000000000000000000039
:105770000000000000000000000000000000000029
:105780000000000000000000000018C618C6929437
:1057900004210000000000000000000000000000E4
:1057A00000000000000000000000000000000000F9
:1057B00000000000000000000000000000000000E9
:1057C00000000000000000000000000000000000D9
:1057D00000000000000000000000000000000000C9
:1057E00000000000000000000000000000000000B9
:1057F00000000000000000000000000000000000A9
:105800000000000000000000000000000000000098
:105810000000000000000000000000000000000088
:105820000000000000000000000000000000000078
:105830000000000000000000000000000000000068
:105840000000000000000000FFFFFFFFFFFF084214
:10585000000000000000042186310000000000006C
:105860000000000000000000000000000000000038
:1058700000000000000000008E7314A582100000DC
:105880000000000000000000000018C618C618C67E
:1058900018C618C6F7BD18C6EF7B8E73000000004F
:1058A00000000000000000000000000000000000F8
:1058B00000000000000000000000000000000000E8
:1058C00000000000000000000000000000000000D8
:1058D00000000000000000000000000000000000C8
:1058E00000000000000000000000000000000000B8
:1058F00000000000000000000000000000000000A8
:10590000000000000000FFFFFFFFFFFF0842000053
:10591000000000000842FFFF1CE78E7361080000D2
:105920000000000000000000000000000000000077
:10593000000000008A52FFFFFFFF9AD6821000008D
:10594000000000000000000018C6FFFFFFFFFFFF7F
:10595000FFFFFFFFFFFFFFFFFFFF08420000000007
:105960000000000000000000000000000000000037
:105970000000000000000000000000000000000027
:105980000000000000000000000000000000000017
:105990000000000000000000000000000000000007
:1059A00000000000000000000000000000000000F7
:1059B00000000000000000000000000000000000E7
:1059C00000000000FFFFFFFFFFFF08420000000093
:1059D0000000E739FFFFFFFFFFFF9EF710848210F2
:1059E00000000000000000000000000000000000B7
:1059F00086319EF7FFFFFFFFFFFF96B50000000016
:105A00000000000000000C631084108414A518C668
:105A10009EF7FFFFFFFFFFFF0842000000000000AD
:105A20000000000000000000000000000000000076
:105A30000000000000000000000000000000000066
:105A40000000000000000000000000000000000056
:105A50000000000000000000000000000000000046
:105A60000000000000000000000000000000000036
:105A70000000000000000000000000000000000026
:105A80000000FFFFFFFFFFFF0842000000000000D2
:105A90000842FFFFFFFFFFFFFFFFFFFF1CE78A52E7
:105AA00000000000000000000000000082109AD6F4
:105AB000FFFFFFFFFFFF1CE7610800000000000080
:105AC00000000000000000000000042175ADFFFF91
:105AD000FFFF9EF78E730000000000000000000032
:105AE00000000000000000000000000000000000B6
:105AF00000000000000000000000000000000000A6
:105B00000000000000000000000000000000000095
:105B10000000000000000000000000000000000085
:105B20000000000000000000000000000000000075
:105B30000000000000000000000000000000000065
:105B4000FFFFFFFFFFFF08420000000000000842C7
:105B5000FFFFFFFFFFFFFFFFFFFFFFFFFFFF75AD31
:105B60008210000000000000000096B5FFFFFFFF5C
:105B7000FFFF9EF7863100000000000000000000DB
:105B800000000000000010849EF7FFFFFFFF14A537
:105B90008210000000000000000000000000000073
:105BA00000000000000000000000000000000000F5
:105BB00000000000000000000000000000000000E5
:105BC00000000000000000000000000000000000D5
:105BD00000000000000000000000000000000000C5
:105BE00000000000000000000000000000000000B5
:105BF0000000000000000000000000000000FFFFA7
:105C0000FFFFFFFF08420000000000000842FFFF06
:105C1000FFFFFFFFFFFFFFFFFFFFFFFFFFFF7DEF26
:105C20008631000000001084FFFFFFFFFFFFFFFF31
:105C30000C630000000000000000000000000000F5
:105C40008A521CE7FFFFFFFF9AD6084200000000BF
:105C50000000000000000000000000000000000044
:105C60000000000000000000000000000000000034
:105C70000000000000000000000000000000000024
:105C80000000000000000000000000000000000014
:105C90000000000000000000000000000000000004
:105CA00000000000000000000000000000000000F4
:105CB000000000000000000000000000FFFFFFFFE8
:105CC000FFFF08420000000000000842FFFFFFFF46
:105CD000FFFF0421F7BDFFFFFFFFFFFFFFFFFFFFF7
:105CE0000C638A52FFFFFFFFFFFFFFFF10840000DD
:105CF000000000000000000000000000000018C6C6
:105D0000FFFFFFFFFFFFF7BD18C6F7BD108410842B
:105D1000042100000000000000000000000000005E
:105D20000000000000000000000000000000000073
:105D30000000000000000000000000000000000063
:105D40000000000000000000000000000000000053
:105D50000000000000000000000000000000000043
:105D60000000000000000000000000000000000033
:105D70000000FFFF18C6F7BD18C6FFFFFFFFFFFFBB
:105D800014A510840C6308428E73FFFFFFFFFFFF12
:105D9000000000008E739EF7FFFFFFFFFFFFFFFF75
:105DA0009EF7FFFFFFFFFFFF96B500000000000019
:105DB00000000000000000000000000018C6FFFF07
:105DC000FFFFFFFFFFFFFFFFFFFFFFFFFFFF084297
:105DD00000000000000000000000000000000000C3
:105DE00000000000000000000000000000000000B3
:105DF00000000000000000000000000000000000A3
:105E00000000000000000000000000000000000092
:105E10000000000000000000000000000000000082
:105E20000000000000000000000000000000000072
:105E3000FFFFFFFFFFFFFFFFFFFFFFFFFFFFFFFF72
:105E4000FFFFFFFFFFFFFFFFFFFFFFFFFFFF000060
:105E50000000000086319AD6FFFFFFFFFFFFFFFF23
:105E6000FFFFFFFF9AD68210000000000000000034
:105E70000000000000000000000086311084108443
:105E800096B518C618C618C618C618C686310000BA
:105E90000000000000000000000000000000000002
:105EA00000000000000000000000000000000000F2
:105EB00000000000000000000000000000000000E2
:105EC00000000000000000000000000000000000D2
:105ED00000000000000000000000000000000000C2
:105EE0000000000000000000000000000000FFFFB4
:105EF000FFFFFFFFFFFFFFFFFFFFFFFFFFFFFFFFB2
:105F0000FFFFFFFFFFFFFFFFFFFFFFFF000000009D
:105F10000000000082109AD6FFFFFFFFFFFFFFFF87
:105F20009EF7863100000000000000000000000025
:105F30000000000000000000000000000000000061
:105F40000000000000000000000000000000000051
:105F50000000000000000000000000000000000041
:105F60000000000000000000000000000000000031
:105F70000000000000000000000000000000000021
:105F80000000000000000000000000000000000011
:105F90000000000000000000000000000000000001
:105FA0000000000000000000000000009EF7FFFF5E
:105FB000FFFFFFFFFFFFFFFFFFFFFFFFFFFFFFFFF1
:105FC000FFFFFFFFFFFFFFFFFFFF000000000000DB
:105FD000000000009294FFFFFFFFFFFFFFFF9EF70E
:105FE0006529000000000000000000000000000023
:105FF00000000000000092941CE718C618C618C6DE
:1060000018C6F7BD14A50C630000000000000000D6
:106010000000000000000000000000000000000080
:106020000000000000000000000000000000000070
:106030000000000000000000000000000000000060
:106040000000000000000000000000000000000050
:106050000000000000000000000000000000000040
:106060000000000000000000000000000000000030
:106070000000FFFFFFFFFFFF8E738A521084EF7B4B
:1060800014A5FFFFFFFFFFFF00000000000000005D
:106090000C63FFFFFFFFFFFFFFFFFFFFFFFF9AD62D
:1060A0006108000000000000000000000000000087
:1060B00000000000F7BDFFFFFFFFFFFFFFFFFFFF36
:1060C000FFFFFFFFFFFF084200000000000000008C
:1060D00000000000000000000000000000000000C0
:1060E00000000000000000000000000000000000B0
:1060F00000000000000000000000000000000000A0
:10610000000000000000000000000000000000008F
:10611000000000000000000000000000000000007F
:10612000000000000000000000000000000000006F
:10613000FFFFFFFFFFFF08420000000000000842D1
:10614000FFFFFFFFFFFF00000000000086319EF709
:10615000FFFFFFFFFFFF9EF7FFFFFFFFFFFF14A5FD
:10616000000000000000000000000000000000002F
:10617000000018C618C6EF7B108418C6F7BD18C6F5
:106180009AD6FFFF08420000000000000000000057
:1061900000000000000000000000000000000000FF
:1061A00000000000000000000000000000000000EF
:1061B00000000000000000000000000000000000DF
:1061C00000000000000000000000000000000000CF
:1061D00000000000000000000000000000000000BF
:1061E0000000000000000000000000000000FFFFB1
:1061F000FFFFFFFF0842000000000000E739FFFF3B
:10620000FFFFFFFF0000000061089EF7FFFFFFFF98
:10621000FFFF9AD665299EF7FFFFFFFFFFFF8A5217
:10622000000000000000000000000000000000006E
:1062300018C61084000000000000000000000000EC
:10624000FFFF084200000000000000000000000006
:10625000000000000000000000000000000000003E
:10626000000000000000000000000000000000002E
:10627000000000000000000000000000000000001E
:10628000000000000000000000000000000000000E
:1062900000000000000000000000000000000000FE
:1062A000000000000000000000000000FFFFFFFFF2
:1062B000FFFFE7390000000000000842FFFFFFFF7A
:1062C000FFFF000000009AD6FFFFFFFFFFFF9EF7D1
:1062D00061080000694AFFFFFFFFFFFF1CE761083C
:1062E000000000000000000000000000000018C6D0
:1062F0001084000000000000000000000000FFFF0C
:106300000842000000000000000000000000000043
:10631000000000000000000000000000000000007D
:10632000000000000000000000000000000000006D
:10633000000000000000000000000000000000005D
:10634000000000000000000000000000000000004D
:10635000000000000000000000000000000000003D
:1063600000000000000000000000FFFFFFFFFFFF33
:1063700008420000000000000842FFFFFFFFFFFF8F
:10638000000014A5FFFFFFFFFFFF9EF7863100000E
:106390000000000014A5FFFFFFFFFFFF9294000024
:1063A00000000000000000000000000018C69AD69F
:1063B00010841084108410848E730842FFFF0842FA
:1063C00000000000000000000000000000000000CD
:1063D00000000000000000000000000000000000BD
:1063E00000000000000000000000000000000000AD
:1063F000000000000000000000000000000000009D
:10640000000000000000000000000000000000008C
:10641000000000000000000000000000000000007C
:106420000000000000000000FFFFFFFFFFFF084228
:106430000000000000000842FFFFFFFFFFFF0C63A9
:10644000FFFFFFFFFFFFFFFF0C63000000000000E5
:10645000000082109EF7FFFFFFFFFFFF04210000F6
:1064600000000000000000000000F7BDFFFFFFFF7C
:10647000FFFFFFFFFFFFFFFFFFFFFFFF08420000DE
:10648000000000000000000000000000000000000C
:1064900000000000000000000000000000000000FC
:1064A00000000000000000000000000000000000EC
:1064B00000000000000000000000000000000000DC
:1064C00000000000000000000000000000000000CC
:1064D00000000000000000000000000000000000BC
:1064E000000000000000FFFFFFFFFFFF0842000068
:1064F000000000000842FFFFFFFFFFFF9294FFFF34
:10650000FFFFFFFF92940000000000000000000069
:1065100000000C63FFFFFFFFFFFF14A50000000059
:1065200000000000000000008A5218C69AD6FFFF43
:10653000FFFFFFFFFFFFFFFFFFFF0842000000001B
:10654000000000000000000000000000000000004B
:10655000000000000000000000000000000000003B
:10656000000000000000000000000000000000002B
:10657000000000000000000000000000000000001B
:10658000000000000000000000000000000000000B
:1065900000000000000000000000000000000000FB
:1065A00000000000FFFFFFFFFFFF084200000000A7
:1065B000000086319EF7FFFFFFFF000014A5FFFFDC
:1065C00018C60000000000000000000000000000ED
:1065D000000018C6FFFFFFFFFFFF08420000000099
:1065E00000000000000000000000000000000000AB
:1065F0000000000000008210821000000000000077
:10660000000000000000000000000000000000008A
:10661000000000000000000000000000000000007A
:10662000000000000000000000000000000000006A
:10663000000000000000000000000000000000005A
:10664000000000000000000000000000000000004A
:10665000000000000000000000000000000000003A
:1066600000008631E7390842821000000000000077
:106670000000000000000000000000008E73821087
:10668000000000000000000000000000000000000A
:106690000842FFFFFFFFFFFF14A5000000000000FD
:1066A00000000000718C1084108410841084108409
:1066B0001084084208428210000000000000000020
:1066C00000000000000000000000000000000000CA
:1066D00000000000000000000000000000000000BA
:1066E00000000000000000000000000000000000AA
:1066F000000000000000000000000000000000009A
:106700000000000000000000000000000000000089
:106710000000000000000000000000000000000079
:10672000000018C6FFFFFFFF1084000000000000FB
:1067300000000000000000008631E7391084EB5AA9
:106740000000000000000000000000000000000049
:10675000F7BDFFFF75AD0421000000000000000040
:10676000000018C6FFFFFFFFFFFFFFFFFFFFFFFF57
:10677000FFFFFFFF084200000000000000000000D3
:106780000000000000000000000000000000000009
:1067900000000000000000000000000000000000F9
:1067A00000000000000000000000000000000000E9
:1067B00000000000000000000000000000000000D9
:1067C00000000000000000000000000000000000C9
:1067D00000000000000000000000000000000000B9
:1067E00018C6FFFFFFFF108400000000000000003B
:1067F000000000000000718CFFFFFFFF18C60000C2
:1068000000000000000000000000000000008631D1
:10681000084200000000000000000000000000002E
:10682000929418C618C61CE7FFFFFFFFFFFFFFFF8B
:10683000FFFF084200000000000000000000000010
:106840000000000000000000000000000000000048
:106850000000000000000000000000000000000038
:106860000000000000000000000000000000000028
:106870000000000000000000000000000000000018
:106880000000000000000000000000000000000008
:10689000000000000000000000000000000018C61A
:1068A000FFFFFFFF10840000000000000000000058
:1068B00000000000EF7BFFFFFFFFFFFF0000000074
:1068C00000000000000000000000000000000000C8
:1068D00000000000000000000000000000000000B8
:1068E00000000000000000000000000000000000A8
:1068F0000000000000000000000000000000000098
:106900000000000000000000000000000000000087
:106910000000000000000000000000000000000077
:106920000000000000000000000000000000000067
:106930000000000000000000000000000000000057
:106940000000000000000000000000000000000047
:10695000000018C6FFFF9AD618C618C69EF7FFFF9C
:10696000FFFFF7BD10848E730842084208420842B8
:1069700000000842FFFFFFFFFFFF82100000000041
:106980000000000000000000000000000000000007
:1069900000000000000000000000000092940C6362
:1069A00000000000000000000000000000000000E7
:1069B00000000000000000000000000000000000D7
:1069C00000000000000000000000000000000000C7
:1069D00000000000000000000000000000000000B7
:1069E00000000000000000000000000000000000A7
:1069F0000000000000000000000000000000000097
:106A00000000000000000000000000000000000086
:106A100018C6FFFFFFFFFFFFFFFFFFFFFFFFFFFFA6
:106A2000FFFFFFFFFFFFFFFFFFFFFFFFFFFFFFFF76
:106A3000FFFFFFFFFFFFFFFF9AD618C618C614A579
:106A40001084108410848E73084208420842042186
:106A50000000000000000000000018C610840000C4
:106A60000000000000000000000000000000000026
:106A70000000000000000000000000000000000016
:106A80000000000000000000000000000000000006
:106A900000000000000000000000000000000000F6
:106AA00000000000000000000000000000000000E6
:106AB00000000000000000000000000000000000D6
:106AC000000000000000000000000000000018C6E8
:106AD000FFFFFFFFFFFFFFFFFFFFFFFFFFFFFFFFC6
:106AE000FFFFFFFFFFFFFFFFFFFFFFFFFFFFFFFFB6
:106AF000FFFFFFFFFFFFFFFFFFFFFFFFFFFFFFFFA6
:106B0000FFFFFFFFFFFFFFFFFFFFFFFF10840000FD
:106B1000000000000000000018C610840000000003
:106B20000000000000000000000000000000000065
:106B30000000000000000000000000000000000055
:106B40000000000000000000000000000000000045
:106B50000000000000000000000000000000000035
:106B60000000000000000000000000000000000025
:106B70000000000000000000000000000000000015
:106B800000000000000000000000000092941CE7DC
:106B9000FFFFFFFFFFFFFFFFFFFFFFFFFFFFFFFF05
:106BA000FFFFFFFFFFFFFFFFFFFFFFFFFFFFFFFFF5
:106BB000FFFFFFFFFFFFFFFFFFFFFFFFFFFFFFFFE5
:106BC000FFFFFFFFFFFFFFFFFFFF1084000000003B
:106BD000000000000000F7BD1CE718C618C618C664
:106BE00018C6F7BD108410840421000000000000C6
:106BF0000000000000000000000000000000000095
:106C00000000000000000000000000000000000084
:106C10000000000000000000000000000000000074
:106C20000000000000000000000000000000000064
:106C30000000000000000000000000000000000054
:106C40000000000000000000000000000000000044
:106C500000000000F7BDFFFFFFFF14A508421084ED
:106C600010841084108475AD18C618C61CE7FFFF89
:106C7000FFFFFFFFFFFFFFFFFFFFFFFFFFFFFFFF24
:106C8000FFFFFFFFFFFFFFFF108400000000000078
:106C90000000000018C6FFFFFFFFFFFFFFFFFFFF20
:106CA000FFFFFFFFFFFF08420000000000000000A0
:106CB00000000000000000000000000000000000D4
:106CC00000000000000000000000000000000000C4
:106CD00000000000000000000000000000000000B4
:106CE00000000000000000000000000000000000A4
:106CF0000000000000000000000000000000000094
:106D00000000000000000000000000000000000083
:106D1000000018C6FFFFFFFF108400000000000005
:106D2000000000000000000000001084FFFFFFFFD3
:106D3000FBDE00008210084208420842084210842C
:106D40001CE7FFFFFFFF10840000000000000000B0
:106D5000000018C618C6EF7B96B518C618C6F7BD52
:106D600018C618C6863100000000000000000000B0
:106D70000000000000000000000000000000000013
:106D80000000000000000000000000000000000003
:106D900000000000000000000000000000000000F3
:106DA00000000000000000000000000000000000E3
:106DB00000000000000000000000000000000000D3
:106DC00000000000000000000000000000000000C3
:106DD000F7BDFFFFFFFF108400000000000000006F
:106DE00000000000000000000C63FFFFFFFFFFFF3A
:106DF000000000000000000000000000000018C6B5
:106E0000FFFFFFFF108400000000000000000000F2
:106E100018C6108400000000000000000000000000
:106E20000000000000000000000000000000000062
:106E30000000000000000000000000000000000052
:106E40000000000000000000000000000000000042
:106E50000000000000000000000000000000000032
:106E60000000000000000000000000000000000022
:106E70000000000000000000000000000000000012
:106E8000000000000000000000000000000018C624
:106E9000FFFFFFFF10840000000000000000000062
:106EA0000000000000000842FFFFFFFFFFFF652910
:106EB00000000000000000000000000018C6FFFFF6
:106EC000FFFF10840000000000000000000018C652
:106ED000108400000000000000000000000000001E
:106EE00000000000000000000000000000000000A2
:106EF0000000000000000000000000000000000092
:106F00000000000000000000000000000000000081
:106F10000000000000000000000000000000000071
:106F20000000000000000000000000000000000061
:106F30000000000000000000000000000000000051
:106F400000000000000000000000000004210842D2
:106F500008420421000000000000000000000000C2
:106F6000000000000000FFFF9EF7F7BD8631000023
:106F700000000000000000000000EB5A9294F7BDF2
:106F80000C630000000000000000000086310421B6
:106F900000000000000000000000000000000000F1
:106FA00000000000000000000000000000000000E1
:106FB00000000000000000000000000000000000D1
:106FC00000000000000000000000000000000000C1
:106FD00000000000000000000000000000000000B1
:106FE00000000000000000000000000000000000A1
:106FF0000000000000000000000000000000000091
:107000000000000000000000000000000000000080
:107010000000000000000000000000000000000070
:107020000000000000000000000000000000000060
:107030000000000000000000000000000000000050
:107040000000000000000000000000000000000040
:107050000000000000000000000000000000000030
:107060000000000000000000000000000000000020
:107070000000000000000000000000000000000010
:107080000000000000000000000000000000000000
:1070900000000000000000000000000000000000F0
:1070A00000000000000000000000000000000000E0
:1070B00000000000000000000000000000000000D0
:1070C00000000000000000000000000000000000C0
:1070D00000000000000000000000000000000000B0
:1070E00000000000000000000000000000000000A0
:1070F0000000000000000000000000000000000090
:10710000000000000000000000000000000000007F
:10711000000004218A52108496B5863100000000D8
:10712000000000000000000000000000000000005F
:10713000000000000000000000000000000000004F
:10714000000000000000000000000000000000003F
:10715000000000000000000000000000000000002F
:10716000000000000000000000000000000000001F
:10717000000000000000000000000000000000000F
:1071800000000000000000000000000000000000FF
:1071900000000000000000000000000000000000EF
:1071A00000000000000000000000000000000000DF
:1071B00000000000000000000000000000000000CF
:1071C00000000000000004218E73929418C6FFFF97
:1071D000FFFFFFFFFFFFFFFF08420000000000006D
:1071E000000000000000000000000000000000009F
:1071F000000000000000000000000000000000008F
:10720000000000000000000000000000000000007E
:10721000000000000000000000000000000000006E
:10722000000000000000000000000000000000005E
:10723000000000000000000000000000000000004E
:10724000000000000000000000000000000000003E
:10725000000000000000000000000000000000002E
:10726000000000000000000000000000000000001E
:10727000000000000000000000000000000000000E
:107280000000000018C6FFFFFFFFFFFFFFFFFFFF2A
:10729000FFFF9EF718C686310000000000000000C6
:1072A00000000000000000000000000000000000DE
:1072B00000000000000000000000000000000000CE
:1072C00000000000000000000000000000000000BE
:1072D00000000000000000000000000000000000AE
:1072E000000000000000000000000000000000009E
:1072F000000000000000000000000000000000008E
:10730000000000000000000000000000000000007D
:10731000000000000000000000000000000000006D
:10732000000000000000000000000000000000005D
:10733000000000000000000000000000000000004D
:107340000000F7BDFFFF18C614A518C69AD6821014
:10735000000000000000000000000000000000002D
:10736000000000000000000000000000000000001D
:10737000000000000000000000000000000000000D
:1073800000000000000000000000000000000000FD
:1073900000000000000000000000000000000000ED
:1073A00000000000000000000000000000000000DD
:1073B00000000000000000000000000000000000CD
:1073C00000000000000000000000000000000000BD
:1073D00000000000000000000000000000000C633E
:1073E000108410840842000000000000000000002B
:1073F000000000000000000000000000000000008D
:1074000018C6EF7B000000001084F7BD00000000EC
:10741000000000000000000000000000000000006C
:10742000000000000000000000000000000000005C
:10743000000000000000000000000000000000004C
:10744000000000000000000000000000000000003C
:10745000000000000000000000000000000000002C
:10746000000000000000000000000000000000001C
:10747000000000000000000000000000000000000C
:1074800000000000000000000000000000000000FC
:1074900000000000000000000000000096B5FFFFA3
:1074A000FFFF96B500000000000000000000000093
:1074B0000000000000000000000000000000F7BD18
:1074C0009AD60C630421108418C600000000000046
:1074D00000000000000000000000000000000000AC
:1074E000000000000000000000000000000000009C
:1074F000000000000000000000000000000000008C
:10750000000000000000000000000000000000007B
:10751000000000000000000000000000000000006B
:10752000000000000000000000000000000000005B
:10753000000008420842E739821000000000000005
:10754000000000000000000000000000000000003B
:10755000000000000000000000001084FFFFFFFF9B
:1075600018C600000000000000000000000000003D
:1075700000000000000000000000000018C6FFFF2F
:10758000FFFFFFFFFFFF1CE70C630421000000006A
:1075900000000000000000000000000000000000EB
:1075A00000000000000000000000000000000000DB
:1075B00000000000000000000000000000000000CB
:1075C00000000000000000000000000000000000BB
:1075D00000000000000000000000000000000000AB
:1075E000000000000000000000000000000000009B
:1075F000FFFFFFFFFFFFFFFFFFFFFFFFFFFF1CE796
:1076000018C618C618C696B5108410841084108445
:1076100008420842084208421084FFFFFFFFFFFFB4
:10762000000000000000000000000000000000005A
:1076300000000000000000000000863118C6FFFFB7
:10764000FFFFFFFFFFFFFFFFFFFF1CE7863100008A
:10765000000000000000000000000000000000002A
:10766000000000000000000000000000000000001A
:10767000000000000000000000000000000000000A
:1076800000000000000000000000000000000000FA
:1076900000000000000000000000000000000000EA
:1076A0000000000000000000000000000000FFFFDC
:1076B000FFFFFFFFFFFFFFFFFFFFFFFFFFFFFFFFDA
:1076C000FFFFFFFFFFFFFFFFFFFFFFFFFFFFFFFFCA
:1076D000FFFFFFFFFFFFFFFFFFFFFFFFFFFF1CE7B5
:1076E00018C6F7BD18C696B5108410840C63000048
:1076F00000000000000000000000000000008A52AE
:1077000092949AD6FFFFFFFFFFFF0842000000009F
:107710000000000000000000000000000000000069
:107720000000000000000000000000000000000059
:107730000000000000000000000000000000000049
:107740000000000000000000000000000000000039
:107750000000000000000000000000000000000029
:10776000000000000000000000000000FFFFFFFF1D
:10777000FFFFFFFFFFFFFFFFFFFFFFFFFFFFFFFF19
:10778000FFFFFFFFFFFFFFFFFFFFFFFFFFFFFFFF09
:10779000FFFFFFFFFFFFFFFFFFFFFFFFFFFFFFFFF9
:1077A000FFFFFFFFFFFFFFFFFFFF18C60000000005
:1077B00000000000000000000000000000000000C9
:1077C000000082100C6314A5863100000000000048
:1077D00000000000000000000000000000000000A9
:1077E0000000000000000000000000000000000099
:1077F0000000000000000000000000000000000089
:107800000000000000000000000000000000000078
:107810000000000000000000000000000000000068
:1078200000000000000000000000EF7B108414A5A1
:1078300018C6F7BD18C69AD6FFFFFFFFFFFFFFFF70
:10784000FFFFFFFFFFFFFFFFFFFFFFFFFFFFFFFF48
:10785000FFFFFFFFFFFFFFFFFFFFFFFFFFFFFFFF38
:10786000FFFFFFFFFFFFFFFF18C600000000000042
:107870000000000000000000000000000000000008
:1078800000000000000000000000000000000000F8
:1078900000000000000000000000000000000000E8
:1078A00000000000000000000000000000000000D8
:1078B00000000000000000000000000000000000C8
:1078C00000000000000000000000000000000000B8
:1078D00000000000000000000000000000000000A8
:1078E0000000000000000000000000000000000098
:1078F000000000000000000000000000000008423E
:107900000842084208428E7310841084108414A523
:10791000F7BD9EF7FFFFFFFFFFFFFFFFFFFFFFFF2A
:10792000FFFFFFFFFFFF18C600000000000000007F
:10793000000018C618C68E738631000000000000D3
:107940000000000000000000000000000000000037
:107950000000000000000000000000000000000027
:107960000000000000000000000000000000000017
:107970000000000000000000000000000000000007
:1079800000000000000000000000000000000000F7
:1079900000000000000000000000000000000000E7
:1079A00000000000000000000000000000000000D7
:1079B0000000821096B51084000000000000000056
:1079C00000000000000000000000000000000000B7
:1079D00018C6FFFFFFFF10840000000000000842EF
:1079E000084208428631000000000000000000004C
:1079F00018C6FFFFFFFFFFFF7DEF14A50C630421F6
:107A00000000000000000000000000000000000076
:107A10000000000000000000000000000000000066
:107A20000000000000000000000000000000000056
:107A30000000000000000000000000000000000046
:107A40000000000000000000000000000000000036
:107A50000000000000000000000000000000000026
:107A60000000000000000000000000000000E3181B
:107A70009AD6FFFFFFFF0C6300000000000000002B
:107A80000000000000000C6300000000000096B53C
:107A9000FFFFFFFF18C6000000000000000000000C
:107AA0000000000000000000000000000000EB5A91
:107AB00096B5FFFFFFFFFFFFFFFFFFFFFFFF14A5CE
:107AC00000000000000000000000000000000000B6
:107AD00000000000000000000000000000000000A6
:107AE0000000000000000000000000000000000096
:107AF0000000000000000000000000000000000086
:107B00000000000000000000000000000000000075
:107B10000000000000000000000000000000000065
:107B200000000000000000000000E7399EF7FFFFA2
:107B3000FFFFFFFF9EF78210000000000000000022
:107B400082109AD6FFFF1084000000001084FFFF0F
:107B5000FFFFF7BD00000000000000000000000073
:107B60000000000000000000000000000000000015
:107B700000000842108418C6FFFFFFFFFFFF084205
:107B800000000000000000000000000000000000F5
:107B900000000000000000000000000000000000E5
:107BA00000000000000000000000000000000000D5
:107BB00000000000000000000000000000000000C5
:107BC00000000000000000000000000000000000B5
:107BD00000000000000000000000000000000000A5
:107BE0000000000000008E73FFFFFFFFFFFFFFFF9C
:107BF0009EF70C63000000000000000086319EF735
:107C0000FFFFFFFFFFFF8A520000EF7BFFFFFFFF38
:107C1000FFFF000000000000000000000000000066
:107C20000000000000000000000000000000000054
:107C30000000E7398E7314A5FFFFFFFF0842000024
:107C40000000000000000000000000000000000034
:107C50000000000000000000000000000000000024
:107C60000000000000000000000000000000000014
:107C70000000000000000000000000000000000004
:107C800000000000000000000000000000000000F4
:107C900000000000000000000000000000000000E4
:107CA000821014A5FFFFFFFFFFFFFFFF1CE78631D7
:107CB00000000000000000006D6BFFFFFFFFFFFFF2
:107CC000FFFFFFFF0C6300000842FFFFFFFFFFFF05
:107CD00000000000000000000000000000000000A4
:107CE0000000000000000000EB5A18C61CE7FFFF70
:107CF000FFFFFFFFFFFFFFFFFFFF08420000000044
:107D00000000000000000000000000000000000073
:107D10000000000000000000000000000000000063
:107D20000000000000000000000000000000000053
:107D30000000000000000000000000000000000043
:107D40000000000000000000000000000000000033
:107D500000000000000000000000000000009AD6B3
:107D6000FFFFFFFFFFFFFFFF18C6821000000000AB
:107D70000000821014A5FFFFFFFFFFFFFFFF9EF72B
:107D80000842000000000842FFFFFFFFFFFF08421B
:107D900000000000000000000000000000000000E3
:107DA000000000000000F7BDFFFFFFFFFFFFFFFF27
:107DB000FFFF1CE718C6108404210000000000002B
:107DC00000000000000000000000000000000000B3
:107DD00000000000000000000000000000000000A3
:107DE0000000000000000000000000000000000093
:107DF0000000000000000000000000000000000083
:107E00000000000000000000000000000000000072
:107E10000000000000000000000000009294FFFF3E
:107E2000FFFFFFFF9294000000000000000004210B
:107E30009AD6FFFFFFFFFFFFFFFF79CE8210000001
:107E4000000000000000FFFFFFFFFFFF8A5200005C
:107E50000000000000000000000000000000000022
:107E60000000000096B518C692940C63084200000A
:107E70000000000000000000000000000000000002
:107E800000000000000000000000000000000000F2
:107E900000000000000000000000000000000000E2
:107EA00000000000000000000000000000000000D2
:107EB00000000000000000000000000000000000C2
:107EC00000000000000000000000000000000000B2
:107ED00000000000000000000000000018C6FFFFC6
:107EE0000C630000000000000000000086317DEF00
:107EF000FFFFFFFFFFFF9294000000000000000062
:107F000000000000FFFFFFFFFFFF108400000000E3
:107F10000000000000000000000000000000000061
:107F20000000000000000000000000000000000051
:107F30000000000000000000000000000000000041
:107F40000000000000000000000000000000000031
:107F50000000000000000000000000000000000021
:107F60000000000000000000000000000000000011
:107F70000000000000000000000000000000000001
:107F800000000000000000000000000000000000F1
:107F900000000000000000000000610886310000C1
:107FA000000000000000000000000000EB5AFFFF8E
:107FB0009EF70C63000000000000000000000000BD
:107FC0000000F7BDFFFFFFFF9294000000000000DB
:107FD00000000000000000000000000000000000A1
:107FE0000842108410848A5208420842084208421B
:107FF00082100000000000000000000000000000EF
:108000000000000000000000000000000000000070
:108010000000000000000000000000000000000060
:108020000000000000000000000000000000000050
:108030000000000000000000000000000000000040
:108040000000000000000000000000000000000030
:108050000000000000000000000000000000000020
:108060000000000000000000000000008E73652981
:108070000000000000000000000000000000000000
:1080800018C6FFFFFFFFF7BD000000000000000062
:10809000000000000000000000000000000018C602
:1080A000FFFFFFFFFFFFFFFFFFFFFFFFFFFF7DEF72
:1080B000042100000000000000000000000000009B
:1080C00000000000000000000000000000000000B0
:1080D00000000000000000000000000000000000A0
:1080E0000000000000000000000000000000000090
:1080F0000000000000000000000000000000000080
:10810000000000000000000000000000000000006F
:108110000000929418C618C61084000000000000E9
:10812000000000000C6318C618C614A5000000006B
:1081300000000000000000000000863100001084F4
:10814000FFFFFFFF18C60000000000000000000055
:1081500000000000000000000000000018C6FFFF43
:10816000FFFFFFFFFFFFFFFFFFFFFFFFFFFF0842D3
:1081700000000000000000000000000000000000FF
:1081800000000000000000000000000000000000EF
:1081900000000000000000000000000000000000DF
:1081A00000000000000000000000000000000000CF
:1081B00000000000000000000000000000000000BF
:1081C00000000000000000000000000000000000AF
:1081D00018C6FFFFFFFF18C60000000000000000E7
:1081E00000001084FFFFFFFFFFFF00000000000001
:1081F0000000000000008E73FFFF14A504210000A2
:10820000000000000000000000000000000000006E
:108210000000000000000000000018C610840000EC
:108220000000000004210842E739FFFFE7390000A1
:10823000000000000000000000000000000000003E
:10824000000000000000000000000000000000002E
:10825000000000000000000000000000000000001E
:10826000000000000000000000000000000000000E
:1082700000000000000000000000000000000000FE
:1082800000000000000000000000000000009294C8
:10829000FFFFFFFF18C60000000000000000000004
:1082A0001084FFFFFFFFFFFF000000000000000040
:1082B000000014A5FFFFFFFFFFFFF39C000000007C
:1082C00000000000000000000000000000000000AE
:1082D0000000000000000000F7BD10840000000056
:1082E0000000000000000000FFFF08420000000046
:1082F000000000000000000000000000000000007E
:10830000000000000000000000000000000000006D
:10831000000000000000000000000000000000005D
:10832000000000000000000000000000000000004D
:10833000000000000000000000000000000000003D
:108340000000000000000000000000001084FFFF9B
:10835000FFFF18C6000000000000000000001084AD
:10836000FFFFFFFFFFFF00000000000061089AD63A
:10837000FFFFFFFFFFFFFFFF9EF70421000000004B
:1083800000000000000000000000000000000000ED
:1083900000000000000018C6F39C821000000000DE
:1083A000000000000000FFFF084200000000000085
:1083B00000000000000000000000000000000000BD
:1083C00000000000000000000000000000000000AD
:1083D000000000000000000000000000000000009D
:1083E000000000000000000000000000000000008D
:1083F000000000000000000000000000000000007D
:10840000000000000000000000001084FFFFFFFFDC
:10841000FFFFEF7B0C6308420842084214A5FFFFF0
:10842000FFFFFFFF0000000065299EF7FFFFFFFF31
:10843000FFFFFFFF79CE04210000000000000000D4
:10844000000000000000000000000000000000002C
:108450000000000018C6FFFFFFFFFFFFFFFFFFFF48
:10846000FFFFFFFFFFFF08420000000000000000C8
:1084700000000000000000000000000000000000FC
:1084800000000000000000000000000000000000EC
:1084900000000000000000000000000000000000DC
:1084A00000000000000000000000000000000000CC
:1084B00000000000000000000000000000000000BC
:1084C0000000000000000000EB5AFFFFFFFFFFFF6D
:1084D000FFFFFFFFFFFFFFFFFFFFFFFFFFFFFFFFAC
:1084E000FFFFFFFF18C69EF7FFFFFFFFFFFFFFFF25
:1084F0009EF792940C6308420842E73986310000E7
:10850000000000000000000000000000000000006B
:10851000000096B5FFFFFFFFFFFFFFFFFFFFFFFF1C
:10852000FFFFFFFF08420000000000000000000005
:10853000000000000000000000000000000000003B
:10854000000000000000000000000000000000002B
:10855000000000000000000000000000000000001B
:10856000000000000000000000000000000000000B
:1085700000000000000000000000000000000000FB
:108580000000000000000842FFFFFFFFFFFFFFFFA9
:10859000FFFFFFFFFFFFFFFFFFFFFFFFFFFFFFFFEB
:1085A000FFFFFFFFFFFFFFFFFFFFFFFFFFFFFFFFDB
:1085B000FFFFFFFFFFFFFFFFFFFFFFFFFFFFFFFFCB
:1085C000FFFFFFFF92940000000000000000000089
:1085D00000000842084208426D6B10841084EF7B53
:1085E00010840421000000000000000000000000D2
:1085F000000000000000000000000000000000007B
:10860000000000000000000000000000000000006A
:10861000000000000000000000000000000000005A
:10862000000000000000000000000000000000004A
:10863000000000000000000000000000000000003A
:1086400000000000E739FFFFFFFFFFFFFFFFFFFF14
:10865000FFFFFFFFFFFFFFFFFFFFFFFFFFFFFFFF2A
:10866000FFFFFFFFFFFFFFFFFFFFFFFFFFFFFFFF1A
:10867000FFFFFFFFFFFFFFFFFFFFFFFFFFFFFFFF0A
:10868000FFFF18C600000000000000000000863157
:10869000E739821000000000000000000000000028
:1086A00000000000000000000000000000000000CA
:1086B00000000000000000000000000000000000BA
:1086C00000000000000000000000000000000000AA
:1086D000000000000000000000000000000000009A
:1086E000000000000000000000000000000000008A
:1086F000000000000000000000000000000000007A
:1087000000000842FFFFFFFFFFFF8A521084108421
:10871000108410841CE7FFFFFFFFFFFFFFFFFFFF38
:10872000FFFFFFFFFFFFFFFFFFFFFFFFFFFFFFFF59
:10873000FFFFFFFFFFFFFFFFFFFFFFFFFFFFFFFF49
:1087400018C60000000000000000000018C6FFFF6F
:10875000FFFFFFFFFFFFFFFFFFFFFFFF18C68210B5
:108760000000000000000000000000000000000009
:1087700000000000000000000000000000000000F9
:1087800000000000000000000000000000000000E9
:1087900000000000000000000000000000000000D9
:1087A00000000000000000000000000000000000C9
:1087B00000000000000000000000000000000000B9
:1087C0000842FFFFFFFFFFFF000000000000000065
:1087D00000001084FFFFFFFFFFFFF39CFFFFFFFF80
:1087E000FFFFFFFFFFFFFFFFFFFFFFFF1CE7718C95
:1087F00010841084F7BD18C618C6F7BD9EF7F7BDE4
:108800000000000000000000000018C6FFFFFFFF8E
:10881000FFFFFFFFFFFFFFFFFFFFFFFF084200001A
:108820000000000000000000000000000000000048
:108830000000000000000000000000000000000038
:108840000000000000000000000000000000000028
:108850000000000000000000000000000000000018
:108860000000000000000000000000000000000008
:108870000000000000000000000000000000E739D8
:10888000FFFFFFFFFFFF00000000000000000000EE
:108890001084FFFFFFFFFFFF0000821010841CE721
:1088A000FFFFFFFFFFFFFFFFFFFFFFFF9EF7929419
:1088B0000421000000000000000000000000000093
:1088C0000000000000000000863108420842E7393D
:1088D0000C637DEFFFFFFFFFFFFF8631000000000C
:1088E0000000000000000000000000000000000088
:1088F0000000000000000000000000000000000078
:108900000000000000000000000000000000000067
:108910000000000000000000000000000000000057
:108920000000000000000000000000000000000047
:108930000000000000000000000000000842FFFFEF
:10894000FFFFFFFF00000000000000000000108497
:10895000FFFFFFFFFFFF00000000000000000C63AE
:1089600018C6FFFFFFFFFFFFFFFFFFFFFFFFFFFF37
:1089700096B5E7390000000000000000000000008C
:108980000000000000000000000000000C637DEF0C
:10899000FFFFFFFF18C604210000000000000000D8
:1089A00000000000000000000000000000000000C7
:1089B00000000000000000000000000000000000B7
:1089C00000000000000000000000000000000000A7
:1089D0000000000000000000000000000000000097
:1089E0000000000000000000000000000000000087
:1089F00000000000000000000000E739FFFFFFFF5B
:108A0000FFFF000000000000000000001084FFFFD6
:108A1000FFFFFFFF0000000000000000000000005A
:108A2000863114A59EF7FFFFFFFFFFFFFFFFFFFF4B
:108A3000FFFF0C63000000000000000000000000C9
:108A4000000000000000084218C6FFFFFFFF1CE7FF
:108A5000694A000000000000000000000000000063
:108A60000000000000000000000000000000000006
:108A700000000000000000000000000000000000F6
:108A800000000000000000000000000000000000E6
:108A900000000000000000000000000000000000D6
:108AA00000000000000000000000000000000000C6
:108AB0000000000000000000821008420842084246
:108AC000000000000000000000001084FFFFFFFF16
:108AD000FFFF000000000000000000000000000098
:108AE000000061088E731CE7FFFFFFFFFFFF9EF78A
:108AF0000000000000000000000000000000000076
:108B000000001084FFFFFFFFFFFF108482100000B1
:108B10000000000000000000000000000000000055
:108B20000000000000000000000000000000000045
:108B30000000000000000000000000000000000035
:108B40000000000000000000000000000000000025
:108B50000000000000000000000000000000000015
:108B60000000000000000000000000000000000005
:108B700000000000000000000000000000000000F5
:108B80000000000000000000E31808428E7310840B
:108B900000000000000000000000000000000000D5
:108BA0000000000000008A5218C6FFFF1084000079
:108BB00000000000000000000000000000000000B5
:108BC00018C6FFFFFFFFFFFFFFFFFFFFFFFFFFFFD5
:108BD0009AD686310000000000000000000000006E
:108BE0000000000000000000000000000000000085
:108BF0000000000000000000000000000000000075
:108C00000000000000000000000000000000000064
:108C10000000000000000000000000000000000054
:108C20000000000000000000000000000000000044
:108C30000000000000000000000000000000000034
:108C40000000000000000000000000000000000024
:108C50000000000000000000000000000000000014
:108C60000000000000000000E31882100000000077
:108C7000000000000000000000000000000096B5A9
:108C8000FFFFFFFFFFFFFFFFFFFFFFFFFFFFFFFFF4
:108C9000E7390000000000000000000000000000B4
:108CA00000000000000000000000000000000000C4
:108CB00000000000000000000000000000000000B4
:108CC00000000000000000000000000000000000A4
:108CD0000000000000000000000000000000000094
:108CE0000000000000000000000000000000000084
:108CF0000000000000000000000000000000000074
:108D00000000000000000000000000000000000063
:108D10000000000000000000000000000000000053
:108D20000000000000000000000000000000000043
:108D30000000000000000000000000008210084257
:108D4000084208420C6310841084108410840421AB
:108D50000000000000000000000000000000000013
:108D60000000000000000000000000000000000003
:108D700000000000000000000000000000000000F3
:108D800000000000000000000000000000000000E3
:108D900000000000000000000000000000000000D3
:108DA00000000000000000000000000000000000C3
:108DB00000000000000000000000000000000000B3
:108DC00000000000000000000000000000000000A3
:108DD0000000000000000000000000000000000093
:108DE0000000000000000000000000000000000083
:108DF000000000000000000000008631084204214D
:108E00000000000000000000000000000000000062
:108E10000000000000000000000000000000000052
:108E20000000000000000000000000000000000042
:108E30000000000000000000000000000000000032
:108E40000000000000000000000000000000000022
:108E50000000000000000000000000000000000012
:108E60000000000000000000000000000000000002
:108E700000000000000000000000000000000000F2
:108E800000000000000000000000000000000000E2
:108E900000000000000000000000000000000000D2
:108EA00000000000000000000000000000000000C2
:108EB000000000000000000018C6FFFFFFFFFFFFDA
:108EC000FFFFFFFFFFFFFFFF9AD6E318000000003F
:108ED0000000000000000000000000000000000092
:108EE0000000000000000000000000000000000082
:108EF0000000000000000000000000000000000072
:108F00000000000000000000000000000000000061
:108F10000000000000000000000000000000000051
:108F20000000000000000000000000000000000041
:108F30000000000000000000000000000000000031
:108F40000000000000000000000000000000000021
:108F50000000000000000000000000000000000011
:108F60000000000000000000000000000000000001
:108F700000000000000018C6FFFFFFFFFFFFFFFF1B
:108F8000FFFFFFFFFFFFFFFF08420000000000009F
:108F900000000000000000000000000000000000D1
:108FA00000000000000000000000000000000000C1
:108FB00000000000000000000000000000000000B1
:108FC00000000000000000000000000000000000A1
:108FD0000000000000000000000000000000000091
:108FE00000000000000000000000000082100000EF
:108FF0000000000000000000000000000000000071
:109000000000000000000000000000000000000060
:109010000000000000000000000000000000000050
:1090200000000C631084108408420000000000005F
:109030000000000086310842084208428A529EF72A
:10904000FFFFFFFF9EF786310000000000000000D8
:109050000000000000000000000000000000000010
:109060000000000000000000000000000000000000
:1090700000000000000000000000000000000000F0
:1090800000000000000000000000000000000000E0
:1090900000000000000000000000000000000000D0
:1090A0000000000000000000000018C6FFFFFFFFE6
:1090B000FFFF7DEF18C618C618C618C610841084A6
:1090C000108410848A520842084208420421000099
:1090D0000000000000000000000000000000000090
:1090E00018C6FFFFFFFFEF7B00000000000000003C
:1090F00000000000000000008E739EF7FFFFFFFFDE
:1091000018C604210000000000000000000000005C
:10911000000000000000000000000000000000004F
:10912000000000000000000000000000000000003F
:10913000000000000000000000000000000000002F
:10914000000000000000000000000000000000001F
:10915000000000000000000000000000000000000F
:10916000000000000000000018C6FFFFFFFFFFFF27
:10917000FFFFFFFFFFFFFFFFFFFFFFFFFFFFFFFFFF
:10918000FFFFFFFFFFFFFFFFFFFFFFFFFFFFFFFFEF
:10919000000000000000000000000000000018C6F1
:1091A000FFFFFFFF1084000000000000000000002F
:1091B0000000084279CEFFFFFFFF1CE78A52000043
:1091C000000000000000000000000000000000009F
:1091D000000000000000000000000000000000008F
:1091E000000000000000000000000000000000007F
:1091F000000000000000000000000000000000006F
:10920000000000000000000000000000000000005E
:10921000000000000000000000000000000000004E
:1092200000000000000018C6FFFFFFFFFFFFFFFF68
:10923000FFFFFFFFFFFFFFFFFFFFFFFFFFFFFFFF3E
:10924000FFFFFFFFFFFFFFFFFFFFFFFFFFFF00002C
:1092500000000000000000000000000018C6FFFF32
:10926000FFFFEF7B00000000000000000000EF7B2C
:10927000FFFFFFFFFFFF10848210000000000000CE
:1092800000000000000000000000000000000000DE
:1092900000000000000000000000000000000000CE
:1092A00000000000000000000000000000000000BE
:1092B00000000000000000000000000000000000AE
:1092C000000000000000000000000000000000009E
:1092D000000000000000000000000000000000008E
:1092E0000000000018C6FFFFFFFF9EF7FFFFFFFF13
:1092F000FFFFFFFFFFFFFFFFFFFFFFFFFFFFFFFF7E
:10930000FFFFFFFFFFFFFFFFFFFFFFFF0000000069
:109310000000000000000000000018C6FFFFFFFF73
:1093200010840000000000000000000018C6FFFFCD
:10933000FFFFFFFFFFFFFFFFFFFFFFFF1CE786317F
:10934000000000000000000000000000000000001D
:10935000000000000000000000000000000000000D
:1093600000000000000000000000000000000000FD
:1093700000000000000000000000000000000000ED
:1093800000000000000000000000000000000000DD
:1093900000000000000000000000000000000000CD
:1093A000000018C6FFFFFFFF18C600000000000005
:1093B00000008631084208420842EB5A10841084AB
:1093C0001084718C18C618C618C600000000000072
:1093D000000000000000000018C6FFFFFFFF10841F
:1093E0000000000000000000000096B5FFFFFFFF36
:1093F000FFFFFFFFFFFFFFFFFFFFFFFF084200002F
:10940000000000000000000000000000000000005C
:10941000000000000000000000000000000000004C
:10942000000000000000000000000000000000003C
:10943000000000000000000000000000000000002C
:10944000000000000000000000000000000000001C
:10945000000000000000000000000000000000000C
:1094600018C6FFFFFFFF18C6000000000000000044
:1094700000000000000000000000000000000000EC
:10948000000000000000000018C6FFFFFFFFFFFF04
:109490009AD618C6F7BD9EF7FFFFFFFF10840000A5
:1094A00000000000000000008210E7390842084276
:1094B00008421084108410841084042100000000ED
:1094C000000000000000000000000000000000009C
:1094D000000000000000000000000000000000008C
:1094E000000000000000000000000000000000007C
:1094F000000000000000000000000000000000006C
:10950000000000000000000000000000000000005B
:10951000000000000000000000000000000018C66D
:10952000FFFFFFFF18C600000000863186310000F3
:10953000000000000000000000000000000000002B
:1095400000000000000018C6FFFFFFFFFFFFFFFF45
:10955000FFFFFFFFFFFFFFFFFFFF10840000000081
:109560000000000000006529084208428210000047
:1095700000000000000000000000000000000000EB
:1095800000000000000000000000000000000000DB
:1095900000000000000000000000000000000000CB
:1095A00000000000000000000000000000000000BB
:1095B00000000000000000000000000000000000AB
:1095C000000000000000000000000000000000009B
:1095D00000000000000000000000000018C6FFFFAF
:1095E000FFFF18C60000000018C6FFFFFFFFFFFFC7
:1095F000FFFFFFFF18C618C618C618C69294EF7B67
:10960000EF7B108479CEFFFFFFFFFFFFFFFFFFFF1F
:10961000FFFFFFFFFFFFFFFF1084000000000000BE
:109620000000000018C6FFFFFFFFFFFFFFFFFFFF66
:10963000FFFFFFFFFFFF08420000000000000000E6
:10964000000000000000000000000000000000001A
:10965000000000000000000000000000000000000A
:1096600000000000000000000000000000000000FA
:1096700000000000000000000000000000000000EA
:1096800000000000000000000000000000000000DA
:109690000000000000000000000018C6FFFFFFFFF0
:1096A00018C60000000018C6FFFFFFFFFFFFFFFF06
:1096B000FFFFFFFFFFFFFFFFFFFFFFFFFFFFFFFFBA
:1096C000FFFFFFFF9AD618C6FBDEFFFFFFFFFFFF7D
:1096D000FFFFFFFFFFFF10840000000000000000FC
:1096E000000018C6FFFFFFFFFFFFFFFFFFFFFFFFA8
:1096F000FFFFFFFF08420000000000000000000024
:109700000000000000000000000000000000000059
:109710000000000000000000000000000000000049
:109720000000000000000000000000000000000039
:109730000000000000000000000000000000000029
:109740000000000000000000000000000000000019
:10975000000000000000000018C6FFFFFFFF18C651
:1097600000000000F7BDFFFFFFFFFFFFFFFFFFFF4F
:10977000FFFFFFFFFFFFFFFFFFFFFFFFFFFFFFFFF9
:10978000FFFF1CE78631000000000000000082108F
:109790000842084204210000000000000000000010
:1097A0008631E7390842084208420C631084EF7B97
:1097B00010840421000000000000000000000000F0
:1097C0000000000000000000000000000000000099
:1097D0000000000000000000000000000000000089
:1097E0000000000000000000000000000000000079
:1097F0000000000000000000000000000000000069
:109800000000000000000000000000000000000058
:1098100000000000000018C6FFFFFFFF18C6000090
:1098200000000C6318C618C618C6F7BD9EF7FFFFE8
:10983000FFFFFFFFFFFFFFFFFFFFFFFFFFFFFFFF38
:10984000FFFF9EF7863100000000000000000000CE
:109850000000000000000000000000000000000008
:1098600000000000000000000000000000000000F8
:1098700000000000000000000000000000000000E8
:1098800000000000000000000000000000000000D8
:1098900000000000000000000000000000000000C8
:1098A00000000000000000000000000000000000B8
:1098B00000000000000000000000000000000000A8
:1098C0000000000000000000000000000000000098
:1098D0000000000018C6FFFFFFFF18C600000000D0
:1098E0000000000000000000000000000000000078
:1098F00000000421084208428A521CE7FFFFFFFFD4
:10990000FFFF9EF78631000000000000000000000D
:109910000000000000000000000000000000000047
:109920000000000000000000000000000000000037
:109930000000000000000000000000000000000027
:109940000000000000000000000000000000000017
:109950000000000000000000000000000000000007
:1099600000000000000000000000000000000000F7
:1099700000000000000000000000000000000000E7
:1099800000000000000000000000000000000000D7
:10999000000018C6FFFFFFFF18C60000000000000F
:1099A00000000000000000000000000000000000B7
:1099B000000000000000000061089AD6FFFFFFFFD2
:1099C000FFFFFFFF0C63000000000000000000002C
:1099D0000000000000000000000000000000000087
:1099E0000000000000000000000000000000000077
:1099F0000000000000000000000000000000000067
:109A00000000000000000000000000000000000056
:109A10000000000000000000000000000000000046
:109A20000000000000000000000000000000000036
:109A30000000000000000000000000000000000026
:109A40000000000000000000000000000000000016
:109A5000F7BDFFFFFFFF9EF718C696B5EF7B10849A
:109A600010841084084208420842E739821000003E
:109A7000000000000000000082109AD6FFFFFFFFE8
:109A8000FFFFFFFFEB5A0000000000000000000095
:109A900000000000000000000000000000000000C6
:109AA00000000000000000000000000000000000B6
:109AB00000000000000000000000000000000000A6
:109AC0000000000000000000000000000000000096
:109AD0000000000000000000000000000000000086
:109AE0000000000000000000000000000000000076
:109AF0000000000000000000000000000000000066
:109B0000000000000000000000000000000018C677
:109B1000FFFFFFFFFFFFFFFFFFFFFFFFFFFFFFFF55
:109B2000FFFFFFFFFFFFFFFFFFFFFFFFFFFFFFFF45
:109B3000FFFFFBDE18C600008210F7BDFFFFFFFF2E
:109B4000FFFFFFFF8E730000000000000000000018
:109B50000000000000000000000000000000000005
:109B600000000000000000000000000000000000F5
:109B700000000000000000000000000000000000E5
:109B800000000000000000000000000000000000D5
:109B900000000000000000000000000000000000C5
:109BA00000000000000000000000000000000000B5
:109BB00000000000000000000000000000000000A5
:109BC00000000000000000000000000018C6FFFFB9
:109BD000FFFFFFFFFFFFFFFFFFFFFFFFFFFFFFFF95
:109BE000FFFFFFFFFFFFFFFFFFFFFFFFFFFFFFFF85
:109BF000FFFFFFFF000000000000F39CFFFFFFFFDE
:109C0000FFFFFFFF14A5000000000000000000009F
:109C100000000000610800000000000000000000DB
:109C20000000000000000000000000000000000034
:109C30000000000000000000000000000000000024
:109C40000000000000000000000000000000000014
:109C50000000000000000000000000000000000004
:109C600000000000000000000000000000000000F4
:109C700000000000000000000000000000000000E4
:109C800000000000000000000000F39CFFFFFFFF49
:109C9000FFFFFFFFFFFFFFFFFFFFFFFFFFFFFFFFD4
:109CA000FFFFFFFFFFFFFFFFFFFFFFFFFFFFFFFFC4
:109CB000FFFF0000000000000000F39CFFFFFFFF1B
:109CC000FFFFFFFF14A500000000000000000000DF
:109CD000000018C66D6B00000000000000000000CE
:109CE00082109294E739000000000000000000009C
:109CF0000000000000000000000000000000000064
:109D00000000000000000000000000000000000053
:109D10000000000000000000000000000000000043
:109D20000000000000000000000000000000000033
:109D30000000000000000000000000000000000023
:109D40000000000000000000000000000000000013
:109D5000000008420842E73908428E7310841084DC
:109D6000108414A518C618C618C61CE7FFFFFFFF0D
:109D70000000000000000000000014A5FFFFFFFF2E
:109D8000FFFFFFFF718C00000000000000000000DA
:109D9000F7BDFFFF18C661080000000008421CE77D
:109DA000FFFF08420000000000000000000000006B
:109DB00000000000000000000000000000000000A3
:109DC0000000000000000000000000000000000093
:109DD0000000000000000000000000000000000083
:109DE0000000000000000000000000000000000073
:109DF0000000000000000000000000000000000063
:109E0000000000000000E739108410841084000076
:109E10000000000000000000000000000000000042
:109E20000000000000000000000000000000000032
:109E3000000000000000000000000C63FFFFFFFFB7
:109E40009EF78631000000000000000000008E73C5
:109E5000FFFFFFFF9EF70C6396B5FFFFFFFFFFFFBD
:109E6000863100000000000000000000000000003B
:109E700000000000000000000000000000000000E2
:109E800000000000000000000000000000000000D2
:109E900000000000000000000000000000000000C2
:109EA00000000000000000000000000000000000B2
:109EB00000000000000000000000000000000000A2
:109EC000000000001084FFFFFFFFFFFF0000000004
:109ED0000000000000000000000000000000000082
:109EE0000000000000000000000000000000000072
:109EF0000000000000008210084214A59EF7863181
:109F00000000000000000000000000000000084207
:109F10009EF7FFFFFFFFFFFFFFFF18C604210000B1
:109F20000000000000000000000000000000000031
:109F30000000000000000000000000000000000021
:109F40000000000000000000000000000000000011
:109F50000000000000000000000000000000000001
:109F600000000000000000000000000000000000F1
:109F700000000000000000000000000000000000E1
:109F800000001084FFFFFFFFFFFF00000000000043
:109F900000000000000000000000000018C6FFFFE5
:109FA000FFFF10840000000000000000000000001F
:109FB00000000000EF7BFFFFFFFF9EF700000000A6
:109FC000000000000000000000000000042118C68E
:109FD000FFFFFFFFFFFF9EF786310000000000003B
:109FE0000000000000000000000000000000000071
:109FF0000000000000000000000000000000000061
:10A000000000000000000000000000000000000050
:10A010000000000000000000000000000000000040
:10A020000000000000000000000000000000000030
:10A030000000000000000000000000000000000020
:10A040001084FFFFFFFFFFFF000000000000000082
:10A050000000000000000000000018C6FFFFFFFF26
:10A06000EF7B000000000000000000000000000086
:10A0700000000C63FFFFFFFFFFFF00000000000077
:10A0800000000000000000008E739EF7FFFFFFFF3E
:10A0900018C69EF7FFFF9EF78E73000000000000B9
:10A0A00000000000000000000000000000000000B0
:10A0B00000000000000000000000000000000000A0
:10A0C0000000000000000000000000000000000090
:10A0D0000000000000000000000000000000000080
:10A0E0000000000000000000000000000000000070
:10A0F00000000000000000000000000000001084CC
:10A10000FFFFFFFFFFFF08420842E73900000000A1
:10A11000000000000000000018C6FFFFFFFF1084D1
:10A12000000000000000000000000000000000002F
:10A130000842FFFFFFFFFFFF084200000000000091
:10A1400000000000000018C6FFFF1CE78A52000054
:10A15000863179CEFFFFFFFF0842000000000000BB
:10A1600000000000000000000000000000000000EF
:10A1700000000000000000000000000000000000DF
:10A1800000000000000000000000000000000000CF
:10A1900000000000000000000000000000000000BF
:10A1A00000000000000000000000000000000000AF
:10A1B0000000000000000000000000001084FFFF0D
:10A1C000FFFFFFFFFFFFFFFFFFFFFFFFFFFFFFFF9F
:10A1D000FFFF9AD618C69EF7FFFFFFFF18C6EF7B5A
:10A1E00010840C630842084208428631000061086E
:10A1F000FFFFFFFFFFFF084200000000000000001B
:10A200000000000018C692948210000000000000B8
:10A2100000009294FFFFE7390000000000000000FA
:10A22000000000000000000000000000000000002E
:10A23000000000000000000000000000000000001E
:10A24000000000000000000000000000000000000E
:10A2500000000000000000000000000000000000FE
:10A2600000000000000000000000000000000000EE
:10A27000000000000000000000001084FFFFFFFF4E
:10A28000FFFFFFFFFFFFFFFFFFFFFFFFFFFFFFFFDE
:10A29000FFFFFFFFFFFFFFFFFFFFFFFFFFFFFFFFCE
:10A2A000FFFFFFFFFFFFFFFFFFFFFFFFFFFFFFFFBE
:10A2B000FFFFFFFF1084000000000000000000000E
:10A2C0000000042100000000000000000000000069
:10A2D000000008428631000000000000000000007D
:10A2E000000000000000000000000000000000006E
:10A2F000000000000000000000000000000000005E
:10A30000000000000000000000000000000000004D
:10A31000000000000000000000000000000000003D
:10A32000000000000000000000000000000000002D
:10A3300000000000000000001084FFFFFFFFFFFF8F
:10A34000FFFFFFFFFFFFFFFFFFFFFFFFFFFFFFFF1D
:10A35000FFFFFFFFFFFFFFFFFFFFFFFFFFFFFFFF0D
:10A36000FFFFFFFFFFFFFFFFFFFFFFFFFFFFFFFFFD
:10A37000FFFF9294000000000000000000000000B9
:10A38000821000000000000000000000000000003B
:10A3900000000000000000000000000000000000BD
:10A3A00000000000000000000000000000000000AD
:10A3B000000000000000000000000000000000009D
:10A3C000000000000000000000000000000000008D
:10A3D000000000000000000000000000000000007D
:10A3E000000000000000000000000000000000006D
:10A3F0000000000000001084FFFFFFFFFFFF10843B
:10A40000EF7B96B518C618C618C61CE7FFFFFFFFFE
:10A41000FFFFFFFFFFFFFFFFFFFFFFFFFFFFFFFF4C
:10A42000FFFFFFFFFFFFFFFFFFFFFFFFFFFFFFFF3C
:10A4300018C600000000000000000000000018C660
:10A44000FFFFFFFFFFFFFFFFFFFF1CE718C6F7BD81
:10A450008631000000000000000000000000000045
:10A4600000000000000000000000000000000000EC
:10A4700000000000000000000000000000000000DC
:10A4800000000000000000000000000000000000CC
:10A4900000000000000000000000000000000000BC
:10A4A00000000000000000000000000000000000AC
:10A4B000000000001084FFFFFFFFFFFF000000000E
:10A4C000000000000000000000000000000018C6AE
:10A4D000FFFFFFFF14A508428A52108410841084E5
:10A4E000108418C618C618C61CE7FFFFFFFF1CE73C
:10A4F00000000000000000000000000018C6FFFF80
:10A50000FFFFFFFFFFFFFFFFFFFFFFFFFFFF08420F
:10A51000000000000000000000000000000000003B
:10A52000000000000000000000000000000000002B
:10A53000000000000000000000000000000000001B
:10A54000000000000000000000000000000000000B
:10A5500000000000000000000000000000000000FB
:10A5600000000000000000000000000000000000EB
:10A5700000001084FFFFFFFFFFFF0000000000004D
:10A5800000000000000000000000000018C6FFFFEF
:10A59000FFFF108400000000000000000000000029
:10A5A0000000000000008E73FFFFFFFFFFFF0000B0
:10A5B00000000000000000000000863108428A52BE
:10A5C000108410841084108410841084863100005C
:10A5D000000000000000000000000000000000007B
:10A5E000000000000000000000000000000000006B
:10A5F000000000000000000000000000000000005B
:10A60000000000000000000000000000000000004A
:10A61000000000000000000000000000000000003A
:10A62000000000000000000000000000000000002A
:10A630001084FFFFFFFFFFFF00000000000000008C
:10A640000000000000000000000018C6FFFFFFFF30
:10A65000EF7B000000000000000000000000000090
:10A66000000000000842FFFFFFFFFFFF86310000EF
:10A6700000000000000000000000000000000000DA
:10A6800000000000000000000000000000000000CA
:10A6900000000000000000000000000000000000BA
:10A6A00000000000000000000000000000000000AA
:10A6B000000000000000000000000000000000009A
:10A6C000000000000000000000000000000000008A
:10A6D000000000000000000000000000000000007A
:10A6E0000000000000000000000000000000084220
:10A6F000108414A5F7BD0000000000000000000059
:10A7000000000000000000000C63108414A50C631E
:10A710000000000000000000000000000000000039
:10A7200000000421FFFFFFFFFFFF084200000000C0
:10A7300000000000000096B5FFFFFFFFFFFF9EF73F
:10A740000C630000821010846529000000000000E6
:10A7500000000000000000000000000000000000F9
:10A7600000000000000000000000000000000000E9
:10A7700000000000000000000000000000000000D9
:10A7800000000000000000000000000000000000C9
:10A7900000000000000000000000000000000000B9
:10A7A00000000000000000000000000000000000A9
:10A7B0000000000000000000000000000000000099
:10A7C0000000000000000000000000000000000089
:10A7D0000000000000000000000000000000000079
:10A7E0000000FFFFFFFFFFFF0C6300000000000000
:10A7F0000000000018C6FFFFFFFFFFFFFFFF9AD613
:10A8000010849EF7FFFF08420000000000000000D7
:10A810000000000000000000000000000000000038
:10A820000000000000000000000000000000000028
:10A830000000000000000000000000000000000018
:10A840000000000000000000000000000000000008
:10A8500000000000000000000000000000000000F8
:10A8600000000000000000000000000000000000E8
:10A8700000000000000000000000000000000000D8
:10A8800000000000000000000000000000000000C8
:10A8900000000000000000000000000000000000B8
:10A8A00000000000000000000000000000000000A8
:10A8B0000000F7BD14A50842108418C6FFFFFFFF73
:10A8C000FFFF9EF765290000000000000000000067
:10A8D0000000000000000000000000000000000078
:10A8E0000000000000000000000000000000000068
:10A8F0000000000000000000000000000000000058
:10A900000000000000000000000000000000000047
:10A910000000000000000000000000000000000037
:10A920000000000000000000000000000000000027
:10A930000000000000000000000000000000000017
:10A940000000000000000000000000000000000007
:10A9500000000000000000000000000000000000F7
:10A9600000000000000000000000000000000000E7
:10A9700018C6EF7B000000001084FFFF9EF7EF7BFE
:10A980008210000000000000000000000000000035
:10A9900000000000000000000000000000000000B7
:10A9A00000000000000000000000000000000000A7
:10A9B0000000000000000000000000000000000097
:10A9C0000000000000000000000000000000000087
:10A9D0000000000000000000000000000000000077
:10A9E0000000000000000000000000000000000067
:10A9F0000000000000000000000000000000000057
:10AA00000000000000000000000000000000000046
:10AA10000000000000000000000000000000000036
:10AA2000000000000000000000000000000018C648
:10AA300010840000000010849AD661080000000015
:10AA40000000000000000000000000000000000006
:10AA500000000000000000000000000000000000F6
:10AA600000000000000000000000000000000000E6
:10AA700000000000000000000000000000000000D6
:10AA800000000000000000000000000000000000C6
:10AA900000000000000000000000000000000000B6
:10AAA00000000000000000000000000000000000A6
:10AAB0000000000000000000000000000000000096
:10AAC0000000000000000000000000000000000086
:10AAD0000000000000000000000000000000000076
:10AAE00000000000000000000000000018C618C6AA
:10AAF0001084108418C69AD6084208420842821070
:10AB00000000000000000000000000000000000045
:10AB10000000000000000000000000000000000035
:10AB20000000000000000000000000000000000025
:10AB30000000000000000000000000000000000015
:10AB40000000000000000000000000000000000005
:10AB500000000000000000000000000000000000F5
:10AB600000000000000000000000000000000000E5
:10AB700000000000000000000000000000000000D5
:10AB800000000000000000000000000000000000C5
:10AB900000000000000000000000000000000000B5
:10ABA0000000000000000000000018C6FFFFFFFFCB
:10ABB000FFFFFFFFFFFFFFFFFFFFFFFF0842000057
:10ABC0000000000000000000000000000000000085
:10ABD0000000000000000000000000000000000075
:10ABE0000000000000000000000000000000000065
:10ABF0000000000000000000000000000000000055
:10AC00000000000000000000000000000000000044
:10AC10000000000000000000000000000000000034
:10AC20000000000000000000000000000000000024
:10AC3000000000000000000000008631E7390842F3
:10AC400086310000000000000C6386310000000027
:10AC5000000000000000718C18C6F7BD0C630000F6
:10AC60000000000000000000EB5A9EF7FFFFFFFF0E
:10AC7000FFFFFFFFFFFFFFFFFFFF08420000000094
:10AC800000000000000000000000000000000000C4
:10AC900000000000000000000000000000000000B4
:10ACA00000000000000000000000000000000000A4
:10ACB0000000000000000000000000000000000094
:10ACC0000000000000000000000000000000000084
:10ACD0000000000000000000000000000C63108471
:10ACE00010840C630842E7390842863100000000F6
:10ACF0000C6318C618C60C6318C6FFFFFFFF18C602
:10AD000082100C631CE7FFFF14A500000C63108485
:10AD10001084042118C6FFFFFFFF1084000000000C
:10AD20000000000000000000000000000000000023
:10AD30000000000004210842821000000000000012
:10AD40000000000000000000000000000000000003
:10AD500000000000000000000000000000000000F3
:10AD600000000000000000000000000000000000E3
:10AD700000000000000000000000000000000000D3
:10AD800000000000000000000000000000000000C3
:10AD90000000000000000000000018C6FFFFFFFFD9
:10ADA000FFFFFFFFFFFFFFFFFFFFFFFF1084EF7BB1
:10ADB000FFFFFFFF108418C6FFFFFFFF1CE77DEFBA
:10ADC000FFFFFFFFFFFF9EF7000018C6FFFFFFFF1A
:10ADD000E73918C6FFFFFFFF1084000000000000E5
:10ADE000000000000C6308420000000000000000AA
:10ADF0000000000000000000000000000000000053
:10AE00000000000000000000000000000000000042
:10AE10000000000000000000000000000000000032
:10AE20000000000000000000000000000000000022
:10AE30000000000000000000000000000000000012
:10AE40000000000000000000000000000000000002
:10AE5000000000000000000018C6FFFFFFFFFFFF1A
:10AE6000FFFFFFFFFFFFFFFFFFFF10841084FFFFC6
:10AE7000FFFF108418C6FFFFFFFFF7BD1CE7FFFFB1
:10AE8000FFFFFFFFFFFF8A5218C6FFFFFFFF0842C8
:10AE900018C6FFFFFFFF1084000000000000000044
:10AEA000000018C610840000000000000000000030
:10AEB0000000000000000000000000000000000092
:10AEC0000000000000000000000000000000000082
:10AED0000000000000000000000000000000000072
:10AEE0000000000000000000000000000000000062
:10AEF0000000000000000000000000000000000052
:10AF00000000000000000000000000000000000041
:10AF100000000000000018C6FFFFFFFFFFFFFFFF5B
:10AF2000FFFFFFFFFFFFFFFFEF7B1084FFFFFFFF2F
:10AF3000EF7B18C6FFFFFFFF18C6718CFFFFFFFFF6
:10AF4000FFFF14A5042118C6FFFFFFFFE73918C64D
:10AF5000FFFFFFFF10840000000000000000000061
:10AF600018C610840000000000000000000000006F
:10AF700000000000000000000000000000000000D1
:10AF800000000000000000000000000000000000C1
:10AF900000000000000000000000000000000000B1
:10AFA00000000000000000000000000000000000A1
:10AFB0000000000000000000000000000000000091
:10AFC0000000000000000000000000000000000081
:10AFD0000000000018C6FFFFFFFF14A510841084B6
:10AFE00014A5FFFFFFFF10841084FFFFFFFF1084F4
:10AFF00018C6FFFFFFFF18C68631FFFF14A5E31830
:10B0000000000000F7BDFFFFFFFF084218C6FFFF6A
:10B01000FFFF108400000000000000000000F7BDEA
:10B020001CE718C618C618C6EF7B1084108410845D
:10B0300004210000000000000000000000000000EB
:10B040000000000000000000000000000000000000
:10B0500000000000000000000000000000000000F0
:10B0600000000000000000000000000000000000E0
:10B0700000000000000000000000000000000000D0
:10B0800000000000000000000000000000000000C0
:10B09000000018C6FFFFFFFF8A520421000008428B
:10B0A000FFFFFFFF10841084FFFFFFFF108418C60E
:10B0B000FFFFFFFF18C60000042100000000000091
:10B0C000000018C6FFFFFFFF084218C6FFFFFFFF82
:10B0D00010840000000000000000000018C6FFFF00
:10B0E000FFFFFFFFFFFFFFFFFFFFFFFFFFFF084224
:10B0F0000000000000000000000000000000000050
:10B10000000000000000000000000000000000003F
:10B11000000000000000000000000000000000002F
:10B12000000000000000000000000000000000001F
:10B13000000000000000000000000000000000000F
:10B1400000000000000000000000000000000000FF
:10B1500018C6FFFFFFFF14A5FFFF92948A52FFFF5E
:10B16000FFFF10841084FFFFFFFF108418C6FFFF4D
:10B17000FFFF18C6000000000000000000000000F3
:10B1800018C6FFFFFFFF084218C6FFFFFFFF10842D
:10B190000000000000000000000018C61CE718C6F0
:10B1A00018C618C618C618C69EF7FFFF084200004A
:10B1B000000000000000000000000000000000008F
:10B1C000000000000000000000000000000000007F
:10B1D000000000000000000000000000000000006F
:10B1E000000000000000000000000000000000005F
:10B1F000000000000000000000000000000000004F
:10B200000000000000000000000000000000F7BD8A
:10B21000FFFFFFFF9EF7FFFFFFFFFFFFFFFFFFFFA7
:10B2200010841084FFFFFFFF108418C6FFFFFFFF8C
:10B2300018C600000000000000000000000018C652
:10B24000FFFFFFFF084218C6FFFFFFFF108400004A
:10B25000000000000000000018C61084000000007C
:10B2600000000000000000000000000000000000DE
:10B2700000000000000000000000000000000000CE
:10B2800000000000000000000000000000000000BE
:10B2900000000000000000000000000000000000AE
:10B2A000000000000000000000000000000000009E
:10B2B000000000000000000000000000000000008E
:10B2C00000000000000000000000000018C6FFFFA2
:10B2D000FFFFFFFFFFFFFFFF1CE7FFFFFFFF1084E3
:10B2E0001084FFFFFFFF108418C6FFFFFFFF18C682
:10B2F00086310842E73986310000000018C6FFFF9A
:10B30000FFFF084218C6FFFFFFFF10840000000087
:10B31000000000000000F7BD1084000000000000E5
:10B32000000000000000000000000000000000001D
:10B33000000000000000000000000000000000000D
:10B3400000000000000000000000000000000000FD
:10B3500000000000000000000000000000000000ED
:10B3600000000000000000000000000000000000DD
:10B3700000000000000000000000000000000000CD
:10B380000000000000000000000018C6FFFFFFFFE3
:10B390008A5214A5FFFF718CFFFFFFFFEF7B108423
:10B3A000FFFFFFFF108418C6FFFFFFFF18C618C677
:10B3B000FFFFFFFFFFFF18C6000018C6FFFFFFFFDB
:10B3C000084218C6FFFFFFFF1084000000000000C5
:10B3D000000000008A520842000000000000000047
:10B3E000000000000000000000000000000000005D
:10B3F000000000000000000000000000000000004D
:10B40000000000000000000000000000000000003C
:10B41000000000000000000000000000000000002C
:10B42000000000000000000000000000000000001C
:10B43000000000000000000000000000000000000C
:10B44000000000000000000018C6FFFFFFFF0842D8
:10B45000000004210842FFFFFFFF1084EF7BFFFF85
:10B46000FFFF108418C6FFFFFFFF18C618C6FFFFB6
:10B47000FFFFFFFF18C6000018C6FFFFFFFF0842CE
:10B48000F7BDFFFFFFFF1084000000000000000078
:10B4900000000000000000000000000000000000AC
:10B4A000000000000000000000000000000000009C
:10B4B000000000000000000000000000000000008C
:10B4C000000000000000000000000000000000007C
:10B4D000000000000000000000000000000000006C
:10B4E000000000000000000000000000000000005C
:10B4F000000000000000000000000000000000004C
:10B5000000000000000018C6FFFFFFFF0842000017
:10B5100000000842FFFFFFFF10841084FFFFFFFFC1
:10B52000108418C6FFFFFFFF18C618C6FFFFFFFFF5
:10B53000FFFF18C6000018C6FFFFFFFFE73918C657
:10B54000FFFFFFFF1084000000000000000000006B
:10B5500000000000000000000000000008428E73A0
:10B56000718C863100000000000000000000000027
:10B5700000000000000000000000000000000000CB
:10B5800000000000000000000000000000000000BB
:10B5900000000000000000000000000000000000AB
:10B5A000000000000000000000000000000000009B
:10B5B000000000000000000000000000000000008B
:10B5C0000000000018C6FFFFFFFF9AD6F7BD14A5C4
:10B5D000F39CFFFFFFFF96B514A5FFFFFFFF14A527
:10B5E00018C6FFFFFFFF18C60C631084108418C62E
:10B5F0009294000018C6FFFFFFFF084218C6FFFF25
:10B60000FFFF108400000000000000000000821016
:10B610008A52108496B51CE7FFFFFFFFFFFFFFFF74
:10B6200008420000000000000000000000000000D0
:10B63000000000000000000000000000000000000A
:10B6400000000000000000000000000000000000FA
:10B6500000000000000000000000000000000000EA
:10B6600000000000000000000000000000000000DA
:10B6700000000000000000000000000000000000CA
:10B68000000018C6FFFFFFFFFFFFFFFFFFFFFFFFE8
:10B69000FFFFFFFFFFFFFFFFFFFFFFFFFFFFFFFFBA
:10B6A000FFFFFFFF18C60000000000000000863109
:10B6B00018C69EF7FFFFFFFF14A51CE7FFFFFFFF63
:10B6C00010840000000000000000000018C6FFFF0A
:10B6D000FFFFFFFFFFFFFFFFFFFFFFFF9AD686314F
:10B6E000000000000000000000000000000000005A
:10B6F000000000000000000000000000000000004A
:10B700000000000000000000000000000000000039
:10B710000000000000000000000000000000000029
:10B720000000000000000000000000000000000019
:10B730000000000000000000000000000000000009
:10B7400018C6FFFFFFFFFFFFFFFFFFFFFFFFFFFF29
:10B75000FFFFFFFFFFFFFFFFFFFFFFFFFFFFFFFFF9
:10B76000FFFF18C60000000000000000E739FFFFDF
:10B77000FFFFFFFFFFFFFFFFFFFFFFFFFFFF108443
:10B7800000000000000000000000F7BDFFFF1CE704
:10B7900018C618C69AD686310000000000000000C6
:10B7A0000000000000000000000000000000000099
:10B7B0000000000000000000000000000000000089
:10B7C0000000000000000000000000000000000079
:10B7D0000000000000000000000000000000000069
:10B7E0000000000000000000000000000000000059
:10B7F000000000000000000000000000000018C66B
:10B80000FFFFFFFFFFFFFFFFFFFFFFFFFFFFFFFF48
:10B81000FFFFFFFFFFFFFFFFFFFFFFFFFFFFFFFF38
:10B8200018C600000000000000000842FFFFFFFFF4
:10B83000FFFFFFFFFFFFFFFFFFFFFFFF1084000080
:10B84000000000000000000018C610840000000086
:10B85000108418C600000000000000000000000076
:10B8600000000000000000000000000000000000D8
:10B8700000000000000000000000000000000000C8
:10B8800000000000000000000000000000000000B8
:10B8900000000000000000000000000000000000A8
:10B8A0000000000000000000000000000000000098
:10B8B000000000000000000000000000F7BDFFFFD6
:10B8C000FFFF0842821008426D6BFFFFFFFF18C6A2
:10B8D00018C6FFFFFFFF1CE79EF7FFFFFFFF18C61C
:10B8E0000000000000000000E739FFFFFFFFFFFF3E
:10B8F000FFFFFFFFFFFFFFFFFFFF108400000000BE
:10B9000000000000000018C618C68A528210108479
:10B9100018C6000000000000000000000000000049
:10B920000000000000000000000000000000000017
:10B930000000000000000000000000000000000007
:10B9400000000000000000000000000000000000F7
:10B9500000000000000000000000000000000000E7
:10B9600000000000000000000000000000000000D7
:10B970000000000000000000000018C6FFFFFFFFED
:10B980000842000082100842FFFFFFFF108410846D
:10B99000FFFFFFFFEF7B18C6FFFFFFFF18C618C6AB
:10B9A000FFFF7DEF18C69294000018C6FFFFFFFF4F
:10B9B0008E739AD6FFFFFFFF108400000000000086
:10B9C0000000000018C6FFFFFFFFFFFF9EF71CE707
:10B9D000084200000000000000000000000000001D
:10B9E0000000000000000000000000000000000057
:10B9F0000000000000000000000000000000000047
:10BA00000000000000000000000000000000000036
:10BA10000000000000000000000000000000000026
:10BA20000000000000000000000000000000000016
:10BA3000000000000000000018C6FFFFFFFF8E732B
:10BA400014A5FFFF6D6BFFFFFFFF10841084FFFF45
:10BA5000FFFF108418C6FFFFFFFF18C618C6FFFFC0
:10BA6000FFFFFFFFF7BD000018C6FFFFFFFFE7392C
:10BA7000F7BDFFFFFFFF1084000000000000000082
:10BA800000000C631CE7FFFFFFFFFFFFFFFFFFFF4E
:10BA9000FFFF18C6042100000000000000000000A5
:10BAA0000000000000000000000000000000000096
:10BAB0000000000000000000000000000000000086
:10BAC0000000000000000000000000000000000076
:10BAD0000000000000000000000000000000000066
:10BAE0000000000000000000000000000000000056
:10BAF00000000000000018C6FFFFFFFFFFFFFFFF70
:10BB0000FFFF9AD6FFFFFFFF10841084FFFFFFFFA7
:10BB1000108418C6FFFFFFFF18C618C6FFFFFFFFFF
:10BB2000FFFF18C6000018C6FFFFFFFF084218C637
:10BB3000FFFFFFFF10840000000000000000000075
:10BB40000000000004210C6314A51CE7FFFFFFFFA9
:10BB5000FFFF08420000000000000000000000009D
:10BB600000000000000000000000000000000000D5
:10BB700000000000000000000000000000000000C5
:10BB800000000000000000000000000000000000B5
:10BB900000000000000000000000000000000000A5
:10BBA0000000000000000000000000000000000095
:10BBB0000000000018C6FFFFFFFF1CE7FFFFFFFFAC
:10BBC000FFFFFFFFFFFFEF7B1084FFFFFFFF1084ED
:10BBD00018C6FFFFFFFF18C6929418C6FFFFFFFFAD
:10BBE000F7BD000018C6FFFFFFFFE73918C6FFFFCB
:10BBF000FFFF1084000000000000000000000000B3
:10BC00000000000000000000000086318E7396B531
:10BC1000863100000000000000000000000000006D
:10BC20000000000000000000000000000000000014
:10BC30000000000000000000000000000000000004
:10BC400000000000000000000000000000000000F4
:10BC500000000000000000000000000000000000E4
:10BC600000000000000000000000000000000000D4
:10BC7000000018C6FFFFFFFF9294FFFF14A58E730C
:10BC8000FFFFFFFF1084EF7BFFFFFFFF108418C64C
:10BC9000FFFFFFFF18C600000000000000000000CA
:10BCA0000000F7BDFFFFFFFF084218C6FFFFFFFFC0
:10BCB00010840000000000000000000000000000F0
:10BCC0000000000000000000000000000000000074
:10BCD0000000000000000000000000000000000064
:10BCE0000000000000000000000000000000000054
:10BCF0000000000000000000000000000000000044
:10BD00000000000000000000000000000000000033
:10BD10000000000000000000000000000000000023
:10BD20000000000000000000000000000000000013
:10BD300018C6FFFFFFFFE739821000000842FFFF2F
:10BD4000FFFF10841084FFFFFFFF108418C6FFFF61
:10BD5000FFFF18C600000000000000000000000007
:10BD600018C6FFFFFFFF084218C6FFFFFFFF108441
:10BD70000000000000000000000014A5FFFF1CE709
:10BD800018C618C618C618C618C675AD0421000016
:10BD900000000000000000000000000000000000A3
:10BDA0000000000000000000000000000000000093
:10BDB0000000000000000000000000000000000083
:10BDC0000000000000000000000000000000000073
:10BDD0000000000000000000000000000000000063
:10BDE000000000000000000000000000000018C675
:10BDF000FFFFFFFF0842000000000842FFFFFFFFB7
:10BE000010841084FFFFFFFF108418C6FFFFFFFFA0
:10BE100018C600000000000000000000000018C666
:10BE2000FFFFFFFF084218C6FFFFFFFF108400005E
:10BE3000000000000000000018C6FFFFFFFFFFFF2A
:10BE4000FFFFFFFFFFFFFFFFFFFFE73900000000DC
:10BE500000000000000000000000000000000000E2
:10BE600000000000000000000000000000000000D2
:10BE700000000000000000000000000000000000C2
:10BE800000000000000000000000000000000000B2
:10BE900000000000000000000000000000000000A2
:10BEA00000000000000000000000000018C6FFFFB6
:10BEB000FFFFFFFFFFFFFFFFFFFFFFFFFFFF1084FC
:10BEC0001084FFFFFFFFEF7B18C6FFFFFFFF18C6C0
:10BED00082108A52000000000000000018C6FFFF18
:10BEE000FFFF0842F7BDFFFFFFFF108400000000C6
:10BEF00000000000000018C6FFFFFFFFFFFF18C68C
:10BF000010848E731084108404210000000000004F
:10BF10000000000000000000000000000000000021
:10BF20000000000000000000000000000000000011
:10BF30000000000000000000000000000000000001
:10BF400000000000000000000000000000000000F1
:10BF500000000000000000000000000000000000E1
:10BF60000000000000000000000018C6FFFFFFFFF7
:10BF7000FFFFFFFFFFFFFFFFFFFFFFFF10841084A5
:10BF8000FFFFFFFF108418C6FFFFFFFFF7BD8E7392
:10BF9000FFFF96B504210000000018C6FFFFFFFF59
:10BFA000084218C6FFFFFFFF1084000000000000D9
:10BFB000000000008E739AD6FFFFFFFFFFFFFFFF18
:10BFC0009EF796B58E7382100000000000000000FE
:10BFD0000000000000000000000000000000000061
:10BFE0000000000000000000000000000000000051
:10BFF0000000000000000000000000000000000041
:10C000000000000000000000000000000000000030
:10C010000000000000000000000000000000000020
:10C02000000000000000000018C6FFFFFFFFFFFF38
:10C03000FFFFFFFFFFFFFFFFFFFF10841084FFFFE4
:10C04000FFFF108418C6FFFFFFFF18C69AD6FFFF38
:10C05000FFFF9EF78E73000018C6FFFFFFFF084228
:10C0600018C6FFFFFFFFEF7B00000000000000008C
:10C0700000000000000061080C631CE7FFFFFFFFE9
:10C08000FFFFFFFF0842000000000000000000006A
:10C0900000000000000000000000000000000000A0
:10C0A0000000000000000000000000000000000090
:10C0B0000000000000000000000000000000000080
:10C0C0000000000000000000000000000000000070
:10C0D0000000000000000000000000000000000060
:10C0E0000000000000000C63929418C618C618C621
:10C0F00018C6FFFFFFFFFFFF10841084FFFFFFFF44
:10C10000108418C6FFFFFFFFFBDEFFFFFFFFFFFFEE
:10C11000FFFFFFFF8A5218C6FFFFFFFFE73918C66F
:10C12000FFFFFFFF1084000000000000000000007F
:10C130008A5214A59AD6FFFFFFFFFFFFFFFFFFFF04
:10C14000FFFF86310000000000000000000000003A
:10C1500000000000000000000000000000000000DF
:10C1600000000000000000000000000000000000CF
:10C1700000000000000000000000000000000000BF
:10C1800000000000000000000000000000000000AF
:10C19000000000000000000000000000000000009F
:10C1A000000000000000000000000000000000008F
:10C1B00000000000000000001084FFFFFFFFEF7B85
:10C1C00018C6FFFFFFFF9AD61084FFFFFFFFFFFF97
:10C1D000FFFF821018C6FFFFFFFF084218C6FFFFCF
:10C1E000FFFF108400000000000000000000F7BD09
:10C1F000FFFFFFFFFFFF1CE796B58E7308420000AC
:10C20000000000000000000000000000000000002E
:10C21000000000000000000000000000000000001E
:10C22000000000000000000000000000000000000E
:10C2300000000000000000000000000000000000FE
:10C2400000000000000000000000000000000000EE
:10C2500000000000000000000000000000000000DE
:10C2600000000000000000000000000000000000CE
:10C270000000000000000000000000000421929473
:10C2800018C69EF718C6000086319AD6FFFF14A57F
:10C290000000F7BDFFFFFFFF084218C6FFFFFFFFCA
:10C2A00010840000000000000000000018C6FFFF1E
:10C2B000FFFF9EF718C618C6F7BD18C618C6863108
:10C2C000000000000000000000000000000000006E
:10C2D000000000000000000000000000000000005E
:10C2E000000000000000000000000000000000004E
:10C2F000000000000000000000000000000000003E
:10C30000000000000000000000000000000000002D
:10C31000000000000000000000000000000000001D
:10C32000000000000000000000000000000000000D
:10C3300000000000000000000000000000000000FD
:10C34000000000000000000000008E7308420000A2
:10C35000000082100842821018C6FFFFFFFF108401
:10C360000000000000000000000018C6FFFFFFFFF3
:10C37000FFFFFFFFFFFFFFFFFFFFFFFF084200007F
:10C3800000000000000000000000000000000000AD
:10C39000000000000000000000000000000000009D
:10C3A000000000000000000000000000000000008D
:10C3B000000000000000000000000000000000007D
:10C3C000000000000000000000000000000000006D
:10C3D000000000000000000000000000000000005D
:10C3E000000000000000000000000000000000004D
:10C3F000000000000000000000000000000000003D
:10C40000000000000000000000000000000000002C
:10C4100000000000000092949AD6FFFF10840000F4
:10C420000000000000000000000082100842E73910
:10C430000842084208428A52108404210000000089
:10C4400000000000000000000000000000000000EC
:10C4500000000000000000000000000000000000DC
:10C4600000000000000000000000000000000000CC
:10C4700000000000000000000000000000000000BC
:10C4800000000000000000000000000000000000AC
:10C49000000000000000000000000000000000009C
:10C4A000000000000000000000000000000000008C
:10C4B000000000000000000000000000000000007C
:10C4C000000000000000000000000000000000006C
:10C4D000000000000000000000000000000000005C
:10C4E000000000000000000000000000000000004C
:10C4F000000000000000000000000000000000003C
:10C50000000000000000000000000000000000002B
:10C51000000000000000000000000000000000001B
:10C52000000000000000000000000000000000000B
:10C5300000000000000000000000000000000000FB
:10C5400000000000000000000000000000000000EB
:10C5500000000000000000000000000000000000DB
:10C5600000000000000000000000000000000000CB
:10C5700000000000000000000000000000000000BB
:10C5800000000000000000000000000000000000AB
:10C59000000000000000000000000000000000009B
:10C5A000000000000000000000000000000000008B
:10C5B000000000000000000000000000000000007B
:10C5C000000000000000000000000000000000006B
:10C5D000000000000000000000000000000000005B
:10C5E000000000000000000000000000000000004B
:10C5F000000000000000000000000000000000003B
:10C60000000000000000000000000000000000002A
:10C61000000000000000000000000000000000001A
:10C62000000000000000000000000000000000000A
:10C6300000000000000000000000000000000000FA
:10C6400000000000000000000000000000000000EA
:10C6500000000000000000000000000000000000DA
:10C6600000000000000000000000000000000000CA
:10C6700000000000000000000000000000000000BA
:10C6800000000000000000000000000000000000AA
:10C69000000000000000000000000000000000009A
:10C6A000000000000000000000000000000000008A
:10C6B000000000000000000000000000000000007A
:10C6C000000000000000000000000000000000006A
:10C6D000000000000000000000000000000000005A
:10C6E000000000000000000000000000000000004A
:10C6F000000000000000000000000000000000003A
:10C700000000000000000000000000000000000029
:10C710000000000000000000000000000000000019
:10C720000000000000000000000000000000000009
:10C7300000000000000000000000000000000000F9
:10C7400000000000000000000000000000000000E9
:10C7500000000000000000000000000000000000D9
:10C7600000000000000000000000000000000000C9
:10C7700000000000000000000000000000000000B9
:10C7800000000000000000000000000000000000A9
:10C790000000000000000000000000000000000099
:10C7A0000000000000000000000000000000000089
:10C7B0000000000000000000000000000000000079
:10C7C0000000000000000000000000000000000069
:10C7D0000000000000000000000000000000000059
:10C7E0000000000000000000000000000000000049
:10C7F0000000000000000000000000000000000039
:10C800000000000000000000000000000000000028
:10C810000000000000000000000000000000000018
:10C820000000000000000000000000000000000008
:10C8300000000000000000000000000000000000F8
:10C8400000000000000000000000000000000000E8
:10C8500000000000000000000000000000000000D8
:10C8600000000000000000000000000000000000C8
:10C8700000000000000000000000000000000000B8
:10C8800000000000000000000000000000000000A8
:10C890000000000000000000000000000000000098
:10C8A0000000000000000000000000000000000088
:10C8B0000000000000000000000000000000000078
:10C8C0000000000000000000000000000000000068
:10C8D0000000000000000000000000000000000058
:10C8E0000000000000000000000000000000000048
:10C8F0000000000000000000000000000000000038
:10C900000000000000000000000000000000000027
:10C910000000000000000000000000000000000017
:10C920000000000000000000000000000000000007
:10C9300000000000000000000000000000000000F7
:10C9400000000000000000000000000000000000E7
:10C9500000000000000000000000000000000000D7
:10C9600000000000000000000000000000000000C7
:10C9700000000000000000000000000000000000B7
:10C9800000000000000000000000000000000000A7
:10C990000000000000000000000000000000000097
:10C9A0000000000000000000000000000000000087
:10C9B0000000000000000000000000000000000077
:10C9C0000000000000000000000000000000000067
:10C9D0000000000000000000000000000000000057
:10C9E0000000000000000000000000000000000047
:10C9F0000000000000000000000000000000000037
:10CA00000000000000000000000000000000000026
:10CA10000000000000000000000000000000000016
:10CA20000000000000000000000000000000000006
:10CA300000000000000000000000000000000000F6
:10CA400000000000000000000000000000000000E6
:10CA500000000000000000000000000000000000D6
:10CA600000000000000000000000000000000000C6
:10CA700000000000000000000000000000000000B6
:10CA800000000000000000000000000000000000A6
:10CA90000000000000000000000000000000000096
:10CAA0000000000000000000000000000000000086
:10CAB0000000000000000000000000000000000076
:10CAC0000000000000000000000000000000000066
:10CAD0000000000000000000000000000000000056
:10CAE0000000000000000000000000000000000046
:10CAF0000000000000000000000000000000000036
:10CB00000000000000000000000000000000000025
:10CB10000000000000000000000000000000000015
:10CB20000000000000000000000000000000000005
:10CB300000000000000000000000000000000000F5
:10CB400000000000000000000000000000000000E5
:10CB500000000000000000000000000000000000D5
:10CB600000000000000000000000000000000000C5
:10CB700000000000000000000000000000000000B5
:10CB800000000000000000000000000000000000A5
:10CB90000000000000000000000000000000000095
:10CBA0000000000000000000000000000000000085
:10CBB0000000000000000000000000000000000075
:10CBC0000000000000000000000000000000000065
:10CBD0000000000000000000000000000000000055
:10CBE0000000000000000000000000000000000045
:10CBF0000000000000000000000000000000000035
:10CC00000000000000000000000000000000000024
:10CC10000000000000000000000000000000000014
:10CC20000000000000000000000000000000000004
:10CC300000000000000000000000000000000000F4
:10CC400000000000000000000000000000000000E4
:10CC500000000000000000000000000000000000D4
:10CC600000000000000000000000000000000000C4
:10CC700000000000000000000000000000000000B4
:10CC800000000000000000000000000000000000A4
:10CC90000000000000000000000000000000000094
:10CCA0000000000000000000000000000000000084
:10CCB0000000000000000000000000000000000074
:10CCC0000000000000000000000000000000000064
:10CCD0000000000000000000000000000000000054
:10CCE0000000000000000000000000000000000044
:10CCF00082108A52000000000000000000000000C6
:10CD00000000000000000000000000000000000023
:10CD10000000000000000000000000000000000013
:10CD20000000000000000000000000000000000003
:10CD300000000000000000000000000000000000F3
:10CD400000000000000000000000000000000000E3
:10CD500000000000000000000000000000000000D3
:10CD600000000000000000000000000000000000C3
:10CD700000000000000000000000000000000000B3
:10CD800000000000000000000000000000000000A3
:10CD90000000000000000000000000000000000093
:10CDA000000000000000000000000000000014A5CA
:10CDB000FFFF0C6300000000000000000000000006
:10CDC0000000000000000000000000000000000063
:10CDD0000000000000000000000000000000000053
:10CDE0000000000000000000000000000000000043
:10CDF0000000000000000000000000000000000033
:10CE00000000000000000000000000000000000022
:10CE10000000000000000000000000000000000012
:10CE20000000000000000000000000000000000002
:10CE300000000000000000000000000000000000F2
:10CE400000000000000000000000000000000000E2
:10CE500000000000000000000000000000000000D2
:10CE6000000000000000000000009294FFFFFFFFA0
:10CE70009EF7863100000000000000000000000066
:10CE800000000000000000000000000000000000A2
:10CE90000000000000000000000000000000000092
:10CEA0000000000000000000000000000000000082
:10CEB0000000000000000000000000000000000072
:10CEC0000000000000000000000000000000000062
:10CED0000000000000000000000000000000000052
:10CEE0000000000000000000000000000000000042
:10CEF0000000000000000000000000000000000032
:10CF00000000000000000000000000000000000021
:10CF10000000000000000000000000000000000011
:10CF20000000000000000C63FFFFFFFFFFFFFFFF9A
:10CF30009EF76529000000000000000000000000CE
:10CF400000000000000000000000000000000000E1
:10CF500000000000000000000000000000000000D1
:10CF600000000000000000000000000000000000C1
:10CF700000000000000000000000000000000000B1
:10CF800000000000000000000000000000000000A1
:10CF90000000000000000000000000000000000091
:10CFA0000000000000000000000000000000000081
:10CFB0000000000000000000000000000000000071
:10CFC0000000000000000000000000000000000061
:10CFD0000000000000000000000000000000000051
:10CFE0000000694AFFFFFFFFFFFFFFFFFFFFFFFF9A
:10CFF0009AD682100000000000000000000000002F
:10D000000000000000000000000000000000000020
:10D010000000000000000000000000000000000010
:10D020000000000000000000000000000000000000
:10D0300000000000000000000000000000000000F0
:10D0400000000000000000000000000000000000E0
:10D0500000000000000000000000000000000000D0
:10D0600000000000000000000000000000000000C0
:10D0700000000000000000000000000000000000B0
:10D0800000000000000000000000000000000000A0
:10D090000000000000000000000000000000652902
:10D0A0009EF7FFFFFFFFFFFFFFFFFFFFFFFFFFFFF9
:10D0B0009AD682100000000000000000000000006E
:10D0C0000000000000000000000000000000000060
:10D0D0000000000000000000000000000000000050
:10D0E0000000000000000000000000000000000040
:10D0F0000000000000000000000000000000000030
:10D10000000000000000000000000000000000001F
:10D11000000000000000000000000000000000000F
:10D1200000000000000000000000000000000000FF
:10D1300000000000000000000000000000000000EF
:10D1400000000000000000000000000000000000DF
:10D150000000000000000000000082109EF7FFFFAA
:10D16000FFFFFFFFFFFFFFFFFFFFFFFFFFFFFFFFCF
:10D1700014A50000000000000000000000000000F6
:10D18000000000000000000000000000000000009F
:10D19000000000000000000000000000000000008F
:10D1A000000000000000000000000000000000007F
:10D1B000000000000000000000000000000000006F
:10D1C000000000000000000000000000000000005F
:10D1D000000000000000000000000000000000004F
:10D1E000000000000000000000000000000000003F
:10D1F000000000000000000000000000000000002F
:10D20000000000000000000000000000000000001E
:10D2100000000000000082109AD6FFFFFFFFFFFF12
:10D22000FFFFFFFFFFFFFFFFFFFFFFFFFFFFFFFF0E
:10D2300014A5000000000000000000000000000035
:10D2400000000000000000000000000000000000DE
:10D2500000000000000000000000000000000000CE
:10D2600000000000000000000000000000000000BE
:10D2700000000000000000000000000000000000AE
:10D28000000000000000000000000000000000009E
:10D29000000000000000000000000000000000008E
:10D2A000000000000000000000000000000000007E
:10D2B000000000000000000000000000000000006E
:10D2C000000000000000000000000000000000005E
:10D2D0000000000096B5FFFFFFFFFFFFFFFFFFFF0D
:10D2E000FFFFFFFFFFFFFFFFFFFFFFFFFFFFFFFF4E
:10D2F0000C630000000000000000000000000000BF
:10D30000000000000000000000000000000000001D
:10D31000000000000000000000000000000000000D
:10D3200000000000000000000000000000000000FD
:10D3300000000000000000000000000000000000ED
:10D3400000000000000000000000000000000000DD
:10D3500000000000000000000000000000000000CD
:10D3600000000000000000000000000000000000BD
:10D3700000000000000000000000000000000000AD
:10D38000000000000000000000000000000000009D
:10D3900014A5FFFFFFFFFFFFFFFFFFFFFFFFFFFFE2
:10D3A000FFFFFFFFFFFFFFFFFFFFFFFFFFFFFFFF8D
:10D3B0000C630000000000000000000000000000FE
:10D3C000000000000000000000000000000000005D
:10D3D000000000000000000000000000000000004D
:10D3E000000000000000000000000000000000003D
:10D3F000000000000000000000000000000000002D
:10D40000000000000000000000000000000000001C
:10D41000000000000000000000000000000000000C
:10D4200000000000000000000000000000000000FC
:10D4300000000000000000000000000000000000EC
:10D440000000000000000000000000008E73FFFFDD
:10D45000FFFFFFFFFFFFFFFFFFFFFFFFFFFFFFFFDC
:10D46000FFFFFFFFFFFFFFFFFFFFFFFFFFFF9EF735
:10D4700086310000000000000000000000000000F5
:10D48000000000000000000000000000000000009C
:10D49000000000000000000000000000000000008C
:10D4A000000000000000000000000000000000007C
:10D4B000000000000000000000000000000000006C
:10D4C000000000000000000000000000000000005C
:10D4D000000000000000000000000000000000004C
:10D4E000000000000000000000000000000000003C
:10D4F000000000000000000000000000000000002C
:10D5000000000000000000000C63FFFFFFFFFFFFB2
:10D51000FFFFFFFFFFFFFFFFFFFF1CE714A5FFFF5B
:10D52000FFFFFFFFFFFFFFFFFFFFFFFFFFFF9EF774
:10D530008631000000000000000000000000000034
:10D5400000000000000000000000000000000000DB
:10D5500000000000000000000000000000000000CB
:10D5600000000000000000000000000000000000BB
:10D5700000000000000000000000000000000000AB
:10D58000000000000000000000000000000000009B
:10D59000000000000000000000000000000000008B
:10D5A000000000000000000000000000000000007B
:10D5B000000000000000000000000000000000006B
:10D5C0000000000086319EF7FFFFFFFFFFFFFFFF17
:10D5D000FFFFFFFFFFFFF7BD821000008A529EF79A
:10D5E000FFFFFFFFFFFFFFFFFFFFFFFFFFFF9AD6D9
:10D5F00061080000000000000000000000000000C2
:10D60000000000000000000000000000000000001A
:10D61000000000000000000000000000000000000A
:10D6200000000000000000000000000000000000FA
:10D6300000000000000000000000000000000000EA
:10D6400000000000000000000000000000000000DA
:10D6500000000000000000000000000000000000CA
:10D6600000000000000000000000000000000000BA
:10D6700000000000000000000000000000000000AA
:10D6800004219EF7FFFFFFFFFFFFFFFFFFFFFFFFEC
:10D69000FFFF14A5000000000000000086319AD6AC
:10D6A000FFFFFFFFFFFFFFFFFFFFFFFFFFFF9AD618
:10D6B000000000000000000000000000000000006A
:10D6C000000000000000000000000000000000005A
:10D6D000000000000000000000000000000000004A
:10D6E000000000000000000000000000000000003A
:10D6F000000000000000000000000000000000002A
:10D700000000000000000000000000000000000019
:10D710000000000000000000000000000000000009
:10D7200000000000000000000000000000000000F9
:10D7300000000000000000000000000082109AD6E7
:10D74000FFFFFFFFFFFFFFFFFFFFFFFFFFFF0C6378
:10D75000000000000000000000000000821096B5EC
:10D76000FFFFFFFFFFFFFFFFFFFFFFFFFFFF14A50E
:10D7700000000000000000000000000000000000A9
:10D780000000000000000000000000000000000099
:10D790000000000000000000000000000000000089
:10D7A0000000000000000000000000000000000079
:10D7B0000000000000000000000000000000000069
:10D7C0000000000000000000000000000000000059
:10D7D0000000000000000000000000000000000049
:10D7E0000000000000000000000000000000000039
:10D7F0000000000000000000000018C6FFFFFFFF4F
:10D80000FFFFFFFFFFFFFFFF9EF7863100000000D4
:10D810000000000000000000000000000000EF7B9E
:10D82000FFFFFFFFFFFFFFFFFFFFFFFFFFFF9294E0
:10D8300000000000000000000000000000000000E8
:10D8400000000000000000000000000000000000D8
:10D8500000000000000000000000000000000000C8
:10D8600000000000000000000000000000000000B8
:10D8700000000000000000000000000000000000A8
:10D880000000000000000000000000000000000098
:10D890000000000000000000000000000000000088
:10D8A0000000000000000000000000000000000078
:10D8B00000000000000014A5FFFFFFFFFFFFFFFFB7
:10D8C000FFFFFFFF9AD604210000000000000000C7
:10D8D00000000000000000000000000000000842FE
:10D8E0009EF7FFFFFFFFFFFFFFFFFFFFFFFF0C6340
:10D8F0000000000000000000000000000000000028
:10D900000000000000000000000000000000000017
:10D910000000000000000000000000000000000007
:10D9200000000000000000000000000000000000F7
:10D9300000000000000000000000000000000000E7
:10D9400000000000000000000000000000000000D7
:10D9500000000000000000000000000000000000C7
:10D9600000000000000000000000000000000000B7
:10D9700000001084FFFFFFFFFFFFFFFFFFFFFFFF1F
:10D9800014A582100000000000000000000000004C
:10D99000042100000000000000000000000004213D
:10D9A0009AD6FFFFFFFFFFFFFFFFFFFFFFFF694A60
:10D9B0000000000000000000000000000000000067
:10D9C0000000000000000000000000000000000057
:10D9D0000000000000000000000000000000000047
:10D9E0000000000000000000000000000000000037
:10D9F0000000000000000000000000000000000027
:10DA00000000000000000000000000000000000016
:10DA10000000000000000000000000000000000006
:10DA200000000000000000000000000000000C6387
:10DA3000FFFFFFFFFFFFFFFFFFFFFFFF8E730000F1
:10DA40000000000000000000000000000C639EF7D2
:10DA5000042100000000000000000000000082100F
:10DA600014A5FFFFFFFFFFFFFFFFFFFF9EF78631BB
:10DA700000000000000000000000000000000000A6
:10DA80000000000000000000000000000000000096
:10DA90000000000000000000000000000000000086
:10DAA0000000000000000000000000000000000076
:10DAB0000000000000000000000000000000000066
:10DAC0000000000000000000000000000000000056
:10DAD0000000000000000000000000000000000046
:10DAE000000000000000000000008631FFFFFFFF83
:10DAF000FFFFFFFFFFFF9EF78A52000000000000BB
:10DB000000000000000000008631FFFFFFFF9AD6F2
:10DB10008210000000000000000000000000000073
:10DB20008E73FFFFFFFFFFFFFFFFFFFF9EF7042144
:10DB300000000000000000000000000000000000E5
:10DB400000000000000000000000000000000000D5
:10DB500000000000000000000000000000000000C5
:10DB600000000000000000000000000000000000B5
:10DB700000000000000000000000000000000000A5
:10DB80000000000000000000000000000000000095
:10DB90000000000000000000000000000000000085
:10DBA00000000000000086317DEFFFFFFFFFFFFF58
:10DBB000FFFF79CE86310000000000000000000069
:10DBC0000000000061089EF7FFFFFFFFFFFF14A5A4
:10DBD0000000000000000000000000000000000045
:10DBE00065299EF7FFFFFFFFFFFFFFFF9AD68631F3
:10DBF0000000000000000000000000000000000025
:10DC00000000000000000000000000000000000014
:10DC10000000000000000000000000000000000004
:10DC200000000000000000000000000000000000F4
:10DC300000000000000000000000000000000000E4
:10DC400000000000000000000000000000000000D4
:10DC500000000000000000000000000000000000C4
:10DC6000000008429EF7FFFFFFFFFFFFFFFF18C6FF
:10DC70008210000000000000000000000000000012
:10DC800000009AD6FFFFFFFFFFFFFFFFFFFF8E732D
:10DC90000000000000000000000000000000000084
:10DCA00082109AD6FFFFFFFFFFFFFFFF9EF786312E
:10DCB0000000000000000000000000000000000064
:10DCC0000000000000000000000000000000000054
:10DCD0000000000000000000000000000000000044
:10DCE0000000000000000000000000000000000034
:10DCF0000000000000000000000000000000000024
:10DD00000000000000000000000000000000000013
:10DD100000000000000000000000000000000C6394
:10DD2000FFFFFFFFFFFFFFFFFFFF929400000000D7
:10DD3000000000000000000000000000000014A52A
:10DD4000FFFFFFFFFFFFFFFFFFFFFFFFFFFF084297
:10DD500000000000000000000000000000000000C3
:10DD6000000014A5FFFFFFFFFFFFFFFF7DEF0C6327
:10DD700000000000000000000000000000000000A3
:10DD80000000000000000000000000000000000093
:10DD90000000000000000000000000000000000083
:10DDA0000000000000000000000000000000000073
:10DDB0000000000000000000000000000000000063
:10DDC0000000000000000000000000000000000053
:10DDD000000000000000000000009294FFFFFFFF21
:10DDE000FFFFFFFFFFFF8E73000000000000000038
:10DDF000000000000000000000000C63FFFFFFFFB8
:10DE0000FFFFFFFFFFFFFFFFFFFFFFFF9EF7042164
:10DE10000000000000000000000000000000000002
:10DE2000000014A5FFFFFFFFFFFFFFFFFFFFEB5AFE
:10DE300000000000000000000000000000000000E2
:10DE400000000000000000000000000000000000D2
:10DE500000000000000000000000000000000000C2
:10DE600000000000000000000000000000000000B2
:10DE700000000000000000000000000000000000A2
:10DE80000000000000000000000000000000000092
:10DE900000000000000014A5FFFFFFFFFFFFFFFFD1
:10DEA000FFFF14A5000000000000000000000000BB
:10DEB0000000000000008631FFFFFFFFFFFFFFFFB3
:10DEC000FFFFFFFFFFFFFFFFFFFFFFFF9AD6610885
:10DED0000000000000000000000000000000000042
:10DEE000000079CEFFFFFFFFFFFFFFFFFFFFF39C66
:10DEF0000000000000000000000000000000000022
:10DF00000000000000000000000000000000000011
:10DF10000000000000000000000000000000000001
:10DF200000000000000000000000000000000000F1
:10DF300000000000000000000000000000000000E1
:10DF400000000000000000000000000000000000D1
:10DF5000821079CEFFFFFFFFFFFFFFFFFFFF79CEAB
:10DF6000821000000000000000000000000000001F
:10DF7000000082101CE7FFFFFFFFFFFFFFFFFFFF16
:10DF8000FFFFFFFFFFFFFFFFFFFFFFFF96B5000052
:10DF90000000000000000000000000000000000081
:10DFA00082109EF7FFFFFFFFFFFFFFFFFFFF14A59B
:10DFB00082100000000000000000000000000000CF
:10DFC0000000000000000000000000000000000051
:10DFD0000000000000000000000000000000000041
:10DFE0000000000000000000000000000000000031
:10DFF0000000000000000000000000000000000021
:10E0000000000000000000000000000086319AD6E9
:10E01000FFFFFFFFFFFFFFFFFFFF7DEF821000000C
:10E0200000000000000000000000000000000000F0
:10E03000F7BDFFFFFFFFFFFFFFFFFFFF9EF710840D
:10E04000FFFFFFFFFFFFFFFFFFFFFFFF1084000048
:10E0500000000000000000000000000000000000C0
:10E060008631FFFFFFFFFFFFFFFFFFFFFFFF9AD695
:10E07000821000000000000000000000000000000E
:10E080000000000000000000000000000000000090
:10E090000000000000000000000000000000000080
:10E0A0000000000000000000000000000000000070
:10E0B0000000000000000000000000000000000060
:10E0C000000000000000000086319EF7FFFFFFFF08
:10E0D000FFFFFFFFFFFFFFFF6529000000000000BA
:10E0E0000000000000000000000000009294FFFF0C
:10E0F000FFFFFFFFFFFFFFFF9EF7863100000C636D
:10E10000FFFFFFFFFFFFFFFFFFFFFFFF8A5200003F
:10E1100000000000000000000000000000000000FF
:10E120000C63FFFFFFFFFFFFFFFFFFFFFFFF9AD61C
:10E130008631000000000000000000000000000028
:10E1400000000000000000000000000000000000CF
:10E1500000000000000000000000000000000000BF
:10E1600000000000000000000000000000000000AF
:10E17000000000000000000000000000000000009F
:10E18000000000000C63FFFFFFFFFFFFFFFFFFFF2A
:10E19000FFFFFFFFEB5A000000000000000000003E
:10E1A00000000000000000000C63FFFFFFFFFFFF06
:10E1B000FFFFFFFF9EF78631000000000000EB5AD2
:10E1C000FFFFFFFFFFFFFFFFFFFF9EF7694A000011
:10E1D000000000000000000000000000000000003F
:10E1E000F39CFFFFFFFFFFFFFFFFFFFFFFFF9EF717
:10E1F0008631000000000000000000000000000068
:10E20000000000000000000000000000000000000E
:10E2100000000000000000000000000000000000FE
:10E2200000000000000000000000000000000000EE
:10E2300000000000000000000000000000000000DE
:10E240001084FFFFFFFFFFFFFFFFFFFFFFFFFFFF48
:10E250009294000000000000000000000000000098
:10E2600000000000EB5A9EF7FFFFFFFFFFFFFFFFDC
:10E270009EF76529000000000000000000000C630C
:10E28000FFFFFFFFFFFFFFFFFFFFFFFFEF7B000030
:10E2900000000000000000000000000000008210EC
:10E2A0009AD6FFFFFFFFFFFFFFFFFFFFFFFF9EF775
:10E2B0000C630000000000000000000000000000EF
:10E2C000000000000000000000000000000000004E
:10E2D000000000000000000000000000000000003E
:10E2E000000000000000000000000000000000002E
:10E2F00000000000000000000000000014A5FFFF67
:10E30000FFFFFFFFFFFFFFFFFFFFFFFF18C600003B
:10E3100000000000000000000000000000000000FD
:10E3200014A5FFFFFFFFFFFFFFFFFFFF9EF78631F2
:10E3300000000000000000000000000000000C636E
:10E34000FFFFFFFFFFFFFFFFFFFFFFFF14A56108B7
:10E350000000000000000000000000000000042198
:10E360009EF7FFFFFFFFFFFFFFFFFFFFFFFFFFFF26
:10E370000C6300000000000000000000000000002E
:10E38000000000000000000000000000000000008D
:10E39000000000000000000000000000000000007D
:10E3A000000000000000000000000000000000006D
:10E3B000000000000000821018C6FFFFFFFFFFFFF3
:10E3C000FFFFFFFFFFFFFFFF9AD682100000000053
:10E3D0000000000000000000000082109AD6FFFF3D
:10E3E000FFFFFFFFFFFFFFFF9EF765290000000012
:10E3F00000000000000000000000000000000C63AE
:10E40000FFFFFFFFFFFFFFFFFFFFFFFF9AD6821016
:10E4100000000000000000000000000000000842B2
:10E42000FFFFFFFFFFFFFFFFFFFFFFFFFFFFFFFFFC
:10E4300014A5000000000000000000000000000023
:10E4400000000000000000000000000000000000CC
:10E4500000000000000000000000000000000000BC
:10E4600000000000000000000000000000000000AC
:10E47000000004219AD6FFFFFFFFFFFFFFFFFFFF11
:10E48000FFFFFFFF9EF78631000000000000000044
:10E4900000000000000065299EF7FFFFFFFFFFFF5F
:10E4A000FFFFFFFF9EF78631000000000000000024
:10E4B00000000000000000000000000000000C63ED
:10E4C000FFFFFFFFFFFFFFFFFFFFFFFF9EF786310C
:10E4D00000000000000000000000000000008E733B
:10E4E000FFFFFFFFFFFFFFFFFFFFFFFFFFFFFFFF3C
:10E4F000F39C8210000000000000000000000000FB
:10E50000000000000000000000000000000000000B
:10E5100000000000000000000000000000000000FB
:10E520000000000000000000000000000000863134
:10E530009EF7FFFFFFFFFFFFFFFFFFFFFFFFFFFF54
:10E54000FFFF694A0000000000000000000000001A
:10E5500000008E73FFFFFFFFFFFFFFFFFFFFFFFFC6
:10E560009EF786310000000000000000000000005F
:10E5700000000000000000000000000000000C632C
:10E58000FFFFFFFFFFFFFFFFFFFFFFFF7DEF0C63BC
:10E59000000000000000000000000000000014A5C2
:10E5A000FFFFFFFFFFFFFFFFFFFFFFFFFFFFFFFF7B
:10E5B0009AD6821000000000000000000000000059
:10E5C000000000000000000000000000000000004B
:10E5D000000000000000000000000000000000003B
:10E5E000000000000000000000000C639EF7FFFF29
:10E5F000FFFFFFFFFFFFFFFFFFFFFFFFFFFF6D6B51
:10E60000000000000000000000000000821014A5BF
:10E61000FFFFFFFFFFFFFFFFFFFFFFFF9EF78631BA
:10E6200000000000000000000000000000000000EA
:10E6300000000000000000000000000000000C636B
:10E64000FFFFFFFFFFFFFFFFFFFFFFFFFFFF108444
:10E6500000000000000000000000000082109AD6B8
:10E66000FFFFFFFFFFFFFFFFFFFFFFFFFFFFFFFFBA
:10E670009AD6863100000000000000000000000073
:10E68000000000000000000000000000000000008A
:10E69000000000000000000000000000000000007A
:10E6A0000000000000008E73FFFFFFFFFFFFFFFF71
:10E6B000FFFFFFFFFFFFFFFFFFFF14A500000000AB
:10E6C00000000000000000000000108418C618C6FA
:10E6D00018C618C618C618C69294863100000000E5
:10E6E000000000000000000000000000000000002A
:10E6F00000000000000000000000000000000C63AB
:10E70000FFFFFFFFFFFFFFFFFFFFFFFFFFFF14A55E
:10E7100082100000000000000000000086319EF71B
:10E72000FFFFFFFFFFFFFFFFFFFFFFFFFFFFFFFFF9
:10E730009EF786310000000000000000000000008D
:10E7400000000000000000000000000000000000C9
:10E7500000000000000000000000000000000000B9
:10E76000000014A5FFFFFFFFFFFFFFFFFFFFFFFFFC
:10E77000FFFFFFFFFFFF9AD682100000000000009D
:10E780000000000000000000000000000000000089
:10E790000000000000000000000000000000000079
:10E7A0000000000000000000000000000000000069
:10E7B0000000000000000000000000000000EB5A14
:10E7C000FFFFFFFFFFFFFFFFFFFFFFFFFFFF79CE10
:10E7D0008210000000000000000000008A52FFFFCD
:10E7E000FFFFFFFFFFFFFFFFFFFFFFFFFFFFFFFF39
:10E7F0007DEF0C630000000000000000000000003E
:10E800000000000000000000000000000000000008
:10E81000000000000000000000000000821096B51B
:10E82000FFFFFFFFFFFFFFFFFFFFFFFFFFFFFFFFF8
:10E83000FFFF9EF7610800000000000000000000DC
:10E8400000000000000000000000000000000000C8
:10E8500000000000000000000000000000000000B8
:10E8600000000000000000000000000000000000A8
:10E8700000000000000000000000000000000C6329
:10E88000FFFFFFFFFFFFFFFFFFFFFFFFFFFF9EF701
:10E890006529000000000000000000001084FFFF58
:10E8A000FFFFFFFFFFFFFFFFFFFFFFFFFFFFFFFF78
:10E8B000FFFF0C63000000000000000000000000EB
:10E8C0000000000000000000000000000000000048
:10E8D00000000000000000000000821096B5FFFF5D
:10E8E000FFFFFFFFFFFFFFFFFFFFFFFFFFFFFFFF38
:10E8F0009EF78631000000000000000000000000CC
:10E900000000000000000000000000000000000007
:10E9100000000000000000000000000000000000F7
:10E9200000000000000000000000000000000000E7
:10E9300000000000000000000000000014A5FFFF20
:10E94000FFFFFFFFFFFFFFFFFFFFFFFF9AD68631AC
:10E950000000000000000000000014A5FFFFFFFF02
:10E96000FFFFFFFFFFFFFFFFFFFFFFFFFFFF9EF720
:10E97000084200000000000000000000000000004D
:10E980000000000000000000000000000000000087
:10E99000000000000000000000000000F39CFFFFEA
:10E9A000FFFFFFFFFFFFFFFFFFFFFFFFFFFFFFFF77
:10E9B0009EF7821000000000000000000000000030
:10E9C0000000000000000000000000000000000047
:10E9D0000000000000000000000000000000000037
:10E9E0000000000000000000000000000000000027
:10E9F0000000000000000000F39CFFFFFFFFFFFF8E
:10EA0000FFFFFFFFFFFFFFFF18C68210000000009E
:10EA10000000000000008E73FFFFFFFFFFFFFFFFFD
:10EA2000FFFFFFFFFFFFFFFFFFFF9AD686310000C9
:10EA300000000000000000000000000000000000D6
:10EA400000000000000000000000000000000000C6
:10EA5000000000000000000000000000EB5AFFFF73
:10EA6000FFFFFFFFFFFFFFFFFFFFFFFFFFFFFFFFB6
:10EA700079CE8210000000000000000000000000BD
:10EA80008E7318C618C69EF7FFFFFFFFFFFF9EF7A5
:10EA900086310000000000000000000000000000BF
:10EAA0000000000000000000000000000000000066
:10EAB0000000000014A5FFFFFFFFFFFFFFFFFFFFA7
:10EAC000FFFFFFFF14A50000000000000000000091
:10EAD00000000842FFFFFFFFFFFFFFFFFFFFFFFFF8
:10EAE000FFFFFFFFFFFF18C68210000000000000BC
:10EAF0000000000000000000000000000000000016
:10EB00000000000000000000000000000000000005
:10EB10000000000000000000000000008A529EF784
:10EB2000FFFFFFFFFFFFFFFFFFFFFFFFFFFFFFFFF5
:10EB300014A500000000000000000000000000001C
:10EB40009294FFFFFFFFFFFFFFFFFFFFFFFF9EF716
:10EB500086310000000000000000000000000000FE
:10EB600000000000000000000000000000000000A5
:10EB700014A5FFFFFFFFFFFFFFFFFFFFFFFFFFFFEA
:10EB80000C630000000000000000000000000421F1
:10EB90009EF7FFFFFFFFFFFFFFFFFFFFFFFFFFFFEE
:10EBA000FFFF14A5000000000000000000000000AE
:10EBB0000000000000000000000000000000000055
:10EBC0000000000000000000000000000000000045
:10EBD00000000000000000000000000086319EF7E9
:10EBE000FFFFFFFFFFFFFFFFFFFFFFFFFFFFFFFF35
:10EBF00092940000000000000000000000000000EF
:10EC00008A529EF7FFFFFFFFFFFFFFFFFFFF9EF708
:10EC1000863100000000000000000000000000003D
:10EC200000000000000000000000000014A5FFFF2D
:10EC3000FFFFFFFFFFFFFFFFFFFF7DEF0842000028
:10EC400000000000000000000000821079CEFFFFED
:10EC5000FFFFFFFFFFFFFFFFFFFFFFFFFFFF0C6353
:10EC600000000000000000000000000000000000A4
:10EC70000000000000000000000000000000000094
:10EC80000000000000000000000000000000000084
:10EC900000000000000000000000000082109AD672
:10ECA000FFFFFFFFFFFFFFFFFFFFFFFFFFFFFFFF74
:10ECB0000C630000000000000000000000000000E5
:10ECC00086319AD6FFFFFFFFFFFFFFFFFFFF9EF792
:10ECD000863100000000000000000000000000007D
:10ECE000000000000000000014A5FFFFFFFFFFFF71
:10ECF000FFFFFFFFFFFF9AD6042100000000000085
:10ED0000000000000000000096B5FFFFFFFFFFFFBE
:10ED1000FFFFFFFFFFFFFFFF9EF70842000000001C
:10ED200000000000000000000000000000000000E3
:10ED300000000000000000000000000000000000D3
:10ED400000000000000000000000000000000000C3
:10ED5000000000000000000000000000821096B5D6
:10ED6000FFFFFFFFFFFFFFFFFFFFFFFFFFFFFFFFB3
:10ED70006529000000000000000000000000000005
:10ED8000821096B5FFFFFFFFFFFFFFFFFFFF9EF71B
:10ED900086310000000000000000000000000000BC
:10EDA0000000000014A5FFFFFFFFFFFFFFFFFFFFB4
:10EDB000FFFF96B5610800000000000000000000A1
:10EDC000000000001084FFFFFFFFFFFFFFFFFFFFB9
:10EDD000FFFFFFFF79CE8631000000000000000039
:10EDE0000000000000000000000000000000000023
:10EDF0000000000000000000000000000000000013
:10EE00000000000000000000000000000000000002
:10EE10000000000000000000000000000000F39C63
:10EE2000FFFFFFFFFFFFFFFFFFFFFFFFFFFF9EF75B
:10EE300004210000000000000000000000000000AD
:10EE400000001084FFFFFFFFFFFFFFFFFFFF9EF7A3
:10EE50006529000000000000000000000000000024
:10EE600014A5FFFFFFFFFFFFFFFFFFFFFFFF718CF8
:10EE70000000000000000000000000000000000092
:10EE80008A52FFFFFFFFFFFFFFFFFFFFFFFFFFFFB4
:10EE9000F7BD82100000000000000000000000002C
:10EEA0000000000000000000000000000000000062
:10EEB0000000000000000000000000000000000052
:10EEC0000000000000000000000000000000000042
:10EED0000000000000000000000000000000EB5AED
:10EEE000FFFFFFFFFFFFFFFFFFFFFFFFFFFF9AD6C0
:10EEF0008210000000000000000000000000000080
:10EF0000000008429EF7FFFFFFFFFFFFFFFF9EF795
:10EF100086310000000000000000000014A5FFFF83
:10EF2000FFFFFFFFFFFFFFFFFFFF0C63000000007C
:10EF300000000000000000000000000086319EF785
:10EF4000FFFFFFFFFFFFFFFFFFFFFFFF14A5000014
:10EF500000000000000000000000000000000000B1
:10EF600000000000000000000000000000000000A1
:10EF70000000000000000000000000000000000091
:10EF80000000000000000000000000000000000081
:10EF900000000000000000000000000000008A5295
:10EFA0009EF7FFFFFFFFFFFFFFFFFFFFFFFF18C6FA
:10EFB0000000000000000000000000000000000051
:10EFC00000008A52FFFFFFFFFFFFFFFFFFFF9EF7DA
:10EFD000863100000000000014A5FFFFFFFFFFFFC7
:10EFE000FFFFFFFF7DEF8631000000000000000002
:10EFF000000000000000000061089AD6FFFFFFFF3C
:10F00000FFFFFFFFFFFFFFFF0C6300000000000099
:10F0100000000000000000000000000000000000F0
:10F0200000000000000000000000000000000000E0
:10F0300000000000000000000000000000000000D0
:10F0400000000000000000000000000000000000C0
:10F050000000000000000000000000000000652922
:10F060009EF7FFFFFFFFFFFFFFFFFFFFFFFF14A55E
:10F070000000000000000000000000000000000090
:10F0800000001084FFFFFFFFFFFFFFFFFFFF9EF761
:10F090006529000014A5FFFFFFFFFFFFFFFFFFFF33
:10F0A000FFFF8631000000000000000000000000AB
:10F0B00000000000000096B5FFFFFFFFFFFFFFFF0D
:10F0C000FFFF9EF708420000000000000000000063
:10F0D0000000000000000000000000000000000030
:10F0E0000000000000000000000000000000000020
:10F0F0000000000000000000000000000000000010
:10F1000000000000000000000000000000000000FF
:10F11000000000000000000000000000000082105D
:10F120009AD6FFFFFFFFFFFFFFFFFFFFFFFF0C630C
:10F1300000000000000000000000000000000000CF
:10F14000000096B5FFFFFFFFFFFFFFFFFFFF9EF7E9
:10F1500096B5FFFFFFFFFFFFFFFFFFFFFFFF0C6301
:10F16000000000000000000000000000000000009F
:10F1700000009294FFFFFFFFFFFFFFFFFFFF9AD603
:10F1800086310000000000000000000000000000C8
:10F19000000000000000000000000000000000006F
:10F1A000000000000000000000000000000000005F
:10F1B000000000000000000000000000000000004F
:10F1C000000000000000000000000000000000003F
:10F1D000000000000000000000000000000082109D
:10F1E00096B5FFFFFFFFFFFFFFFFFFFFFFFF084296
:10F1F000000000000000000000000000000000000F
:10F2000082109AD6FFFFFFFFFFFFFFFFFFFFFFFF08
:10F21000FFFFFFFFFFFFFFFFFFFF14A5000000003F
:10F2200000000000000000000000000000000C636F
:10F23000FFFFFFFFFFFFFFFFFFFF18C68210000068
:10F2400000000000000000000000000000000000BE
:10F2500000000000000000000000000000000000AE
:10F26000000000000000000000000000000000009E
:10F27000000000000000000000000000000000008E
:10F28000000000000000000000000000000000007E
:10F29000000000000000000000000000000000006E
:10F2A00014A5FFFFFFFFFFFFFFFFFFFF9EF7863163
:10F2B000000000000000000000000000000000004E
:10F2C00086319EF7FFFFFFFFFFFFFFFFFFFFFFFFFE
:10F2D000FFFFFFFFFFFF9AD60000000000000000C4
:10F2E0000000000000000000000086319EF7FFFFD4
:10F2F000FFFFFFFFFFFFF39C000000000000000085
:10F3000000000000000000000000000000000000FD
:10F3100000000000000000000000000000000000ED
:10F3200000000000000000000000000000000000DD
:10F3300000000000000000000000000000000000CD
:10F3400000000000000000000000000000000000BD
:10F3500000000000000000000000000000000000AD
:10F360000C63FFFFFFFFFFFFFFFFFFFF9EF7652915
:10F37000000000000000000000000000000000008D
:10F380008A52FFFFFFFFFFFFFFFFFFFFFFFFFFFFAF
:10F39000FFFF9EF761080000000000000000000071
:10F3A00000000000000082101CE7FFFFFFFFFFFFCE
:10F3B000FFFF0C63000000000000000000000000E0
:10F3C000000000000000000000000000000000003D
:10F3D000000000000000000000000000000000002D
:10F3E000000000000000000000000000000000001D
:10F3F000000000000000000000000000000000000D
:10F4000000000000000000000000000000000000FC
:10F4100000000000000000000000000000000000EC
:10F420008A529EF7FFFFFFFFFFFFFFFF9EF70C636F
:10F4300000000000000000000000000000000000CC
:10F440001084FFFFFFFFFFFFFFFFFFFFFFFFFFFF36
:10F4500086310000000000000000000000000000F5
:10F46000000086317DEFFFFFFFFFFFFF7DEF0842C9
:10F47000000000000000000000000000000000008C
:10F48000000000000000000000000000000000007C
:10F49000000000000000000000000000000000006C
:10F4A000000000000000000000000000000000005C
:10F4B000000000000000000000000000000000004C
:10F4C000000000000000000000000000000000003C
:10F4D000000000000000000000000000000000002C
:10F4E00086319EF7FFFFFFFFFFFFFFFFFFFF8E73D9
:10F4F000000000000000000000000000000000000C
:10F5000096B5FFFFFFFFFFFFFFFFFFFF0C6300004B
:10F5100000000000000000000000000000000C637C
:10F52000FFFFFFFFFFFFFFFF9AD6863100000000BC
:10F5300000000000000000000000000000000000CB
:10F5400000000000000000000000000000000000BB
:10F5500000000000000000000000000000000000AB
:10F56000000000000000000000000000000000009B
:10F57000000000000000000000000000000000008B
:10F58000000000000000000000000000000000007B
:10F59000000000000000000000000000000000006B
:10F5A0008210FBDEFFFFFFFFFFFFFFFFFFFF14A541
:10F5B00000000000000000000000000000008210B9
:10F5C00079CEFFFFFFFFFFFF9294000000000000D4
:10F5D00000000000000000000000F39CFFFFFFFFA0
:10F5E000FFFFFFFF9EF70421000000000000000065
:10F5F000000000000000000000000000000000000B
:10F6000000000000000000000000000000000000FA
:10F6100000000000000000000000000000000000EA
:10F6200000000000000000000000000000000000DA
:10F6300000000000000000000000000000000000CA
:10F6400000000000000000000000000000000000BA
:10F6500000000000000000000000000000000000AA
:10F6600086319EF7FFFFFFFFFFFFFFFFFFFF9AD6E8
:10F670008210000000000000000000000000863141
:10F680009EF7FFFF18C60000000000000000000009
:10F690000000000082109AD6FFFFFFFFFFFFFFFF70
:10F6A0009EF786310000000000000000000000000E
:10F6B000000000000000000000000000000000004A
:10F6C000000000000000000000000000000000003A
:10F6D000000000000000000000000000000000002A
:10F6E000000000000000000000000000000000001A
:10F6F000000000000000000000000000000000000A
:10F7000000000000000000000000000000000000F9
:10F7100000000000000000000000000000000000E9
:10F720000842FFFFFFFFFFFFFFFFFFFFFFFF9AD62B
:10F7300086310000000000000000000000008A5236
:10F740001CE761080000000000000000000000004D
:10F7500086319EF7FFFFFFFFFFFFFFFFFFFF0C63F8
:10F760000000000000000000000000000000000099
:10F770000000000000000000000000000000000089
:10F780000000000000000000000000000000000079
:10F790000000000000000000000000000000000069
:10F7A0000000000000000000000000000000000059
:10F7B0000000000000000000000000000000000049
:10F7C0000000000000000000000000000000000039
:10F7D0000000000000000000000000000000000029
:10F7E000EB5AFFFFFFFFFFFFFFFFFFFFFFFF9EF74B
:10F7F00086310000000000000000000000008210C0
:10F800000000000000000000000000000C637DEF1D
:10F81000FFFFFFFFFFFFFFFFFFFFEF7B0000000088
:10F8200000000000000000000000000000000000D8
:10F8300000000000000000000000000000000000C8
:10F8400000000000000000000000000000000000B8
:10F8500000000000000000000000000000000000A8
:10F860000000000000000000000000000000000098
:10F870000000000000000000000000000000000088
:10F880000000000000000000000000000000000078
:10F890000000000000000000000000000000000068
:10F8A0009294FFFFFFFFFFFFFFFFFFFFFFFFFFFF40
:10F8B0000C630000000000000000000000000000D9
:10F8C00000000000000000009294FFFFFFFFFFFF18
:10F8D000FFFFFFFFFFFF14A5000000000000000075
:10F8E0000000000000000000000000000000000018
:10F8F0000000000000000000000000000000000008
:10F9000000000000000000000000000000000000F7
:10F9100000000000000000000000000000000000E7
:10F9200000000000000000000000000000000000D7
:10F9300000000000000000000000000000000000C7
:10F9400000000000000000000000000000000000B7
:10F9500000000000000000000000000000000000A7
:10F9600014A5FFFFFFFFFFFFFFFFFFFFFFFFFFFFEC
:10F970009294000000000000000000000000000061
:10F980000000610818C6FFFFFFFFFFFFFFFFFFFF3A
:10F99000FFFF9AD661080000000000000000000090
:10F9A0000000000000000000000000000000000057
:10F9B0000000000000000000000000000000000047
:10F9C0000000000000000000000000000000000037
:10F9D0000000000000000000000000000000000027
:10F9E0000000000000000000000000000000000017
:10F9F0000000000000000000000000000000000007
:10FA000000000000000000000000000000000000F6
:10FA10000000000000000000000000000000821054
:10FA200079CEFFFFFFFFFFFFFFFFFFFFFFFFFFFF9D
:10FA300014A56108000000000000000000008631ED
:10FA40001CE7FFFFFFFFFFFFFFFFFFFFFFFF9EF72A
:10FA5000610800000000000000000000000000003D
:10FA60000000000000000000000000000000000096
:10FA70000000000000000000000000000000000086
:10FA80000000000000000000000000000000000076
:10FA90000000000000000000000000000000000066
:10FAA0000000000000000000000000000000000056
:10FAB0000000000000000000000000000000000046
:10FAC0000000000000000000000000000000000036
:10FAD0000000000000000000000000000000821094
:10FAE000FBDEFFFFFFFFFFFFFFFFFFFFFFFFFFFF4B
:10FAF00079CE82100000000000000C639EF7FFFF2B
:10FB0000FFFFFFFFFFFFFFFFFFFF9EF786310000B3
:10FB100000000000000000000000000000000000E5
:10FB200000000000000000000000000000000000D5
:10FB300000000000000000000000000000000000C5
:10FB400000000000000000000000000000000000B5
:10FB500000000000000000000000000000000000A5
:10FB60000000000000000000000000000000000095
:10FB70000000000000000000000000000000000085
:10FB80000000000000000000000000000000000075
:10FB900000000000000000000000000000008631AE
:10FBA0007DEFFFFFFFFFFFFFFFFFFFFFFFFFFFFFF7
:10FBB0009EF786310000EF7BFFFFFFFFFFFFFFFF97
:10FBC000FFFFFFFFFFFFFFFF0C63000000000000CE
:10FBD0000000000000000000000000000000000025
:10FBE0000000000000000000000000000000000015
:10FBF0000000000000000000000000000000000005
:10FC000000000000000000000000000000000000F4
:10FC100000000000000000000000000000000000E4
:10FC200000000000000000000000000000000000D4
:10FC300000000000000000000000000000000000C4
:10FC400000000000000000000000000000000000B4
:10FC5000000000000000000000000000000008425A
:10FC6000FFFFFFFFFFFFFFFFFFFFFFFFFFFFFFFFA4
:10FC70009EF796B5FFFFFFFFFFFFFFFFFFFFFFFFB0
:10FC8000FFFFFFFF108400000000000000000000E4
:10FC90000000000000000000000000000000000064
:10FCA0000000000000000000000000000000000054
:10FCB0000000000000000000000000000000000044
:10FCC0000000000000000000000000000000000034
:10FCD0000000000000000000000000000000000024
:10FCE0000000000000000000000000000000000014
:10FCF0000000000000000000000000000000000004
:10FD000000000000000000000000000000000000F3
:10FD100000000000000000000000000000000C6374
:10FD2000FFFFFFFFFFFFFFFFFFFFFFFFFFFFFFFFE3
:10FD3000FFFFFFFFFFFFFFFFFFFFFFFFFFFFFFFFD3
:10FD400014A50000000000000000000000000000FA
:10FD500000000000000000000000000000000000A3
:10FD60000000000000000000000000000000000093
:10FD70000000000000000000000000000000000083
:10FD80000000000000000000000000000000000073
:10FD90000000000000000000000000000000000063
:10FDA0000000000000000000000000000000000053
:10FDB0000000000000000000000000000000000043
:10FDC0000000000000000000000000000000000033
:10FDD00000000000000000000000000000009294FD
:10FDE000FFFFFFFFFFFFFFFFFFFFFFFFFFFFFFFF23
:10FDF000FFFFFFFFFFFFFFFFFFFFFFFF79CE821036
:10FE000000000000000000000000000000000000F2
:10FE100000000000000000000000000000000000E2
:10FE200000000000000000000000000000000000D2
:10FE300000000000000000000000000000000000C2
:10FE400000000000000000000000000000000000B2
:10FE500000000000000000000000000000000000A2
:10FE60000000000000000000000000000000000092
:10FE70000000000000000000000000000000000082
:10FE80000000000000000000000000000000000072
:10FE9000000000000000000000000000000014A5A9
:10FEA000FFFFFFFFFFFFFFFFFFFFFFFFFFFFFFFF62
:10FEB000FFFFFFFFFFFFFFFF9EF782100000000023
:10FEC0000000000000000000000000000000000032
:10FED0000000000000000000000000000000000022
:10FEE0000000000000000000000000000000000012
:10FEF0000000000000000000000000000000000002
:10FF000000000000000000000000000000000000F1
:10FF100000000000000000000000000000000000E1
:10FF200000000000000000000000000000000000D1
:10FF300000000000000000000000000000000000C1
:10FF400000000000000000000000000000000000B1
:10FF500000000000000000000000000082109AD69F
:10FF6000FFFFFFFFFFFFFFFFFFFFFFFFFFFFFFFFA1
:10FF7000FFFFFFFF7DEF8631000000000000000062
:10FF80000000000000000000000000000000000071
:10FF90000000000000000000000000000000000061
:10FFA0000000000000000000000000000000000051
:10FFB0000000000000000000000000000000000041
:10FFC0000000000000000000000000000000000031
:10FFD0000000000000000000000000000000000021
:10FFE0000000000000000000000000000000000011
:10FFF0000000000000000000000000000000000001
:020000040801F1
:1000000000000000000000000000000000000000F0
:1000100000000000000000000000000082101CE74B
:10002000FFFFFFFFFFFFFFFFFFFFFFFFFFFFFFFFE0
:10003000FFFF8A52000000000000000000000000E6
:1000400000000000000000000000000000000000B0
:1000500000000000000000000000000000000000A0
:100060000000000000000000000000000000000090
:100070000000000000000000000000000000000080
:100080000000000000000000000000000000000070
:100090000000000000000000000000000000000060
:1000A0000000000000000000000000000000000050
:1000B0000000000000000000000000000000000040
:1000C0000000000000000000000000000000000030
:1000D00000000000000000000000000086319EF7D4
:1000E000FFFFFFFFFFFFFFFFFFFFFFFFFFFF8E731D
:1000F0000000000000000000000000000000000000
:1001000000000000000000000000000000000000EF
:1001100000000000000000000000000000000000DF
:1001200000000000000000000000000000000000CF
:1001300000000000000000000000000000000000BF
:1001400000000000000000000000000000000000AF
:10015000000000000000000000000000000000009F
:10016000000000000000000000000000000000008F
:10017000000000000000000000000000000000007F
:10018000000000000000000000000000000000006F
:100190000000000000000000000000000842FFFF17
:1001A000FFFFFFFFFFFFFFFFFFFF14A500000000A0
:1001B000000000000000000000000000000000003F
:1001C000000000000000000000000000000000002F
:1001D000000000000000000000000000000000001F
:1001E000000000000000000000000000000000000F
:1001F00000000000000000000000000000000000FF
:1002000000000000000000000000000000000000EE
:1002100000000000000000000000000000000000DE
:1002200000000000000000000000000000000000CE
:1002300000000000000000000000000000000000BE
:1002400000000000000000000000000000000000AE
:100250000000000000000000000000000C63FFFF31
:10026000FFFFFFFFFFFF9AD6000000000000000024
:10027000000000000000000000000000000000007E
:10028000000000000000000000000000000000006E
:10029000000000000000000000000000000000005E
:1002A000000000000000000000000000000000004E
:1002B000000000000000000000000000000000003E
:1002C000000000000000000000000000000000002E
:1002D000000000000000000000000000000000001E
:1002E000000000000000000000000000000000000E
:1002F00000000000000000000000000000000000FE
:1003000000000000000000000000000000000000ED
:100310000000000000000000000000009294FFFFB9
:10032000FFFF1CE78210000000000000000000003A
:1003300000000000000000000000000000000000BD
:1003400000000000000000000000000000000000AD
:10035000000000000000000000000000000000009D
:10036000000000000000000000000000000000008D
:10037000000000000000000000000000000000007D
:10038000000000000000000000000000000000006D
:10039000000000000000000000000000000000005D
:1003A000000000000000000000000000000000004D
:1003B000000000000000000000000000000000003D
:1003C000000000000000000000000000000000002D
:1003D00000000000000000000000000014A57DEFF8
:1003E0008631000000000000000000000000000056
:1003F00000000000000000000000000000000000FD
:1004000000000000000000000000000000000000EC
:1004100000000000000000000000000000000000DC
:1004200000000000000000000000000000000000CC
:1004300000000000000000000000000000000000BC
:1004400000000000000000000000000000000000AC
:10045000000000000000000000000000000000009C
:10046000000000000000000000000000000000008C
:10047000000000000000000000000000000000007C
:10048000000000000000000000000000000000006C
:10049000000000000000000000000000E73900003C
:1004A000000000000000000000000000000000004C
:1004B000000000000000000000000000000000003C
:1004C000000000000000000000000000000000002C
:1004D000000000000000000000000000000000001C
:1004E000000000000000000000000000000000000C
:1004F00000000000000000000000000000000000FC
:1005000000000000000000000000000000000000EB
:1005100000000000000000000000000000000000DB
:1005200000000000000000000000000000000000CB
:1005300000000000000000000000000000000000BB
:1005400000000000000000000000000000000000AB
:10055000000000000000000000000000000000009B
:10056000000000000000000000000000000000008B
:10057000000000000000000000000000000000007B
:10058000000000000000000000000000000000006B
:10059000000000000000000000000000000000005B
:1005A000000000000000000000000000000000004B
:1005B000000000000000000000000000000000003B
:1005C000000000000000000000000000000000002B
:1005D000000000000000000000000000000000001B
:1005E000000000000000000000000000000000000B
:1005F00000000000000000000000000000000000FB
:1006000000000000000000000000000000000000EA
:1006100000000000000000000000000000000000DA
:1006200000000000000000000000000000000000CA
:1006300000000000000000000000000000000000BA
:1006400000000000000000000000000000000000AA
:10065000000000000000000000000000000000009A
:10066000000000000000000000000000000000008A
:10067000000000000000000000000000000000007A
:10068000000000000000000000000000000000006A
:10069000000000000000000000000000000000005A
:1006A000000000000000000000000000000000004A
:1006B000000000000000000000000000000000003A
:1006C000000000000000000000000000000000002A
:1006D000000000000000000000000000000000001A
:1006E000000000000000000000000000000000000A
:1006F00000000000000000000000000000000000FA
:1007000000000000000000000000000000000000E9
:1007100000000000000000000000000000000000D9
:1007200000000000000000000000000000000000C9
:1007300000000000000000000000000000000000B9
:1007400000000000000000000000000000000000A9
:100750000000000000000000000000000000000099
:100760000000000000000000000000000000000089
:100770000000000000000000000000000000000079
:100780000000000000000000000000000000000069
:100790000000000000000000000000000000000059
:1007A0000000000000000000000000000000000049
:1007B0000000000000000000000000000000000039
:1007C0000000000000000000000000000000000029
:1007D0000000000000000000000000000000000019
:1007E0000000000000000000000000000000000009
:1007F00000000000000000000000000000000000F9
:1008000000000000000000000000000000000000E8
:1008100000000000000000000000000000000000D8
:1008200000000000000000000000000000000000C8
:1008300000000000000000000000000000000000B8
:1008400000000000000000000000000000000000A8
:100850000000000000000000000000000000000098
:100860000000000000000000000000000000000088
:100870000000000000000000000000000000000078
:100880000000000000000000000000000000000068
:100890000000000000000000000000000000000058
:1008A0000000000000000000000000000000000048
:1008B0000000000000000000000000000000000038
:1008C0000000000000000000000000000000000028
:1008D0000000000000000000000000000000000018
:1008E0000000000000000000000000000000000008
:1008F00000000000000000000000000000000000F8
:1009000000000000000000000000000000000000E7
:1009100000000000000000000000000000000000D7
:1009200000000000000000000000000000000000C7
:1009300000000000000000000000000000000000B7
:1009400000000000000000000000000000000000A7
:100950000000000000000000000000000000000097
:100960000000000000000000000000000000000087
:100970000000000000000000000000000000000077
:100980000000000000000000000000000000000067
:100990000000000000000000000000000000000057
:1009A0000000000000000000000000000000000047
:1009B0000000000000000000000000000000000037
:1009C0000000000000000000000000000000000027
:1009D0000000000000000000000000000000000017
:1009E0000000000000000000000000000000000007
:1009F00000000000000000000000000000000000F7
:100A000000000000000000000000000000000000E6
:100A100000000000000000000000000000000000D6
:100A200000000000000000000000000000000000C6
:100A300000000000000000000000000000000000B6
:100A400000000000000000000000000000000000A6
:100A50000000000000000000000000000000000096
:100A60000000000000000000000000000000000086
:100A70000000000000000000000000000000000076
:100A80000000000000000000000000000000000066
:100A90000000000000000000000000000000000056
:100AA0000000000000000000000000000000000046
:100AB0000000000000000000000000000000000036
:100AC0000000000000000000000000000000000026
:100AD0000000000000000000000000000000000016
:100AE0000000000000000000000000000000000006
:100AF00000000000000000000000000000000000F6
:100B000000000000000000000000000000000000E5
:100B100000000000000000000000000000000000D5
:100B200000000000000000000000000000000000C5
:100B300000000000000000000000000000000000B5
:100B400000000000000000000000000000000000A5
:100B50000000000000000000000000000000000095
:100B60000000000000000000000000000000000085
:100B70000000000000000000000000000000000075
:100B80000000000000000000000000000000000065
:100B90000000000000000000000000000000000055
:100BA0000000000000000000000000000000000045
:100BB0000000000000000000000000000000000035
:100BC0000000000000000000000000000000000025
:100BD0000000000000000000000000000000000015
:100BE0000000000000000000000000000000000005
:100BF00000000000000000000000000000000000F5
:100C000000000000000000000000000000000000E4
:100C100000000000000000000000000000000000D4
:100C200000000000000000000000000000000000C4
:100C300000000000000000000000000000000000B4
:100C400000000000000000000000000000000000A4
:100C50000000000000000000000000000000000094
:100C60000000000000000000000000000000000084
:100C70000000000000000000000000000000000074
:100C80000000000000000000000000000000000064
:100C90000000000000000000000000000000000054
:100CA0000000000000000000000000000000000044
:100CB0000000000000000000000000000000000034
:100CC0000000000000000000000000000000000024
:100CD0000000000000000000000000000000000014
:100CE0000000000000000000000000000000000004
:100CF00000000000000000000000000000000000F4
:100D000000000000000000000000000000000000E3
:100D100000000000000000000000000000000000D3
:100D200000000000000000000000000000000000C3
:100D300000000000000000000000000000000000B3
:100D400000000000000000000000000000000000A3
:100D50000000000000000000000000000000000093
:100D60000000000000000000000000000000000083
:100D70000000000000000000000000000000000073
:100D80000000000000000000000000000000000063
:100D90000000000000000000000000000000000053
:100DA0000000000000000000000000000000000043
:100DB0000000000000000000000000000000000033
:100DC0000000000000000000000000000000000023
:100DD0000000000000000000000000000000000013
:100DE0000000000000000000000000000000000003
:100DF00000000000000000000000000000000000F3
:100E000000000000000000000000000000000000E2
:100E100000000000000000000000000000000000D2
:100E200000000000000000000000000000000000C2
:100E300000000000000000000000000000000000B2
:100E400000000000000000000000000000000000A2
:100E50000000000000000000000000000000000092
:100E60000000000000000000000000000000000082
:100E70000000000000000000000000000000000072
:100E80000000000000000000000000000000000062
:100E90000000000000000000000000000000000052
:100EA0000000000000000000000000000000000042
:100EB0000000000000000000000000000000000032
:100EC0000000000000000000000000000000000022
:100ED0000000000000000000000000000000000012
:100EE0000000000000000000000000000000000002
:100EF00000000000000000000000000000000000F2
:100F000000000000000000000000000000000000E1
:100F100000000000000000000000000000000000D1
:100F200000000000000000000000000000000000C1
:100F300000000000000000000000000000000000B1
:100F400000000000000000000000000000000000A1
:100F50000000000000000000000000000000000091
:100F60000000000000000000000000000000000081
:100F70000000000000000000000000000000000071
:100F80000000000000000000000000000000000061
:100F90000000000000000000000000000000000051
:100FA0000000000000000000000000000000000041
:100FB0000000000000000000000000000000000031
:100FC0000000000000000000000000000000000021
:100FD0000000000000000000000000000000000011
:100FE0000000000000000000000000000000000001
:100FF00000000000000000000000000000000000F1
:1010000000000000000000000000000000000000E0
:1010100000000000000000000000000000000000D0
:1010200000000000000000000000000000000000C0
:1010300000000000000000000000000000000000B0
:1010400000000000000000000000000000000000A0
:101050000000000000000000000000000000000090
:101060000000000000000000000000000000000080
:101070000000000000000000000000000000000070
:101080000000000000000000000000000000000060
:101090000000000000000000000000000000000050
:1010A0000000000000000000000000000000000040
:1010B0000000000000000000000000000000000030
:1010C0000000000000000000000000000000000020
:1010D0000000000000000000000000000000000010
:1010E0000000000000000000000000000000000000
:1010F00000000000000000000000000000000000F0
:1011000000000000000000000000000000000000DF
:1011100000000000000000000000000000000000CF
:1011200000000000000000000000000000000000BF
:1011300000000000000000000000000000000000AF
:10114000000000000000000000000000000000009F
:10115000000000000000000000000000000000008F
:10116000000000000000000000000000000000007F
:10117000000000000000000000000000000000006F
:10118000000000000000000000000000000000005F
:10119000000000000000000000000000000000004F
:1011A000000000000000000000000000000000003F
:1011B000000000000000000000000000000000002F
:1011C000000000000000000000000000000000001F
:1011D000000000000000000000000000000000000F
:1011E00000000000000000000000000000000000FF
:1011F00000000000000000000000000000000000EF
:1012000000000000000000000000000000000000DE
:1012100000000000000000000000000000000000CE
:1012200000000000000000000000000000000000BE
:1012300000000000000000000000000000000000AE
:10124000000000000000000000000000000000009E
:10125000000000000000000000000000000000008E
:10126000000000000000000000000000000000007E
:10127000000000000000000000000000000000006E
:10128000000000000000000000000000000000005E
:10129000000000000000000000000000000000004E
:1012A000000000000000000000000000000000003E
:1012B000000000000000000000000000000000002E
:1012C000000000000000000000000000000000001E
:1012D000000000000000000000000000000000000E
:1012E00000000000000000000000000000000000FE
:1012F00000000000000000000000000000000000EE
:1013000000000000000000000000000000000000DD
:1013100000000000000000000000000000000000CD
:1013200000000000000000000000000000000000BD
:1013300000000000000000000000000000000000AD
:10134000000000000000000000000000000000009D
:10135000000000000000000000000000000000008D
:10136000000000000000000000000000000000007D
:10137000000000000000000000000000000000006D
:10138000000000000000000000000000000000005D
:10139000000000000000000000000000000000004D
:1013A000000000000000000000000000000000003D
:1013B000000000000000000000000000000000002D
:1013C000000000000000000000000000000000001D
:1013D000000000000000000000000000000000000D
:1013E00000000000000000000000000000000000FD
:1013F00000000000000000000000000000000000ED
:1014000000000000000000000000000000000000DC
:1014100000000000000000000000000000000000CC
:1014200000000000000000000000000000000000BC
:1014300000000000000000000000000000000000AC
:10144000000000000000000000000000000000009C
:10145000000000000000000000000000000000008C
:10146000000000000000000000000000000000007C
:10147000000000000000000000000000000000006C
:10148000000000000000000000000000000000005C
:10149000000000000000000000000000000000004C
:1014A000000000000000000000000000000000003C
:1014B000000000000000000000000000000000002C
:1014C000000000000000000000000000000000001C
:1014D000000000000000000000000000000000000C
:1014E00000000000000000000000000000000000FC
:1014F00000000000000000000000000000000000EC
:1015000000000000000000000000000000000000DB
:1015100000000000000000000000000000000000CB
:1015200000000000000000000000000000000000BB
:1015300000000000000000000000000000000000AB
:10154000000000000000000000000000000000009B
:10155000000000000000000000000000000000008B
:10156000000000000000000000000000000000007B
:10157000000000000000000000000000000000006B
:10158000000000000000000000000000000000005B
:10159000000000000000000000000000000000004B
:1015A000000000000000000000000000000000003B
:1015B000000000000000000000000000000000002B
:1015C000000000000000000000000000000000001B
:1015D000000000000000000000000000000000000B
:1015E00000000000000000000000000000000000FB
:1015F00000000000000000000000000000000000EB
:1016000000000000000000000000000000000000DA
:10161000030000000302010200000000400000007F
:1016200000000000000000000000000000000000BA
:1016300000000000800000004000000000000000EA
:10164000000000000000000000000000000000009A
:101650000000000001000000020000000300000084
:101660001201000202000040E9288A010001010283
:101670000301090243000201008032090400000155
:1016800002020100052400100105240100010424C8
:10169000020205240600010705820308000A090466
:1016A0000100020A000000070503024000000705D0
:1016B0008102400000040309041603470069006723
:1016C0000061004400650076006900630065000069
:1016D000000000000000000000000000000000000A
:1016E00000000000000000000000000000000000FA
:1016F00000000000000000000000000000000000EA
:1017000000000000000000000000000000000000D9
:1017100000000000000000000000000000000000C9
:1017200000000000000000000000000000000000B9
:1017300000000000000000000000000000000000A9
:101740000000000000000000000000000000000099
:101750000000000000000000000000000000000089
:101760000000000000000000000000000000000079
:101770000000000000000000000000000000000069
:101780000000000000000000000000000000000059
:101790000000000000000000000000000000000049
:1017A0000000000000000000000000000000000039
:1017B00000000000000000000000001A0347004481
:1017C00000330032002D004300440043005F00411D
:1017D0000043004D00000000000000000000000079
:1017E00000000000000000000000000000000000F9
:1017F00000000000000000000000000000000000E9
:1018000000000000000000000000000000000000D8
:1018100000000000000000000000000000000000C8
:1018200000000000000000000000000000000000B8
:1018300000000000000000000000000000000000A8
:101840000000000000000000000000000000000098
:101850000000000000000000000000000000000088
:101860000000000000000000000000000000000078
:101870000000000000000000000000000000000068
:101880000000000000000000000000000000000058
:101890000000000000000000000000000000000048
:1018A0000000000000000000000000000000000038
:1018B0000000000000000000000000000000000028
:1018C000B5160108B9160108BB1701086C00002005
:1018D00000C2010000000800F81801080000002004
:1018E000F40100005402000888190108F4010020E6
:1018F000BC710100A00D00088102100104171C4EEC
:101900000E100A0102030405060708091D07060553
:10191000040E13020110090304060705B80B142274
:1019200064C21012053A40024103FF1A03311E60DF
:1019300016010872044136C0180108FF131118146B
:1019400008A5171B089708811A53101AC7049A751F
:10195000144113FD0F1408F90D1408C1104C08DFD1
:1019600011081AC70413AD0E1B08D9101A6D082AE6
:10197000251819281347121B088B041AE5301AC3BF
:08198000041A910C4100000063
:04000005080001AD41
:00000001FF
